customerEmail,productName,quantity,price,createdAt
Darlene92@yahoo.com,Pre-Workout Formula,2,2499,2025-03-02
Darlene92@yahoo.com,Shaker Bottle,2,399,2025-12-29
Darlene92@yahoo.com,Omega-3 Fish Oil,2,999,2025-02-12
Allen.Heaney@yahoo.com,Creatine Monohydrate,2,1499,2026-07-20
Allen.Heaney@yahoo.com,Creatine Monohydrate,1,1499,2026-06-06
Allen.Heaney@yahoo.com,Creatine Monohydrate,2,1499,2026-04-26
Allen.Heaney@yahoo.com,Creatine Monohydrate,1,1499,2026-03-13
Allen.Heaney@yahoo.com,Creatine Monohydrate,1,1499,2026-01-22
Danika_Larson6@hotmail.com,Omega-3 Fish Oil,2,999,2026-07-25
Danika_Larson6@hotmail.com,Omega-3 Fish Oil,2,999,2026-05-23
Danika_Larson6@hotmail.com,Omega-3 Fish Oil,2,999,2026-03-22
Danika_Larson6@hotmail.com,Omega-3 Fish Oil,1,999,2026-01-26
Danika_Larson6@hotmail.com,Resistance Bands Set,2,799,2025-06-26
Danika_Larson6@hotmail.com,Resistance Bands Set,2,799,2025-07-30
Danika_Larson6@hotmail.com,Yoga Mat Premium,1,1499,2026-05-04
Danika_Larson6@hotmail.com,Yoga Mat Premium,3,1499,2025-09-20
Danika_Larson6@hotmail.com,Creatine Monohydrate,3,1499,2025-12-20
Danika_Larson6@hotmail.com,Yoga Mat Premium,1,1499,2025-07-23
Danika_Larson6@hotmail.com,Whey Protein Powder,1,2999,2026-07-18
Danika_Larson6@hotmail.com,Resistance Bands Set,3,799,2025-02-16
Danika_Larson6@hotmail.com,Resistance Bands Set,1,799,2026-08-09
Danika_Larson6@hotmail.com,Pre-Workout Formula,2,2499,2026-05-06
Danika_Larson6@hotmail.com,Shaker Bottle,1,399,2026-04-18
Danika_Larson6@hotmail.com,Pre-Workout Formula,2,2499,2025-03-20
Nels_Barrows69@hotmail.com,Resistance Bands Set,3,799,2026-07-14
Nels_Barrows69@hotmail.com,Yoga Mat Premium,1,1499,2026-03-29
Nels_Barrows69@hotmail.com,Pre-Workout Formula,3,2499,2026-07-02
Nels_Barrows69@hotmail.com,Omega-3 Fish Oil,2,999,2026-05-11
Nels_Barrows69@hotmail.com,Shaker Bottle,1,399,2026-05-02
Whitney.Greenholt@yahoo.com,Yoga Mat Premium,1,1499,2026-01-21
Whitney.Greenholt@yahoo.com,Omega-3 Fish Oil,2,999,2026-03-08
Whitney.Greenholt@yahoo.com,Pre-Workout Formula,1,2499,2026-01-18
Whitney.Greenholt@yahoo.com,Resistance Bands Set,3,799,2025-10-01
Whitney.Greenholt@yahoo.com,Yoga Mat Premium,2,1499,2025-09-12
Nathen.Stokes@hotmail.com,Whey Protein Powder,2,2999,2026-07-29
Nathen.Stokes@hotmail.com,Whey Protein Powder,1,2999,2026-07-01
Nathen.Stokes@hotmail.com,Whey Protein Powder,2,2999,2026-05-28
Nathen.Stokes@hotmail.com,Whey Protein Powder,1,2999,2026-05-03
Nathen.Stokes@hotmail.com,Whey Protein Powder,1,2999,2026-03-31
Nathen.Stokes@hotmail.com,Whey Protein Powder,1,2999,2026-02-27
Nathen.Stokes@hotmail.com,Creatine Monohydrate,3,1499,2025-12-17
Kathleen52@gmail.com,Omega-3 Fish Oil,3,999,2026-03-27
Kathleen52@gmail.com,Whey Protein Powder,1,2999,2026-07-07
Kathleen52@gmail.com,Pre-Workout Formula,2,2499,2025-04-22
Kathleen52@gmail.com,Resistance Bands Set,2,799,2026-02-24
Kathleen52@gmail.com,Yoga Mat Premium,3,1499,2025-06-26
Kathleen52@gmail.com,Creatine Monohydrate,1,1499,2026-07-11
Kathleen52@gmail.com,Creatine Monohydrate,2,1499,2025-11-09
Kathleen52@gmail.com,Shaker Bottle,2,399,2025-05-21
Kathleen52@gmail.com,Pre-Workout Formula,3,2499,2026-08-08
Kathleen52@gmail.com,Whey Protein Powder,1,2999,2025-05-01
Kathleen52@gmail.com,Yoga Mat Premium,3,1499,2025-12-29
Kathleen52@gmail.com,Creatine Monohydrate,3,1499,2026-04-15
Kathleen52@gmail.com,Shaker Bottle,2,399,2026-04-27
Kathleen52@gmail.com,Resistance Bands Set,2,799,2025-10-13
Kathleen52@gmail.com,Yoga Mat Premium,3,1499,2025-11-11
Kathleen52@gmail.com,Pre-Workout Formula,1,2499,2025-05-23
Kennedy_Kihn35@yahoo.com,Resistance Bands Set,2,799,2025-10-18
Kennedy_Kihn35@yahoo.com,Yoga Mat Premium,2,1499,2025-02-18
Kennedy_Kihn35@yahoo.com,Creatine Monohydrate,3,1499,2025-01-17
Kennedy_Kihn35@yahoo.com,Yoga Mat Premium,1,1499,2024-11-15
Kennedy_Kihn35@yahoo.com,Pre-Workout Formula,3,2499,2025-07-25
Kennedy_Kihn35@yahoo.com,Whey Protein Powder,3,2999,2025-03-23
Kennedy_Kihn35@yahoo.com,Yoga Mat Premium,1,1499,2025-09-26
Kennedy_Kihn35@yahoo.com,Whey Protein Powder,2,2999,2025-09-15
Kennedy_Kihn35@yahoo.com,Omega-3 Fish Oil,1,999,2025-01-14
Kennedy_Kihn35@yahoo.com,Whey Protein Powder,1,2999,2025-12-15
Kennedy_Kihn35@yahoo.com,Pre-Workout Formula,1,2499,2025-05-11
Kennedy_Kihn35@yahoo.com,Whey Protein Powder,3,2999,2025-02-16
Kennedy_Kihn35@yahoo.com,Pre-Workout Formula,2,2499,2025-08-14
Kennedy_Kihn35@yahoo.com,Whey Protein Powder,3,2999,2025-11-18
Kennedy_Kihn35@yahoo.com,Pre-Workout Formula,3,2499,2026-04-11
Kennedy_Kihn35@yahoo.com,Resistance Bands Set,1,799,2026-05-07
Kennedy_Kihn35@yahoo.com,Pre-Workout Formula,2,2499,2026-06-08
Kennedy_Kihn35@yahoo.com,Shaker Bottle,3,399,2025-11-14
Fern_Treutel@hotmail.com,Whey Protein Powder,2,2999,2026-05-21
Fern_Treutel@hotmail.com,Resistance Bands Set,3,799,2026-06-06
Fern_Treutel@hotmail.com,Shaker Bottle,1,399,2026-06-29
Fern_Treutel@hotmail.com,Omega-3 Fish Oil,2,999,2026-05-03
Fern_Treutel@hotmail.com,Creatine Monohydrate,2,1499,2026-03-08
Fern_Treutel@hotmail.com,Yoga Mat Premium,3,1499,2026-04-11
Fern_Treutel@hotmail.com,Creatine Monohydrate,1,1499,2026-06-07
Fern_Treutel@hotmail.com,Resistance Bands Set,3,799,2026-04-20
Fern_Treutel@hotmail.com,Yoga Mat Premium,1,1499,2026-07-10
Grayce.Dare29@yahoo.com,Resistance Bands Set,3,799,2025-07-03
Grayce.Dare29@yahoo.com,Shaker Bottle,1,399,2025-10-19
Grayce.Dare29@yahoo.com,Yoga Mat Premium,3,1499,2026-07-03
Grayce.Dare29@yahoo.com,Whey Protein Powder,2,2999,2026-06-04
Grayce.Dare29@yahoo.com,Creatine Monohydrate,1,1499,2026-06-30
Grayce.Dare29@yahoo.com,Whey Protein Powder,3,2999,2025-07-07
Grayce.Dare29@yahoo.com,Yoga Mat Premium,2,1499,2025-12-09
Grayce.Dare29@yahoo.com,Resistance Bands Set,1,799,2025-09-19
Grayce.Dare29@yahoo.com,Yoga Mat Premium,2,1499,2025-11-13
Grayce.Dare29@yahoo.com,Whey Protein Powder,1,2999,2025-08-21
Grayce.Dare29@yahoo.com,Shaker Bottle,1,399,2025-12-03
Grayce.Dare29@yahoo.com,Creatine Monohydrate,2,1499,2026-02-13
Grayce.Dare29@yahoo.com,Yoga Mat Premium,3,1499,2025-06-19
Grayce.Dare29@yahoo.com,Resistance Bands Set,3,799,2025-07-25
Grayce.Dare29@yahoo.com,Pre-Workout Formula,1,2499,2025-04-30
Grayce.Dare29@yahoo.com,Whey Protein Powder,2,2999,2025-05-16
Grayce.Dare29@yahoo.com,Omega-3 Fish Oil,3,999,2025-11-25
Grayce.Dare29@yahoo.com,Creatine Monohydrate,3,1499,2026-04-06
Grayce.Dare29@yahoo.com,Omega-3 Fish Oil,2,999,2026-03-17
Grayce.Dare29@yahoo.com,Creatine Monohydrate,2,1499,2025-10-11
Toby_Ortiz@hotmail.com,Whey Protein Powder,3,2999,2026-06-27
Toby_Ortiz@hotmail.com,Creatine Monohydrate,2,1499,2026-04-06
Toby_Ortiz@hotmail.com,Yoga Mat Premium,2,1499,2026-07-26
Toby_Ortiz@hotmail.com,Creatine Monohydrate,1,1499,2026-07-08
Trinity_Wolff@yahoo.com,Resistance Bands Set,2,799,2026-07-12
Trinity_Wolff@yahoo.com,Creatine Monohydrate,2,1499,2026-07-27
Trinity_Wolff@yahoo.com,Shaker Bottle,2,399,2026-07-20
Trinity_Wolff@yahoo.com,Omega-3 Fish Oil,2,999,2026-08-07
Trinity_Wolff@yahoo.com,Pre-Workout Formula,3,2499,2026-07-18
Trinity_Wolff@yahoo.com,Whey Protein Powder,3,2999,2026-07-25
Trinity_Wolff@yahoo.com,Resistance Bands Set,3,799,2026-07-31
Trinity_Wolff@yahoo.com,Pre-Workout Formula,1,2499,2026-07-29
Trinity_Wolff@yahoo.com,Omega-3 Fish Oil,2,999,2026-08-17
Trinity_Wolff@yahoo.com,Creatine Monohydrate,1,1499,2026-08-14
Trinity_Wolff@yahoo.com,Shaker Bottle,1,399,2026-08-10
Trinity_Wolff@yahoo.com,Creatine Monohydrate,3,1499,2026-08-18
Trinity_Wolff@yahoo.com,Omega-3 Fish Oil,2,999,2026-07-21
Trinity_Wolff@yahoo.com,Whey Protein Powder,2,2999,2026-08-03
Trinity_Wolff@yahoo.com,Resistance Bands Set,3,799,2026-07-29
Trinity_Wolff@yahoo.com,Pre-Workout Formula,2,2499,2026-08-16
Trinity_Wolff@yahoo.com,Creatine Monohydrate,2,1499,2026-07-12
Trinity_Wolff@yahoo.com,Resistance Bands Set,1,799,2026-08-01
Trinity_Wolff@yahoo.com,Creatine Monohydrate,1,1499,2026-08-11
Trinity_Wolff@yahoo.com,Creatine Monohydrate,3,1499,2026-07-19
Trinity_Wolff@yahoo.com,Yoga Mat Premium,2,1499,2026-08-11
Trinity_Wolff@yahoo.com,Shaker Bottle,3,399,2026-08-18
Trinity_Wolff@yahoo.com,Yoga Mat Premium,3,1499,2026-08-12
Trinity_Wolff@yahoo.com,Creatine Monohydrate,2,1499,2026-08-01
Trinity_Wolff@yahoo.com,Shaker Bottle,1,399,2026-08-05
Trinity_Wolff@yahoo.com,Pre-Workout Formula,1,2499,2026-08-01
Trinity_Wolff@yahoo.com,Creatine Monohydrate,3,1499,2026-07-14
Trinity_Wolff@yahoo.com,Resistance Bands Set,1,799,2026-07-26
Trinity_Wolff@yahoo.com,Yoga Mat Premium,2,1499,2026-08-09
Trinity_Wolff@yahoo.com,Creatine Monohydrate,2,1499,2026-07-28
Trinity_Wolff@yahoo.com,Yoga Mat Premium,2,1499,2026-07-28
Schuyler_Brakus36@gmail.com,Creatine Monohydrate,1,1499,2026-01-31
Schuyler_Brakus36@gmail.com,Pre-Workout Formula,1,2499,2026-06-10
Schuyler_Brakus36@gmail.com,Shaker Bottle,3,399,2025-09-26
Schuyler_Brakus36@gmail.com,Resistance Bands Set,1,799,2025-09-12
Schuyler_Brakus36@gmail.com,Yoga Mat Premium,3,1499,2025-10-15
Schuyler_Brakus36@gmail.com,Pre-Workout Formula,3,2499,2025-06-21
Schuyler_Brakus36@gmail.com,Creatine Monohydrate,3,1499,2026-01-16
Schuyler_Brakus36@gmail.com,Resistance Bands Set,3,799,2025-06-13
Schuyler_Brakus36@gmail.com,Omega-3 Fish Oil,1,999,2025-09-30
Schuyler_Brakus36@gmail.com,Yoga Mat Premium,3,1499,2026-08-13
Schuyler_Brakus36@gmail.com,Resistance Bands Set,3,799,2025-11-01
Schuyler_Brakus36@gmail.com,Yoga Mat Premium,3,1499,2026-05-21
Schuyler_Brakus36@gmail.com,Whey Protein Powder,2,2999,2025-11-22
Schuyler_Brakus36@gmail.com,Creatine Monohydrate,1,1499,2025-09-01
Schuyler_Brakus36@gmail.com,Omega-3 Fish Oil,3,999,2025-07-27
Schuyler_Brakus36@gmail.com,Shaker Bottle,2,399,2025-11-11
Schuyler_Brakus36@gmail.com,Yoga Mat Premium,2,1499,2025-12-11
Schuyler_Brakus36@gmail.com,Resistance Bands Set,2,799,2025-12-12
Schuyler_Brakus36@gmail.com,Omega-3 Fish Oil,2,999,2026-02-11
Schuyler_Brakus36@gmail.com,Creatine Monohydrate,2,1499,2026-07-03
Schuyler_Brakus36@gmail.com,Whey Protein Powder,1,2999,2025-08-14
Schuyler_Brakus36@gmail.com,Creatine Monohydrate,3,1499,2026-06-13
Schuyler_Brakus36@gmail.com,Pre-Workout Formula,2,2499,2026-01-29
Schuyler_Brakus36@gmail.com,Yoga Mat Premium,1,1499,2026-06-07
Schuyler_Brakus36@gmail.com,Whey Protein Powder,3,2999,2026-05-16
Schuyler_Brakus36@gmail.com,Creatine Monohydrate,2,1499,2026-06-14
Schuyler_Brakus36@gmail.com,Resistance Bands Set,1,799,2026-07-28
Schuyler_Brakus36@gmail.com,Creatine Monohydrate,1,1499,2026-02-27
Schuyler_Brakus36@gmail.com,Shaker Bottle,1,399,2025-10-09
Schuyler_Brakus36@gmail.com,Resistance Bands Set,2,799,2026-06-14
Schuyler_Brakus36@gmail.com,Whey Protein Powder,3,2999,2026-06-02
Schuyler_Brakus36@gmail.com,Creatine Monohydrate,1,1499,2025-08-07
Schuyler_Brakus36@gmail.com,Omega-3 Fish Oil,3,999,2026-04-29
Schuyler_Brakus36@gmail.com,Yoga Mat Premium,2,1499,2025-11-29
Schuyler_Brakus36@gmail.com,Whey Protein Powder,3,2999,2026-02-01
Schuyler_Brakus36@gmail.com,Pre-Workout Formula,3,2499,2025-07-31
Schuyler_Brakus36@gmail.com,Whey Protein Powder,2,2999,2025-05-28
Schuyler_Brakus36@gmail.com,Pre-Workout Formula,1,2499,2025-05-30
Schuyler_Brakus36@gmail.com,Omega-3 Fish Oil,3,999,2026-03-16
Schuyler_Brakus36@gmail.com,Creatine Monohydrate,3,1499,2026-08-26
Schuyler_Brakus36@gmail.com,Resistance Bands Set,3,799,2025-10-11
Schuyler_Brakus36@gmail.com,Shaker Bottle,3,399,2025-06-29
Schuyler_Brakus36@gmail.com,Pre-Workout Formula,1,2499,2025-07-10
Schuyler_Brakus36@gmail.com,Yoga Mat Premium,3,1499,2026-07-04
Schuyler_Brakus36@gmail.com,Omega-3 Fish Oil,3,999,2026-04-01
Schuyler_Brakus36@gmail.com,Creatine Monohydrate,2,1499,2026-03-30
Schuyler_Brakus36@gmail.com,Omega-3 Fish Oil,2,999,2026-02-15
Schuyler_Brakus36@gmail.com,Whey Protein Powder,2,2999,2026-04-24
Schuyler_Brakus36@gmail.com,Yoga Mat Premium,1,1499,2026-04-01
Schuyler_Brakus36@gmail.com,Omega-3 Fish Oil,3,999,2025-07-14
Schuyler_Brakus36@gmail.com,Pre-Workout Formula,1,2499,2025-06-04
Schuyler_Brakus36@gmail.com,Yoga Mat Premium,3,1499,2026-05-17
Garnett66@gmail.com,Omega-3 Fish Oil,2,999,2026-08-01
Garnett66@gmail.com,Pre-Workout Formula,3,2499,2026-07-10
Garnett66@gmail.com,Shaker Bottle,3,399,2026-07-08
Garnett66@gmail.com,Shaker Bottle,2,399,2026-07-11
Garnett66@gmail.com,Pre-Workout Formula,2,2499,2026-08-04
Garnett66@gmail.com,Resistance Bands Set,2,799,2026-07-09
Garnett66@gmail.com,Creatine Monohydrate,1,1499,2026-08-06
Garnett66@gmail.com,Pre-Workout Formula,1,2499,2026-08-04
Garnett66@gmail.com,Yoga Mat Premium,3,1499,2026-07-28
Garnett66@gmail.com,Creatine Monohydrate,1,1499,2026-07-23
Garnett66@gmail.com,Shaker Bottle,3,399,2026-07-22
Garnett66@gmail.com,Resistance Bands Set,1,799,2026-07-07
Garnett66@gmail.com,Whey Protein Powder,1,2999,2026-07-05
Garnett66@gmail.com,Pre-Workout Formula,3,2499,2026-07-22
Garnett66@gmail.com,Creatine Monohydrate,2,1499,2026-07-16
Garnett66@gmail.com,Omega-3 Fish Oil,3,999,2026-07-23
Garnett66@gmail.com,Whey Protein Powder,3,2999,2026-08-07
Garnett66@gmail.com,Whey Protein Powder,3,2999,2026-07-09
Garnett66@gmail.com,Yoga Mat Premium,3,1499,2026-07-20
Garnett66@gmail.com,Yoga Mat Premium,1,1499,2026-07-09
Garnett66@gmail.com,Resistance Bands Set,1,799,2026-07-17
Garnett66@gmail.com,Creatine Monohydrate,3,1499,2026-07-30
Garnett66@gmail.com,Yoga Mat Premium,3,1499,2026-07-09
Garnett66@gmail.com,Resistance Bands Set,2,799,2026-07-26
Garnett66@gmail.com,Pre-Workout Formula,1,2499,2026-07-30
Garnett66@gmail.com,Shaker Bottle,3,399,2026-07-23
Garnett66@gmail.com,Omega-3 Fish Oil,3,999,2026-07-24
Garnett66@gmail.com,Shaker Bottle,1,399,2026-07-25
Garnett66@gmail.com,Yoga Mat Premium,1,1499,2026-08-04
Garnett66@gmail.com,Whey Protein Powder,2,2999,2026-07-07
Garnett66@gmail.com,Yoga Mat Premium,1,1499,2026-07-14
Garnett66@gmail.com,Resistance Bands Set,2,799,2026-07-15
Garnett66@gmail.com,Shaker Bottle,3,399,2026-07-15
Garnett66@gmail.com,Resistance Bands Set,2,799,2026-07-06
Rufus.Graham@gmail.com,Creatine Monohydrate,1,1499,2025-07-06
Rufus.Graham@gmail.com,Whey Protein Powder,1,2999,2025-07-05
Rufus.Graham@gmail.com,Creatine Monohydrate,2,1499,2025-10-29
Rufus.Graham@gmail.com,Yoga Mat Premium,3,1499,2025-02-08
Rufus.Graham@gmail.com,Resistance Bands Set,1,799,2026-02-04
Rufus.Graham@gmail.com,Omega-3 Fish Oil,3,999,2025-05-15
Rufus.Graham@gmail.com,Creatine Monohydrate,2,1499,2024-11-01
Rufus.Graham@gmail.com,Creatine Monohydrate,3,1499,2026-03-30
Rufus.Graham@gmail.com,Yoga Mat Premium,3,1499,2025-08-31
Rufus.Graham@gmail.com,Shaker Bottle,3,399,2025-02-24
Rufus.Graham@gmail.com,Creatine Monohydrate,3,1499,2025-03-30
Rufus.Graham@gmail.com,Resistance Bands Set,1,799,2026-01-16
Rufus.Graham@gmail.com,Pre-Workout Formula,1,2499,2025-06-09
Rufus.Graham@gmail.com,Creatine Monohydrate,2,1499,2025-02-11
Rufus.Graham@gmail.com,Yoga Mat Premium,3,1499,2026-04-18
Rufus.Graham@gmail.com,Omega-3 Fish Oil,1,999,2025-05-10
Rufus.Graham@gmail.com,Whey Protein Powder,3,2999,2024-09-26
Rufus.Graham@gmail.com,Whey Protein Powder,3,2999,2024-10-31
Rufus.Graham@gmail.com,Omega-3 Fish Oil,2,999,2025-08-09
Rufus.Graham@gmail.com,Shaker Bottle,2,399,2025-10-23
Rufus.Graham@gmail.com,Pre-Workout Formula,3,2499,2024-09-28
Rufus.Graham@gmail.com,Shaker Bottle,1,399,2025-12-07
Rufus.Graham@gmail.com,Yoga Mat Premium,3,1499,2026-05-12
Rufus.Graham@gmail.com,Omega-3 Fish Oil,2,999,2025-11-22
Rufus.Graham@gmail.com,Resistance Bands Set,1,799,2026-01-06
Rufus.Graham@gmail.com,Creatine Monohydrate,3,1499,2024-09-19
Rufus.Graham@gmail.com,Resistance Bands Set,3,799,2025-09-22
Rufus.Graham@gmail.com,Omega-3 Fish Oil,3,999,2024-11-08
Rufus.Graham@gmail.com,Pre-Workout Formula,3,2499,2025-01-30
Rufus.Graham@gmail.com,Pre-Workout Formula,2,2499,2025-06-19
Rufus.Graham@gmail.com,Yoga Mat Premium,2,1499,2025-12-09
Rufus.Graham@gmail.com,Creatine Monohydrate,3,1499,2026-02-23
Joaquin42@gmail.com,Creatine Monohydrate,3,1499,2025-03-25
Joaquin42@gmail.com,Shaker Bottle,3,399,2026-02-05
Joaquin42@gmail.com,Creatine Monohydrate,2,1499,2025-08-01
Joaquin42@gmail.com,Pre-Workout Formula,2,2499,2025-03-09
Joaquin42@gmail.com,Shaker Bottle,2,399,2025-03-05
Joaquin42@gmail.com,Whey Protein Powder,3,2999,2026-03-22
Joaquin42@gmail.com,Yoga Mat Premium,3,1499,2025-07-10
Joaquin42@gmail.com,Shaker Bottle,2,399,2025-09-26
Joaquin42@gmail.com,Pre-Workout Formula,3,2499,2025-11-26
Joaquin42@gmail.com,Pre-Workout Formula,3,2499,2024-12-25
Joaquin42@gmail.com,Resistance Bands Set,3,799,2025-08-02
Joaquin42@gmail.com,Resistance Bands Set,1,799,2026-07-14
Joaquin42@gmail.com,Shaker Bottle,3,399,2025-09-20
Joaquin42@gmail.com,Omega-3 Fish Oil,2,999,2024-12-18
Joaquin42@gmail.com,Whey Protein Powder,3,2999,2026-03-17
Joaquin42@gmail.com,Whey Protein Powder,2,2999,2026-06-18
Joaquin42@gmail.com,Pre-Workout Formula,3,2499,2025-12-29
Joaquin42@gmail.com,Yoga Mat Premium,2,1499,2024-12-24
Joaquin42@gmail.com,Whey Protein Powder,3,2999,2024-12-06
Joaquin42@gmail.com,Resistance Bands Set,3,799,2025-04-13
Joaquin42@gmail.com,Pre-Workout Formula,3,2499,2026-06-01
Joaquin42@gmail.com,Creatine Monohydrate,2,1499,2026-03-19
Joaquin42@gmail.com,Yoga Mat Premium,1,1499,2025-07-08
Joaquin42@gmail.com,Resistance Bands Set,2,799,2025-08-23
Joaquin42@gmail.com,Shaker Bottle,3,399,2025-04-01
Joaquin42@gmail.com,Yoga Mat Premium,1,1499,2025-11-22
Joaquin42@gmail.com,Omega-3 Fish Oil,3,999,2025-11-12
Joaquin42@gmail.com,Whey Protein Powder,2,2999,2025-07-02
Joaquin42@gmail.com,Whey Protein Powder,3,2999,2025-11-09
Joaquin42@gmail.com,Omega-3 Fish Oil,1,999,2025-08-04
Joaquin42@gmail.com,Resistance Bands Set,3,799,2024-11-08
Joaquin42@gmail.com,Shaker Bottle,1,399,2025-04-22
Joaquin42@gmail.com,Whey Protein Powder,2,2999,2024-12-19
Joaquin42@gmail.com,Resistance Bands Set,3,799,2026-07-02
Joaquin42@gmail.com,Resistance Bands Set,3,799,2026-07-01
Joaquin42@gmail.com,Pre-Workout Formula,2,2499,2025-11-05
Augustus.Gleichner26@yahoo.com,Yoga Mat Premium,1,1499,2026-04-06
Augustus.Gleichner26@yahoo.com,Whey Protein Powder,3,2999,2026-04-22
Augustus.Gleichner26@yahoo.com,Resistance Bands Set,1,799,2026-08-09
Augustus.Gleichner26@yahoo.com,Creatine Monohydrate,3,1499,2025-11-30
Augustus.Gleichner26@yahoo.com,Whey Protein Powder,1,2999,2026-02-15
Augustus.Gleichner26@yahoo.com,Shaker Bottle,2,399,2026-06-17
Augustus.Gleichner26@yahoo.com,Whey Protein Powder,3,2999,2026-08-22
Augustus.Gleichner26@yahoo.com,Pre-Workout Formula,2,2499,2026-01-07
Augustus.Gleichner26@yahoo.com,Creatine Monohydrate,1,1499,2026-08-10
Augustus.Gleichner26@yahoo.com,Yoga Mat Premium,3,1499,2026-01-07
Augustus.Gleichner26@yahoo.com,Creatine Monohydrate,1,1499,2026-01-22
Augustus.Gleichner26@yahoo.com,Pre-Workout Formula,1,2499,2025-12-11
Augustus.Gleichner26@yahoo.com,Creatine Monohydrate,3,1499,2026-06-16
Augustus.Gleichner26@yahoo.com,Yoga Mat Premium,1,1499,2025-12-02
Augustus.Gleichner26@yahoo.com,Whey Protein Powder,1,2999,2026-05-06
Augustus.Gleichner26@yahoo.com,Shaker Bottle,2,399,2026-06-24
Augustus.Gleichner26@yahoo.com,Pre-Workout Formula,1,2499,2026-04-22
Augustus.Gleichner26@yahoo.com,Creatine Monohydrate,2,1499,2025-10-09
Augustus.Gleichner26@yahoo.com,Shaker Bottle,1,399,2026-07-15
Augustus.Gleichner26@yahoo.com,Whey Protein Powder,1,2999,2026-01-31
Augustus.Gleichner26@yahoo.com,Pre-Workout Formula,3,2499,2025-10-12
Augustus.Gleichner26@yahoo.com,Creatine Monohydrate,3,1499,2026-01-21
Augustus.Gleichner26@yahoo.com,Creatine Monohydrate,1,1499,2026-01-24
Augustus.Gleichner26@yahoo.com,Omega-3 Fish Oil,3,999,2025-11-24
Augustus.Gleichner26@yahoo.com,Yoga Mat Premium,1,1499,2025-11-05
Augustus.Gleichner26@yahoo.com,Resistance Bands Set,1,799,2026-04-04
Augustus.Gleichner26@yahoo.com,Pre-Workout Formula,2,2499,2026-04-21
Augustus.Gleichner26@yahoo.com,Omega-3 Fish Oil,3,999,2026-07-16
Augustus.Gleichner26@yahoo.com,Resistance Bands Set,1,799,2026-07-02
Augustus.Gleichner26@yahoo.com,Resistance Bands Set,3,799,2026-06-14
Augustus.Gleichner26@yahoo.com,Whey Protein Powder,2,2999,2026-06-01
Augustus.Gleichner26@yahoo.com,Pre-Workout Formula,1,2499,2025-10-27
Augustus.Gleichner26@yahoo.com,Resistance Bands Set,2,799,2026-05-28
Augustus.Gleichner26@yahoo.com,Omega-3 Fish Oil,1,999,2026-02-11
Augustus.Gleichner26@yahoo.com,Whey Protein Powder,1,2999,2026-06-10
Augustus.Gleichner26@yahoo.com,Shaker Bottle,1,399,2025-11-19
Augustus.Gleichner26@yahoo.com,Omega-3 Fish Oil,2,999,2026-04-25
Augustus.Gleichner26@yahoo.com,Whey Protein Powder,3,2999,2026-03-07
Augustus.Gleichner26@yahoo.com,Shaker Bottle,2,399,2026-07-26
Piper_Ziemann94@hotmail.com,Omega-3 Fish Oil,2,999,2026-04-28
Piper_Ziemann94@hotmail.com,Yoga Mat Premium,1,1499,2026-07-17
Piper_Ziemann94@hotmail.com,Omega-3 Fish Oil,2,999,2025-09-08
Piper_Ziemann94@hotmail.com,Resistance Bands Set,1,799,2025-09-12
Piper_Ziemann94@hotmail.com,Pre-Workout Formula,3,2499,2026-07-16
Piper_Ziemann94@hotmail.com,Yoga Mat Premium,1,1499,2025-10-21
Piper_Ziemann94@hotmail.com,Whey Protein Powder,3,2999,2025-06-02
Piper_Ziemann94@hotmail.com,Whey Protein Powder,1,2999,2025-05-21
Piper_Ziemann94@hotmail.com,Omega-3 Fish Oil,2,999,2026-06-26
Piper_Ziemann94@hotmail.com,Creatine Monohydrate,1,1499,2025-07-24
Piper_Ziemann94@hotmail.com,Yoga Mat Premium,3,1499,2026-05-13
Piper_Ziemann94@hotmail.com,Yoga Mat Premium,3,1499,2025-11-12
Piper_Ziemann94@hotmail.com,Resistance Bands Set,1,799,2025-06-17
Piper_Ziemann94@hotmail.com,Creatine Monohydrate,3,1499,2026-02-11
Piper_Ziemann94@hotmail.com,Creatine Monohydrate,1,1499,2026-03-18
Piper_Ziemann94@hotmail.com,Shaker Bottle,2,399,2026-05-29
Piper_Ziemann94@hotmail.com,Omega-3 Fish Oil,2,999,2025-06-09
Piper_Ziemann94@hotmail.com,Pre-Workout Formula,3,2499,2025-08-07
Piper_Ziemann94@hotmail.com,Shaker Bottle,2,399,2025-07-28
Piper_Ziemann94@hotmail.com,Pre-Workout Formula,3,2499,2026-02-11
Piper_Ziemann94@hotmail.com,Resistance Bands Set,2,799,2025-07-19
Piper_Ziemann94@hotmail.com,Omega-3 Fish Oil,2,999,2026-06-20
Brendan30@gmail.com,Resistance Bands Set,1,799,2026-05-04
Brendan30@gmail.com,Yoga Mat Premium,2,1499,2026-01-05
Brendan30@gmail.com,Whey Protein Powder,3,2999,2025-08-04
Brendan30@gmail.com,Resistance Bands Set,1,799,2025-04-15
Brendan30@gmail.com,Resistance Bands Set,2,799,2025-07-19
Brendan30@gmail.com,Shaker Bottle,3,399,2024-08-26
Brendan30@gmail.com,Yoga Mat Premium,1,1499,2024-11-23
Brendan30@gmail.com,Whey Protein Powder,1,2999,2026-08-02
Brendan30@gmail.com,Creatine Monohydrate,1,1499,2026-03-07
Brendan30@gmail.com,Yoga Mat Premium,1,1499,2025-11-07
Brendan30@gmail.com,Shaker Bottle,3,399,2025-04-02
Brendan30@gmail.com,Yoga Mat Premium,3,1499,2025-02-27
Brendan30@gmail.com,Resistance Bands Set,3,799,2024-10-10
Brendan30@gmail.com,Pre-Workout Formula,1,2499,2024-10-13
Brendan30@gmail.com,Whey Protein Powder,3,2999,2026-07-22
Brendan30@gmail.com,Whey Protein Powder,1,2999,2024-09-09
Brendan30@gmail.com,Resistance Bands Set,3,799,2026-06-15
Brendan30@gmail.com,Yoga Mat Premium,2,1499,2024-09-22
Brendan30@gmail.com,Shaker Bottle,2,399,2025-01-23
Brendan30@gmail.com,Resistance Bands Set,1,799,2024-09-03
Brendan30@gmail.com,Pre-Workout Formula,2,2499,2024-11-19
Brendan30@gmail.com,Resistance Bands Set,2,799,2025-09-11
Brendan30@gmail.com,Resistance Bands Set,2,799,2025-12-09
Brendan30@gmail.com,Shaker Bottle,3,399,2026-05-31
Brendan30@gmail.com,Resistance Bands Set,2,799,2026-06-22
Brendan30@gmail.com,Creatine Monohydrate,3,1499,2024-10-28
Pierce_Parker30@yahoo.com,Whey Protein Powder,1,2999,2026-02-28
Pierce_Parker30@yahoo.com,Resistance Bands Set,3,799,2025-12-12
Pierce_Parker30@yahoo.com,Resistance Bands Set,1,799,2026-01-21
Pierce_Parker30@yahoo.com,Shaker Bottle,2,399,2025-07-31
Pierce_Parker30@yahoo.com,Pre-Workout Formula,2,2499,2026-05-23
Pierce_Parker30@yahoo.com,Omega-3 Fish Oil,2,999,2025-12-11
Pierce_Parker30@yahoo.com,Shaker Bottle,2,399,2025-12-10
Pierce_Parker30@yahoo.com,Pre-Workout Formula,3,2499,2025-05-21
Pierce_Parker30@yahoo.com,Resistance Bands Set,3,799,2026-04-04
Pierce_Parker30@yahoo.com,Shaker Bottle,1,399,2025-10-17
Pierce_Parker30@yahoo.com,Creatine Monohydrate,2,1499,2025-08-16
Pierce_Parker30@yahoo.com,Yoga Mat Premium,3,1499,2026-07-01
Pierce_Parker30@yahoo.com,Creatine Monohydrate,3,1499,2025-08-22
Pierce_Parker30@yahoo.com,Omega-3 Fish Oil,3,999,2025-08-11
Pierce_Parker30@yahoo.com,Shaker Bottle,1,399,2025-09-19
Pierce_Parker30@yahoo.com,Omega-3 Fish Oil,2,999,2025-11-22
Pierce_Parker30@yahoo.com,Whey Protein Powder,3,2999,2025-07-11
Pierce_Parker30@yahoo.com,Resistance Bands Set,3,799,2025-11-21
Pierce_Parker30@yahoo.com,Creatine Monohydrate,1,1499,2026-07-14
Pierce_Parker30@yahoo.com,Yoga Mat Premium,3,1499,2026-04-03
Pierce_Parker30@yahoo.com,Omega-3 Fish Oil,3,999,2026-01-08
Pierce_Parker30@yahoo.com,Pre-Workout Formula,1,2499,2025-10-21
Pierce_Parker30@yahoo.com,Omega-3 Fish Oil,3,999,2025-08-04
Pierce_Parker30@yahoo.com,Yoga Mat Premium,2,1499,2025-09-03
Pierce_Parker30@yahoo.com,Whey Protein Powder,1,2999,2026-02-25
Pierce_Parker30@yahoo.com,Pre-Workout Formula,2,2499,2026-03-13
Pierce_Parker30@yahoo.com,Yoga Mat Premium,3,1499,2026-03-26
Pierce_Parker30@yahoo.com,Pre-Workout Formula,3,2499,2025-05-11
Pierce_Parker30@yahoo.com,Whey Protein Powder,3,2999,2026-03-20
Pierce_Parker30@yahoo.com,Creatine Monohydrate,3,1499,2025-11-21
Pierce_Parker30@yahoo.com,Omega-3 Fish Oil,3,999,2025-07-11
Pierce_Parker30@yahoo.com,Omega-3 Fish Oil,2,999,2025-11-15
Pierce_Parker30@yahoo.com,Whey Protein Powder,3,2999,2026-03-01
Pierce_Parker30@yahoo.com,Yoga Mat Premium,3,1499,2026-02-07
Pierce_Parker30@yahoo.com,Pre-Workout Formula,2,2499,2026-03-14
Pierce_Parker30@yahoo.com,Creatine Monohydrate,2,1499,2025-05-25
Pierce_Parker30@yahoo.com,Creatine Monohydrate,2,1499,2026-01-19
Pierce_Parker30@yahoo.com,Whey Protein Powder,3,2999,2026-05-30
Nakia22@yahoo.com,Whey Protein Powder,1,2999,2026-04-17
Elvira.Kihn51@hotmail.com,Omega-3 Fish Oil,2,999,2026-07-25
Elvira.Kihn51@hotmail.com,Omega-3 Fish Oil,2,999,2026-05-25
Elvira.Kihn51@hotmail.com,Omega-3 Fish Oil,2,999,2026-03-25
Elvira.Kihn51@hotmail.com,Omega-3 Fish Oil,2,999,2026-01-27
Elvira.Kihn51@hotmail.com,Omega-3 Fish Oil,2,999,2025-11-27
Elvira.Kihn51@hotmail.com,Omega-3 Fish Oil,1,999,2025-09-26
Elvira.Kihn51@hotmail.com,Omega-3 Fish Oil,2,999,2025-07-30
Elvira.Kihn51@hotmail.com,Creatine Monohydrate,1,1499,2026-03-11
Cristobal.Bradtke13@hotmail.com,Whey Protein Powder,2,2999,2026-06-04
Cristobal.Bradtke13@hotmail.com,Omega-3 Fish Oil,3,999,2026-05-15
Cristobal.Bradtke13@hotmail.com,Shaker Bottle,2,399,2026-02-16
Cristobal.Bradtke13@hotmail.com,Yoga Mat Premium,3,1499,2025-12-26
Cristobal.Bradtke13@hotmail.com,Yoga Mat Premium,3,1499,2026-05-24
Cristobal.Bradtke13@hotmail.com,Omega-3 Fish Oil,1,999,2025-08-10
Cristobal.Bradtke13@hotmail.com,Creatine Monohydrate,2,1499,2026-06-19
Cristobal.Bradtke13@hotmail.com,Resistance Bands Set,2,799,2025-06-20
Cristobal.Bradtke13@hotmail.com,Pre-Workout Formula,3,2499,2026-02-27
Cristobal.Bradtke13@hotmail.com,Pre-Workout Formula,3,2499,2026-06-12
Cristobal.Bradtke13@hotmail.com,Creatine Monohydrate,1,1499,2025-01-07
Cristobal.Bradtke13@hotmail.com,Resistance Bands Set,2,799,2026-01-24
Celine.Kulas68@yahoo.com,Pre-Workout Formula,2,2499,2026-07-27
Celine.Kulas68@yahoo.com,Pre-Workout Formula,2,2499,2026-06-28
Celine.Kulas68@yahoo.com,Pre-Workout Formula,1,2499,2026-05-31
Celine.Kulas68@yahoo.com,Pre-Workout Formula,1,2499,2026-04-28
Celine.Kulas68@yahoo.com,Pre-Workout Formula,1,2499,2026-03-26
Celine.Kulas68@yahoo.com,Pre-Workout Formula,2,2499,2026-02-27
Celine.Kulas68@yahoo.com,Pre-Workout Formula,2,2499,2026-01-26
Celine.Kulas68@yahoo.com,Pre-Workout Formula,1,2499,2025-12-31
Celine.Kulas68@yahoo.com,Resistance Bands Set,3,799,2026-07-16
Celine.Kulas68@yahoo.com,Yoga Mat Premium,1,1499,2026-08-12
Celine.Kulas68@yahoo.com,Creatine Monohydrate,3,1499,2026-07-11
Celine.Kulas68@yahoo.com,Yoga Mat Premium,2,1499,2026-08-11
Celine.Kulas68@yahoo.com,Creatine Monohydrate,3,1499,2026-08-15
Celine.Kulas68@yahoo.com,Omega-3 Fish Oil,1,999,2026-07-15
Celine.Kulas68@yahoo.com,Resistance Bands Set,2,799,2026-08-08
Celine.Kulas68@yahoo.com,Creatine Monohydrate,2,1499,2026-08-07
Rafael49@gmail.com,Creatine Monohydrate,1,1499,2026-07-27
Rafael49@gmail.com,Shaker Bottle,1,399,2026-08-13
Rafael49@gmail.com,Resistance Bands Set,2,799,2026-07-12
Rafael49@gmail.com,Resistance Bands Set,2,799,2026-07-30
Rafael49@gmail.com,Whey Protein Powder,2,2999,2026-08-12
Rafael49@gmail.com,Pre-Workout Formula,2,2499,2026-07-27
Rafael49@gmail.com,Pre-Workout Formula,1,2499,2026-08-06
Rafael49@gmail.com,Creatine Monohydrate,2,1499,2026-08-14
Rafael49@gmail.com,Omega-3 Fish Oil,3,999,2026-07-23
Rafael49@gmail.com,Yoga Mat Premium,3,1499,2026-08-06
Rafael49@gmail.com,Pre-Workout Formula,1,2499,2026-07-03
Rafael49@gmail.com,Omega-3 Fish Oil,3,999,2026-08-17
Rafael49@gmail.com,Pre-Workout Formula,3,2499,2026-08-17
Rafael49@gmail.com,Creatine Monohydrate,1,1499,2026-08-02
Rafael49@gmail.com,Whey Protein Powder,1,2999,2026-07-24
Rafael49@gmail.com,Creatine Monohydrate,3,1499,2026-07-11
Rafael49@gmail.com,Whey Protein Powder,3,2999,2026-08-20
Rafael49@gmail.com,Pre-Workout Formula,1,2499,2026-08-05
Rafael49@gmail.com,Resistance Bands Set,2,799,2026-08-06
Rafael49@gmail.com,Shaker Bottle,3,399,2026-07-06
Rafael49@gmail.com,Creatine Monohydrate,1,1499,2026-07-11
Nicola.Hermann65@yahoo.com,Yoga Mat Premium,3,1499,2026-06-27
Nicola.Hermann65@yahoo.com,Resistance Bands Set,2,799,2026-03-23
Nicola.Hermann65@yahoo.com,Pre-Workout Formula,3,2499,2026-01-24
Nicola.Hermann65@yahoo.com,Omega-3 Fish Oil,1,999,2026-06-22
Nicola.Hermann65@yahoo.com,Resistance Bands Set,3,799,2026-06-11
Nicola.Hermann65@yahoo.com,Whey Protein Powder,2,2999,2026-05-14
Nicola.Hermann65@yahoo.com,Yoga Mat Premium,2,1499,2026-03-29
Nicola.Hermann65@yahoo.com,Resistance Bands Set,3,799,2026-02-03
Nicola.Hermann65@yahoo.com,Omega-3 Fish Oil,1,999,2026-04-25
Nicola.Hermann65@yahoo.com,Yoga Mat Premium,1,1499,2025-12-05
Nicola.Hermann65@yahoo.com,Omega-3 Fish Oil,1,999,2026-01-15
Nicola.Hermann65@yahoo.com,Shaker Bottle,2,399,2026-07-11
Nicola.Hermann65@yahoo.com,Yoga Mat Premium,1,1499,2026-02-12
Nicola.Hermann65@yahoo.com,Pre-Workout Formula,3,2499,2025-11-07
Nicola.Hermann65@yahoo.com,Shaker Bottle,3,399,2025-12-21
Nicola.Hermann65@yahoo.com,Whey Protein Powder,1,2999,2026-04-14
Nicola.Hermann65@yahoo.com,Resistance Bands Set,2,799,2025-12-09
Nicola.Hermann65@yahoo.com,Yoga Mat Premium,3,1499,2025-11-27
Nicola.Hermann65@yahoo.com,Omega-3 Fish Oil,1,999,2026-03-14
Nicola.Hermann65@yahoo.com,Shaker Bottle,2,399,2026-07-16
Nicola.Hermann65@yahoo.com,Resistance Bands Set,1,799,2026-07-27
Onie_Osinski@hotmail.com,Shaker Bottle,2,399,2025-09-05
Onie_Osinski@hotmail.com,Resistance Bands Set,1,799,2026-02-21
Onie_Osinski@hotmail.com,Whey Protein Powder,1,2999,2025-09-07
Onie_Osinski@hotmail.com,Pre-Workout Formula,3,2499,2025-11-27
Onie_Osinski@hotmail.com,Resistance Bands Set,1,799,2025-12-23
Onie_Osinski@hotmail.com,Pre-Workout Formula,1,2499,2026-07-13
Onie_Osinski@hotmail.com,Omega-3 Fish Oil,2,999,2026-04-09
Onie_Osinski@hotmail.com,Shaker Bottle,3,399,2025-10-04
Onie_Osinski@hotmail.com,Creatine Monohydrate,1,1499,2025-11-17
Onie_Osinski@hotmail.com,Whey Protein Powder,3,2999,2025-11-16
Onie_Osinski@hotmail.com,Whey Protein Powder,1,2999,2026-04-27
Onie_Osinski@hotmail.com,Creatine Monohydrate,3,1499,2025-11-04
Onie_Osinski@hotmail.com,Yoga Mat Premium,3,1499,2026-04-19
Onie_Osinski@hotmail.com,Resistance Bands Set,2,799,2026-05-08
Onie_Osinski@hotmail.com,Pre-Workout Formula,1,2499,2025-12-31
Onie_Osinski@hotmail.com,Omega-3 Fish Oil,1,999,2025-11-02
Onie_Osinski@hotmail.com,Creatine Monohydrate,2,1499,2026-02-02
Onie_Osinski@hotmail.com,Shaker Bottle,2,399,2025-11-29
Onie_Osinski@hotmail.com,Pre-Workout Formula,2,2499,2026-01-27
Onie_Osinski@hotmail.com,Yoga Mat Premium,3,1499,2026-04-13
Onie_Osinski@hotmail.com,Shaker Bottle,3,399,2026-02-05
Onie_Osinski@hotmail.com,Creatine Monohydrate,2,1499,2025-10-12
Onie_Osinski@hotmail.com,Whey Protein Powder,1,2999,2026-01-15
Onie_Osinski@hotmail.com,Yoga Mat Premium,1,1499,2025-10-07
Onie_Osinski@hotmail.com,Yoga Mat Premium,1,1499,2025-12-21
Onie_Osinski@hotmail.com,Shaker Bottle,3,399,2025-09-10
Bertram_Murray@gmail.com,Omega-3 Fish Oil,1,999,2026-07-26
Bertram_Murray@gmail.com,Omega-3 Fish Oil,2,999,2026-05-26
Bertram_Murray@gmail.com,Omega-3 Fish Oil,2,999,2026-03-26
Bertram_Murray@gmail.com,Omega-3 Fish Oil,2,999,2026-01-26
Bertram_Murray@gmail.com,Yoga Mat Premium,2,1499,2025-06-24
Bertram_Murray@gmail.com,Creatine Monohydrate,2,1499,2025-05-21
Bertram_Murray@gmail.com,Creatine Monohydrate,1,1499,2025-07-26
Bertram_Murray@gmail.com,Pre-Workout Formula,1,2499,2026-01-17
Bertram_Murray@gmail.com,Shaker Bottle,1,399,2026-03-22
Bertram_Murray@gmail.com,Resistance Bands Set,1,799,2025-08-26
Bertram_Murray@gmail.com,Yoga Mat Premium,1,1499,2025-11-14
Neva85@yahoo.com,Pre-Workout Formula,2,2499,2025-05-02
Neva85@yahoo.com,Yoga Mat Premium,2,1499,2025-07-09
Neva85@yahoo.com,Creatine Monohydrate,1,1499,2026-07-29
Neva85@yahoo.com,Omega-3 Fish Oil,3,999,2026-01-20
Neva85@yahoo.com,Pre-Workout Formula,2,2499,2025-01-26
Neva85@yahoo.com,Pre-Workout Formula,1,2499,2025-08-12
Neva85@yahoo.com,Whey Protein Powder,1,2999,2026-06-01
Neva85@yahoo.com,Omega-3 Fish Oil,2,999,2026-05-30
Neva85@yahoo.com,Resistance Bands Set,1,799,2025-11-25
Neva85@yahoo.com,Creatine Monohydrate,3,1499,2025-04-02
Neva85@yahoo.com,Yoga Mat Premium,1,1499,2024-11-29
Neva85@yahoo.com,Pre-Workout Formula,2,2499,2026-03-10
Neva85@yahoo.com,Yoga Mat Premium,2,1499,2025-06-28
Neva85@yahoo.com,Pre-Workout Formula,3,2499,2026-05-03
Neva85@yahoo.com,Whey Protein Powder,3,2999,2026-03-19
Neva85@yahoo.com,Omega-3 Fish Oil,1,999,2025-06-15
Neva85@yahoo.com,Omega-3 Fish Oil,3,999,2024-12-21
Neva85@yahoo.com,Omega-3 Fish Oil,3,999,2025-08-30
Neva85@yahoo.com,Shaker Bottle,2,399,2026-01-21
Neva85@yahoo.com,Creatine Monohydrate,2,1499,2025-04-25
Neva85@yahoo.com,Omega-3 Fish Oil,3,999,2024-11-23
Neva85@yahoo.com,Shaker Bottle,3,399,2025-11-30
Hobart_Moen@yahoo.com,Yoga Mat Premium,2,1499,2026-01-03
Hobart_Moen@yahoo.com,Creatine Monohydrate,2,1499,2025-07-15
Hobart_Moen@yahoo.com,Whey Protein Powder,1,2999,2025-11-17
Hobart_Moen@yahoo.com,Resistance Bands Set,1,799,2025-04-27
Hobart_Moen@yahoo.com,Creatine Monohydrate,1,1499,2025-05-01
Hobart_Moen@yahoo.com,Whey Protein Powder,3,2999,2025-03-10
Hobart_Moen@yahoo.com,Resistance Bands Set,2,799,2025-12-20
Hobart_Moen@yahoo.com,Whey Protein Powder,3,2999,2025-04-01
Hobart_Moen@yahoo.com,Creatine Monohydrate,3,1499,2025-07-31
Hobart_Moen@yahoo.com,Yoga Mat Premium,1,1499,2026-02-20
Hobart_Moen@yahoo.com,Creatine Monohydrate,1,1499,2025-06-19
Hobart_Moen@yahoo.com,Omega-3 Fish Oil,3,999,2026-03-04
Hobart_Moen@yahoo.com,Whey Protein Powder,2,2999,2025-09-18
Hobart_Moen@yahoo.com,Whey Protein Powder,2,2999,2026-02-23
Hobart_Moen@yahoo.com,Pre-Workout Formula,1,2499,2026-01-14
Hobart_Moen@yahoo.com,Pre-Workout Formula,2,2499,2025-12-13
Hobart_Moen@yahoo.com,Creatine Monohydrate,2,1499,2025-12-19
Jerome51@gmail.com,Creatine Monohydrate,1,1499,2026-07-28
Jerome51@gmail.com,Creatine Monohydrate,1,1499,2026-06-13
Jerome51@gmail.com,Creatine Monohydrate,1,1499,2026-04-26
Jerome51@gmail.com,Creatine Monohydrate,1,1499,2026-03-12
Jerome51@gmail.com,Creatine Monohydrate,1,1499,2026-01-28
Jerome51@gmail.com,Pre-Workout Formula,1,2499,2025-09-25
Jerome51@gmail.com,Pre-Workout Formula,2,2499,2025-11-26
Jerome51@gmail.com,Resistance Bands Set,1,799,2026-02-23
Jerome51@gmail.com,Resistance Bands Set,1,799,2025-12-05
Jerome51@gmail.com,Pre-Workout Formula,1,2499,2026-07-31
Jerome51@gmail.com,Whey Protein Powder,3,2999,2026-06-18
Jerome51@gmail.com,Yoga Mat Premium,2,1499,2025-12-14
Jerome51@gmail.com,Pre-Workout Formula,3,2499,2026-02-19
Jerome51@gmail.com,Omega-3 Fish Oil,2,999,2025-08-21
Jerome51@gmail.com,Pre-Workout Formula,1,2499,2025-10-04
Jerome51@gmail.com,Omega-3 Fish Oil,1,999,2025-12-02
Jerome51@gmail.com,Pre-Workout Formula,2,2499,2026-01-22
Jerome51@gmail.com,Yoga Mat Premium,1,1499,2025-12-18
Reggie24@hotmail.com,Creatine Monohydrate,2,1499,2026-03-02
Reggie24@hotmail.com,Shaker Bottle,2,399,2025-11-11
Eliza_Witting@gmail.com,Resistance Bands Set,2,799,2025-06-21
Eliza_Witting@gmail.com,Pre-Workout Formula,3,2499,2026-01-28
Eliza_Witting@gmail.com,Resistance Bands Set,2,799,2025-09-08
Eliza_Witting@gmail.com,Whey Protein Powder,1,2999,2026-01-27
Eliza_Witting@gmail.com,Omega-3 Fish Oil,3,999,2026-03-21
Eliza_Witting@gmail.com,Pre-Workout Formula,3,2499,2025-08-13
Eliza_Witting@gmail.com,Omega-3 Fish Oil,1,999,2025-09-17
Eliza_Witting@gmail.com,Resistance Bands Set,1,799,2025-08-19
Eliza_Witting@gmail.com,Omega-3 Fish Oil,1,999,2025-06-30
Gisselle.Metz@gmail.com,Omega-3 Fish Oil,1,999,2026-07-31
Gisselle.Metz@gmail.com,Omega-3 Fish Oil,1,999,2026-05-30
Gisselle.Metz@gmail.com,Omega-3 Fish Oil,1,999,2026-03-31
Gisselle.Metz@gmail.com,Omega-3 Fish Oil,1,999,2026-02-02
Gisselle.Metz@gmail.com,Omega-3 Fish Oil,1,999,2025-12-02
Ambrose_Beer38@yahoo.com,Pre-Workout Formula,2,2499,2025-09-21
Ambrose_Beer38@yahoo.com,Creatine Monohydrate,3,1499,2025-12-06
Ambrose_Beer38@yahoo.com,Yoga Mat Premium,1,1499,2025-10-29
Ambrose_Beer38@yahoo.com,Whey Protein Powder,3,2999,2025-11-08
Ambrose_Beer38@yahoo.com,Pre-Workout Formula,3,2499,2026-05-30
Ambrose_Beer38@yahoo.com,Pre-Workout Formula,2,2499,2026-03-30
Ambrose_Beer38@yahoo.com,Whey Protein Powder,1,2999,2026-07-14
Ambrose_Beer38@yahoo.com,Shaker Bottle,3,399,2026-04-09
Ambrose_Beer38@yahoo.com,Creatine Monohydrate,1,1499,2026-07-30
Ambrose_Beer38@yahoo.com,Creatine Monohydrate,2,1499,2025-09-18
Ambrose_Beer38@yahoo.com,Omega-3 Fish Oil,3,999,2025-12-19
Ambrose_Beer38@yahoo.com,Whey Protein Powder,1,2999,2026-02-14
Ambrose_Beer38@yahoo.com,Omega-3 Fish Oil,2,999,2026-04-08
Ambrose_Beer38@yahoo.com,Shaker Bottle,3,399,2026-06-25
Ambrose_Beer38@yahoo.com,Creatine Monohydrate,2,1499,2026-03-12
Ambrose_Beer38@yahoo.com,Shaker Bottle,1,399,2026-01-20
Ambrose_Beer38@yahoo.com,Shaker Bottle,1,399,2025-10-15
Ambrose_Beer38@yahoo.com,Creatine Monohydrate,2,1499,2025-10-31
Ambrose_Beer38@yahoo.com,Resistance Bands Set,1,799,2026-08-12
Ambrose_Beer38@yahoo.com,Whey Protein Powder,3,2999,2026-08-07
Ambrose_Beer38@yahoo.com,Yoga Mat Premium,2,1499,2026-07-04
Ambrose_Beer38@yahoo.com,Omega-3 Fish Oil,3,999,2025-11-20
Ambrose_Beer38@yahoo.com,Shaker Bottle,3,399,2026-04-30
Ambrose_Beer38@yahoo.com,Creatine Monohydrate,3,1499,2026-05-17
Ambrose_Beer38@yahoo.com,Resistance Bands Set,3,799,2026-04-12
Ambrose_Beer38@yahoo.com,Yoga Mat Premium,3,1499,2026-05-07
Ambrose_Beer38@yahoo.com,Resistance Bands Set,3,799,2026-02-23
Ambrose_Beer38@yahoo.com,Whey Protein Powder,3,2999,2026-08-05
Ambrose_Beer38@yahoo.com,Shaker Bottle,2,399,2026-05-14
Ambrose_Beer38@yahoo.com,Resistance Bands Set,3,799,2026-02-03
Ambrose_Beer38@yahoo.com,Pre-Workout Formula,2,2499,2025-11-11
Ambrose_Beer38@yahoo.com,Yoga Mat Premium,2,1499,2025-11-03
Ambrose_Beer38@yahoo.com,Resistance Bands Set,2,799,2025-11-10
Ambrose_Beer38@yahoo.com,Resistance Bands Set,1,799,2025-12-10
Ambrose_Beer38@yahoo.com,Whey Protein Powder,2,2999,2025-10-29
Alexis_Greenfelder33@hotmail.com,Creatine Monohydrate,2,1499,2025-08-29
Alexis_Greenfelder33@hotmail.com,Yoga Mat Premium,3,1499,2025-11-02
Alexis_Greenfelder33@hotmail.com,Pre-Workout Formula,2,2499,2026-03-21
Alexis_Greenfelder33@hotmail.com,Shaker Bottle,1,399,2026-05-20
Alexis_Greenfelder33@hotmail.com,Yoga Mat Premium,2,1499,2025-12-03
Alexis_Greenfelder33@hotmail.com,Omega-3 Fish Oil,3,999,2026-05-30
Alexis_Greenfelder33@hotmail.com,Yoga Mat Premium,3,1499,2025-09-18
Alexis_Greenfelder33@hotmail.com,Omega-3 Fish Oil,1,999,2025-12-12
Alexis_Greenfelder33@hotmail.com,Pre-Workout Formula,3,2499,2026-04-07
Alexis_Greenfelder33@hotmail.com,Whey Protein Powder,1,2999,2025-09-27
Alexis_Greenfelder33@hotmail.com,Resistance Bands Set,2,799,2026-02-27
Alexis_Greenfelder33@hotmail.com,Shaker Bottle,2,399,2026-08-11
Alexis_Greenfelder33@hotmail.com,Whey Protein Powder,3,2999,2026-05-05
Alexis_Greenfelder33@hotmail.com,Creatine Monohydrate,1,1499,2026-07-26
Alexis_Greenfelder33@hotmail.com,Whey Protein Powder,2,2999,2025-12-22
Alexis_Greenfelder33@hotmail.com,Shaker Bottle,2,399,2025-10-31
Alexis_Greenfelder33@hotmail.com,Yoga Mat Premium,3,1499,2026-03-07
Alexis_Greenfelder33@hotmail.com,Whey Protein Powder,1,2999,2026-05-16
Alexis_Greenfelder33@hotmail.com,Yoga Mat Premium,2,1499,2026-02-26
Alexis_Greenfelder33@hotmail.com,Resistance Bands Set,2,799,2026-04-29
Alexis_Greenfelder33@hotmail.com,Pre-Workout Formula,3,2499,2025-08-03
Alexis_Greenfelder33@hotmail.com,Resistance Bands Set,1,799,2026-04-19
Alexis_Greenfelder33@hotmail.com,Shaker Bottle,3,399,2026-04-11
Alexis_Greenfelder33@hotmail.com,Yoga Mat Premium,2,1499,2026-04-06
Alexis_Greenfelder33@hotmail.com,Whey Protein Powder,2,2999,2026-03-02
Alexis_Greenfelder33@hotmail.com,Creatine Monohydrate,1,1499,2025-12-12
Alexis_Greenfelder33@hotmail.com,Creatine Monohydrate,1,1499,2026-01-17
Alexis_Greenfelder33@hotmail.com,Whey Protein Powder,3,2999,2025-12-26
Alexis_Greenfelder33@hotmail.com,Pre-Workout Formula,3,2499,2026-08-12
Alexis_Greenfelder33@hotmail.com,Creatine Monohydrate,2,1499,2026-02-15
Alexis_Greenfelder33@hotmail.com,Creatine Monohydrate,1,1499,2026-02-13
Alexis_Greenfelder33@hotmail.com,Omega-3 Fish Oil,1,999,2025-09-13
Alexis_Greenfelder33@hotmail.com,Pre-Workout Formula,2,2499,2026-05-12
Alexis_Greenfelder33@hotmail.com,Pre-Workout Formula,1,2499,2026-05-25
Alexis_Greenfelder33@hotmail.com,Shaker Bottle,2,399,2026-02-22
Alexis_Greenfelder33@hotmail.com,Whey Protein Powder,3,2999,2025-08-06
Javon.Hackett-Gleason25@gmail.com,Pre-Workout Formula,1,2499,2025-12-16
Javon.Hackett-Gleason25@gmail.com,Resistance Bands Set,1,799,2026-03-10
Javon.Hackett-Gleason25@gmail.com,Yoga Mat Premium,3,1499,2026-02-02
Javon.Hackett-Gleason25@gmail.com,Resistance Bands Set,2,799,2026-05-28
Javon.Hackett-Gleason25@gmail.com,Whey Protein Powder,2,2999,2025-11-21
Javon.Hackett-Gleason25@gmail.com,Omega-3 Fish Oil,1,999,2026-04-18
Javon.Hackett-Gleason25@gmail.com,Shaker Bottle,1,399,2026-02-08
Javon.Hackett-Gleason25@gmail.com,Resistance Bands Set,2,799,2025-10-28
Javon.Hackett-Gleason25@gmail.com,Creatine Monohydrate,2,1499,2026-02-28
Javon.Hackett-Gleason25@gmail.com,Yoga Mat Premium,1,1499,2025-08-14
Javon.Hackett-Gleason25@gmail.com,Creatine Monohydrate,2,1499,2025-08-05
Javon.Hackett-Gleason25@gmail.com,Resistance Bands Set,2,799,2026-06-07
Javon.Hackett-Gleason25@gmail.com,Pre-Workout Formula,1,2499,2026-05-03
Javon.Hackett-Gleason25@gmail.com,Creatine Monohydrate,1,1499,2025-10-04
Javon.Hackett-Gleason25@gmail.com,Omega-3 Fish Oil,2,999,2025-11-16
Javon.Hackett-Gleason25@gmail.com,Resistance Bands Set,2,799,2026-03-25
Damien.Armstrong@gmail.com,Whey Protein Powder,1,2999,2026-07-23
Damien.Armstrong@gmail.com,Whey Protein Powder,1,2999,2026-06-24
Damien.Armstrong@gmail.com,Whey Protein Powder,1,2999,2026-05-24
Damien.Armstrong@gmail.com,Whey Protein Powder,2,2999,2026-04-29
Damien.Armstrong@gmail.com,Whey Protein Powder,2,2999,2026-03-29
Ariel59@hotmail.com,Omega-3 Fish Oil,2,999,2026-05-22
Ariel59@hotmail.com,Resistance Bands Set,1,799,2026-02-11
Ariel59@hotmail.com,Omega-3 Fish Oil,2,999,2025-05-24
Ariel59@hotmail.com,Yoga Mat Premium,2,1499,2025-07-04
Ariel59@hotmail.com,Pre-Workout Formula,3,2499,2025-06-14
Ariel59@hotmail.com,Omega-3 Fish Oil,3,999,2025-07-17
Ariel59@hotmail.com,Whey Protein Powder,2,2999,2025-05-01
Ariel59@hotmail.com,Whey Protein Powder,3,2999,2026-06-24
Ariel59@hotmail.com,Pre-Workout Formula,3,2499,2025-10-30
Ariel59@hotmail.com,Resistance Bands Set,2,799,2024-11-15
Ariel59@hotmail.com,Pre-Workout Formula,2,2499,2025-09-20
Ariel59@hotmail.com,Whey Protein Powder,3,2999,2025-05-20
Ariel59@hotmail.com,Shaker Bottle,2,399,2025-06-07
Ariel59@hotmail.com,Whey Protein Powder,1,2999,2025-07-20
Ariel59@hotmail.com,Creatine Monohydrate,2,1499,2025-10-13
Ariel59@hotmail.com,Yoga Mat Premium,3,1499,2026-05-03
Ariel59@hotmail.com,Creatine Monohydrate,2,1499,2026-06-09
Ariel59@hotmail.com,Shaker Bottle,3,399,2025-03-23
Ariel59@hotmail.com,Omega-3 Fish Oil,3,999,2025-03-31
Ariel59@hotmail.com,Shaker Bottle,1,399,2025-02-21
Ariel59@hotmail.com,Whey Protein Powder,3,2999,2025-07-31
Ariel59@hotmail.com,Shaker Bottle,3,399,2026-02-24
Ariel59@hotmail.com,Pre-Workout Formula,1,2499,2026-04-23
Ariel59@hotmail.com,Omega-3 Fish Oil,3,999,2026-02-06
Ariel59@hotmail.com,Whey Protein Powder,3,2999,2026-02-04
Ariel59@hotmail.com,Omega-3 Fish Oil,1,999,2026-06-23
Ariel59@hotmail.com,Creatine Monohydrate,2,1499,2025-07-28
Ariel59@hotmail.com,Shaker Bottle,3,399,2025-12-27
Ariel59@hotmail.com,Yoga Mat Premium,2,1499,2025-01-03
Ariel59@hotmail.com,Resistance Bands Set,3,799,2026-06-04
Ariel59@hotmail.com,Shaker Bottle,1,399,2026-03-01
Ariel59@hotmail.com,Pre-Workout Formula,2,2499,2025-08-03
Ariel59@hotmail.com,Resistance Bands Set,3,799,2026-02-26
Ariel59@hotmail.com,Yoga Mat Premium,3,1499,2025-05-16
Ariel59@hotmail.com,Shaker Bottle,2,399,2026-06-02
Juana45@yahoo.com,Shaker Bottle,3,399,2026-01-04
Juana45@yahoo.com,Pre-Workout Formula,1,2499,2025-04-02
Juana45@yahoo.com,Shaker Bottle,3,399,2026-02-28
Juana45@yahoo.com,Yoga Mat Premium,1,1499,2025-02-17
Juana45@yahoo.com,Shaker Bottle,2,399,2026-06-10
Juana45@yahoo.com,Whey Protein Powder,3,2999,2025-07-21
Juana45@yahoo.com,Resistance Bands Set,1,799,2024-11-21
Juana45@yahoo.com,Pre-Workout Formula,1,2499,2024-12-12
Juana45@yahoo.com,Whey Protein Powder,1,2999,2025-01-02
Juana45@yahoo.com,Omega-3 Fish Oil,1,999,2025-09-01
Juana45@yahoo.com,Pre-Workout Formula,2,2499,2025-04-11
Juana45@yahoo.com,Resistance Bands Set,3,799,2025-09-13
Juana45@yahoo.com,Shaker Bottle,1,399,2025-09-15
Juana45@yahoo.com,Creatine Monohydrate,2,1499,2024-11-25
Juana45@yahoo.com,Omega-3 Fish Oil,3,999,2025-02-21
Juana45@yahoo.com,Whey Protein Powder,1,2999,2026-03-19
Juana45@yahoo.com,Yoga Mat Premium,3,1499,2025-06-08
Juana45@yahoo.com,Omega-3 Fish Oil,2,999,2025-08-29
Juana45@yahoo.com,Creatine Monohydrate,1,1499,2025-05-08
Juana45@yahoo.com,Omega-3 Fish Oil,2,999,2025-04-11
Juana45@yahoo.com,Creatine Monohydrate,1,1499,2025-02-22
Juana45@yahoo.com,Pre-Workout Formula,2,2499,2025-10-14
Juana45@yahoo.com,Whey Protein Powder,2,2999,2026-07-19
Alejandra.Hammes@gmail.com,Pre-Workout Formula,2,2499,2026-08-02
Alejandra.Hammes@gmail.com,Pre-Workout Formula,2,2499,2026-06-30
Alejandra.Hammes@gmail.com,Pre-Workout Formula,2,2499,2026-05-28
Alejandra.Hammes@gmail.com,Pre-Workout Formula,1,2499,2026-05-01
Alejandra.Hammes@gmail.com,Pre-Workout Formula,2,2499,2026-04-04
Alejandra.Hammes@gmail.com,Pre-Workout Formula,2,2499,2026-02-28
Alejandra.Hammes@gmail.com,Pre-Workout Formula,2,2499,2026-01-29
Althea_Harber@gmail.com,Resistance Bands Set,2,799,2024-11-13
Althea_Harber@gmail.com,Omega-3 Fish Oil,1,999,2024-12-18
Althea_Harber@gmail.com,Creatine Monohydrate,2,1499,2024-12-01
Althea_Harber@gmail.com,Resistance Bands Set,1,799,2025-04-13
Althea_Harber@gmail.com,Pre-Workout Formula,3,2499,2025-08-07
Althea_Harber@gmail.com,Yoga Mat Premium,1,1499,2025-09-17
Althea_Harber@gmail.com,Whey Protein Powder,2,2999,2024-12-20
Althea_Harber@gmail.com,Pre-Workout Formula,1,2499,2025-09-11
Althea_Harber@gmail.com,Resistance Bands Set,3,799,2025-10-20
Althea_Harber@gmail.com,Resistance Bands Set,3,799,2025-04-21
Althea_Harber@gmail.com,Creatine Monohydrate,2,1499,2025-03-27
Althea_Harber@gmail.com,Resistance Bands Set,1,799,2025-08-04
Candelario61@hotmail.com,Resistance Bands Set,1,799,2025-12-26
Candelario61@hotmail.com,Omega-3 Fish Oil,1,999,2025-07-25
Candelario61@hotmail.com,Yoga Mat Premium,1,1499,2025-10-04
Candelario61@hotmail.com,Omega-3 Fish Oil,2,999,2026-03-09
Candelario61@hotmail.com,Omega-3 Fish Oil,1,999,2025-11-01
Candelario61@hotmail.com,Whey Protein Powder,1,2999,2025-12-25
Candelario61@hotmail.com,Shaker Bottle,1,399,2025-11-17
Candelario61@hotmail.com,Yoga Mat Premium,2,1499,2026-05-28
Candelario61@hotmail.com,Shaker Bottle,1,399,2026-07-06
Candelario61@hotmail.com,Creatine Monohydrate,1,1499,2025-10-22
Candelario61@hotmail.com,Resistance Bands Set,3,799,2026-06-26
Candelario61@hotmail.com,Yoga Mat Premium,1,1499,2025-05-07
Candelario61@hotmail.com,Omega-3 Fish Oil,3,999,2025-12-08
Candelario61@hotmail.com,Whey Protein Powder,3,2999,2026-01-21
Candelario61@hotmail.com,Pre-Workout Formula,3,2499,2025-07-24
Candelario61@hotmail.com,Pre-Workout Formula,3,2499,2025-04-01
Candelario61@hotmail.com,Omega-3 Fish Oil,2,999,2026-02-09
Candelario61@hotmail.com,Whey Protein Powder,1,2999,2025-05-03
Candelario61@hotmail.com,Pre-Workout Formula,3,2499,2026-08-20
Candelario61@hotmail.com,Resistance Bands Set,2,799,2025-05-05
Candelario61@hotmail.com,Creatine Monohydrate,3,1499,2026-08-04
Candelario61@hotmail.com,Omega-3 Fish Oil,3,999,2025-08-12
Candelario61@hotmail.com,Pre-Workout Formula,2,2499,2025-06-28
Candelario61@hotmail.com,Shaker Bottle,1,399,2025-12-27
Candelario61@hotmail.com,Whey Protein Powder,2,2999,2026-01-27
Candelario61@hotmail.com,Shaker Bottle,3,399,2025-11-01
Candelario61@hotmail.com,Pre-Workout Formula,3,2499,2026-03-04
Candelario61@hotmail.com,Whey Protein Powder,3,2999,2025-12-17
Candelario61@hotmail.com,Creatine Monohydrate,3,1499,2026-07-19
Candelario61@hotmail.com,Creatine Monohydrate,3,1499,2026-02-05
Candelario61@hotmail.com,Shaker Bottle,1,399,2026-03-04
Candelario61@hotmail.com,Omega-3 Fish Oil,1,999,2026-06-19
Candelario61@hotmail.com,Creatine Monohydrate,2,1499,2026-04-30
Candelario61@hotmail.com,Resistance Bands Set,3,799,2025-10-02
Candelario61@hotmail.com,Creatine Monohydrate,1,1499,2026-04-11
Candelario61@hotmail.com,Shaker Bottle,1,399,2026-06-16
Candelario61@hotmail.com,Shaker Bottle,1,399,2025-06-22
Candelario61@hotmail.com,Yoga Mat Premium,3,1499,2025-07-22
Candelario61@hotmail.com,Resistance Bands Set,2,799,2025-11-06
Candelario61@hotmail.com,Whey Protein Powder,2,2999,2026-02-23
Candelario61@hotmail.com,Resistance Bands Set,1,799,2025-09-27
Candelario61@hotmail.com,Yoga Mat Premium,1,1499,2025-05-23
Candelario61@hotmail.com,Yoga Mat Premium,2,1499,2025-06-06
Candelario61@hotmail.com,Shaker Bottle,3,399,2025-07-19
Candelario61@hotmail.com,Yoga Mat Premium,2,1499,2025-09-20
Candelario61@hotmail.com,Creatine Monohydrate,2,1499,2025-10-21
Candelario61@hotmail.com,Whey Protein Powder,3,2999,2025-07-27
Candelario61@hotmail.com,Creatine Monohydrate,2,1499,2026-04-16
Candelario61@hotmail.com,Yoga Mat Premium,1,1499,2025-08-14
Candelario61@hotmail.com,Yoga Mat Premium,1,1499,2025-09-20
Candelario61@hotmail.com,Creatine Monohydrate,3,1499,2025-08-23
Candelario61@hotmail.com,Pre-Workout Formula,1,2499,2026-07-13
Candelario61@hotmail.com,Omega-3 Fish Oil,1,999,2026-01-03
Candelario61@hotmail.com,Creatine Monohydrate,2,1499,2025-08-27
Candelario61@hotmail.com,Omega-3 Fish Oil,3,999,2025-03-16
Candelario61@hotmail.com,Creatine Monohydrate,3,1499,2025-06-17
Candelario61@hotmail.com,Yoga Mat Premium,1,1499,2026-02-27
Candelario61@hotmail.com,Whey Protein Powder,3,2999,2026-04-07
Candelario61@hotmail.com,Resistance Bands Set,1,799,2025-07-20
Candelario61@hotmail.com,Pre-Workout Formula,1,2499,2026-06-29
Candelario61@hotmail.com,Whey Protein Powder,3,2999,2026-04-29
Candelario61@hotmail.com,Pre-Workout Formula,2,2499,2026-04-01
Candelario61@hotmail.com,Yoga Mat Premium,2,1499,2025-03-09
Candelario61@hotmail.com,Shaker Bottle,2,399,2026-02-28
Candelario61@hotmail.com,Pre-Workout Formula,1,2499,2026-06-18
Candelario61@hotmail.com,Yoga Mat Premium,1,1499,2025-08-16
Candelario61@hotmail.com,Resistance Bands Set,1,799,2026-07-04
Candelario61@hotmail.com,Whey Protein Powder,1,2999,2026-04-11
Candelario61@hotmail.com,Whey Protein Powder,2,2999,2026-06-16
Candelario61@hotmail.com,Resistance Bands Set,1,799,2026-07-24
Candelario61@hotmail.com,Creatine Monohydrate,3,1499,2026-07-06
Candelario61@hotmail.com,Resistance Bands Set,1,799,2026-07-24
Candelario61@hotmail.com,Shaker Bottle,2,399,2025-08-16
Candelario61@hotmail.com,Pre-Workout Formula,1,2499,2025-06-20
Candelario61@hotmail.com,Shaker Bottle,1,399,2025-06-28
Candelario61@hotmail.com,Yoga Mat Premium,3,1499,2026-06-11
Candelario61@hotmail.com,Creatine Monohydrate,2,1499,2026-06-18
Candelario61@hotmail.com,Omega-3 Fish Oil,3,999,2025-08-23
Ila_Purdy14@gmail.com,Pre-Workout Formula,2,2499,2025-05-17
Ila_Purdy14@gmail.com,Whey Protein Powder,1,2999,2025-06-08
Ila_Purdy14@gmail.com,Shaker Bottle,1,399,2026-01-29
Ila_Purdy14@gmail.com,Resistance Bands Set,3,799,2024-11-03
Ila_Purdy14@gmail.com,Pre-Workout Formula,3,2499,2025-10-21
Ila_Purdy14@gmail.com,Resistance Bands Set,2,799,2025-03-24
Ila_Purdy14@gmail.com,Shaker Bottle,2,399,2026-04-22
Ila_Purdy14@gmail.com,Creatine Monohydrate,1,1499,2025-01-13
Ila_Purdy14@gmail.com,Resistance Bands Set,1,799,2025-02-19
Ila_Purdy14@gmail.com,Pre-Workout Formula,3,2499,2026-05-23
Ila_Purdy14@gmail.com,Resistance Bands Set,1,799,2025-09-25
Ila_Purdy14@gmail.com,Shaker Bottle,3,399,2025-03-21
Ila_Purdy14@gmail.com,Shaker Bottle,1,399,2025-12-23
Ila_Purdy14@gmail.com,Resistance Bands Set,1,799,2025-07-17
Ila_Purdy14@gmail.com,Pre-Workout Formula,1,2499,2026-02-18
Ila_Purdy14@gmail.com,Yoga Mat Premium,2,1499,2026-01-23
Ila_Purdy14@gmail.com,Pre-Workout Formula,3,2499,2025-07-24
Ila_Purdy14@gmail.com,Yoga Mat Premium,3,1499,2025-02-26
Ila_Purdy14@gmail.com,Resistance Bands Set,1,799,2025-03-22
Emil63@hotmail.com,Omega-3 Fish Oil,1,999,2024-12-28
Emil63@hotmail.com,Shaker Bottle,3,399,2025-04-01
Emil63@hotmail.com,Resistance Bands Set,3,799,2024-11-21
Emil63@hotmail.com,Yoga Mat Premium,3,1499,2024-11-03
Emil63@hotmail.com,Pre-Workout Formula,3,2499,2025-04-14
Emil63@hotmail.com,Resistance Bands Set,3,799,2024-10-31
Emil63@hotmail.com,Omega-3 Fish Oil,1,999,2025-08-05
Emil63@hotmail.com,Shaker Bottle,2,399,2025-06-19
Emil63@hotmail.com,Pre-Workout Formula,3,2499,2024-10-11
Emil63@hotmail.com,Shaker Bottle,2,399,2025-08-17
Emil63@hotmail.com,Shaker Bottle,3,399,2024-12-17
Emil63@hotmail.com,Pre-Workout Formula,3,2499,2025-02-27
Emil63@hotmail.com,Pre-Workout Formula,3,2499,2025-03-22
Emil63@hotmail.com,Pre-Workout Formula,1,2499,2025-01-18
Emil63@hotmail.com,Resistance Bands Set,1,799,2025-05-16
Emil63@hotmail.com,Creatine Monohydrate,3,1499,2025-04-19
Emil63@hotmail.com,Shaker Bottle,3,399,2025-04-26
Emil63@hotmail.com,Omega-3 Fish Oil,2,999,2025-03-06
Chanelle.Reinger38@hotmail.com,Creatine Monohydrate,1,1499,2026-07-25
Chanelle.Reinger38@hotmail.com,Creatine Monohydrate,1,1499,2026-06-10
Chanelle.Reinger38@hotmail.com,Creatine Monohydrate,1,1499,2026-04-28
Chanelle.Reinger38@hotmail.com,Creatine Monohydrate,2,1499,2026-03-11
Chanelle.Reinger38@hotmail.com,Creatine Monohydrate,2,1499,2026-01-24
Newton.Spinka44@gmail.com,Omega-3 Fish Oil,1,999,2026-02-01
Newton.Spinka44@gmail.com,Creatine Monohydrate,3,1499,2026-05-21
Newton.Spinka44@gmail.com,Omega-3 Fish Oil,3,999,2025-04-25
Newton.Spinka44@gmail.com,Whey Protein Powder,2,2999,2025-09-17
Newton.Spinka44@gmail.com,Yoga Mat Premium,1,1499,2026-01-30
Newton.Spinka44@gmail.com,Pre-Workout Formula,2,2499,2025-10-15
Newton.Spinka44@gmail.com,Pre-Workout Formula,3,2499,2025-06-17
Newton.Spinka44@gmail.com,Creatine Monohydrate,2,1499,2025-03-12
Newton.Spinka44@gmail.com,Creatine Monohydrate,1,1499,2026-07-01
Newton.Spinka44@gmail.com,Pre-Workout Formula,3,2499,2026-02-04
Newton.Spinka44@gmail.com,Resistance Bands Set,3,799,2026-06-18
Newton.Spinka44@gmail.com,Pre-Workout Formula,3,2499,2026-01-05
Newton.Spinka44@gmail.com,Omega-3 Fish Oil,1,999,2025-09-15
Reid_Ondricka49@hotmail.com,Pre-Workout Formula,1,2499,2025-09-14
Reid_Ondricka49@hotmail.com,Shaker Bottle,1,399,2025-09-11
Reid_Ondricka49@hotmail.com,Omega-3 Fish Oil,1,999,2026-01-27
Reid_Ondricka49@hotmail.com,Yoga Mat Premium,1,1499,2025-03-25
Meredith39@yahoo.com,Omega-3 Fish Oil,3,999,2026-02-02
Meredith39@yahoo.com,Whey Protein Powder,1,2999,2025-10-12
Meredith39@yahoo.com,Resistance Bands Set,3,799,2025-10-21
Meredith39@yahoo.com,Omega-3 Fish Oil,3,999,2026-01-07
Meredith39@yahoo.com,Creatine Monohydrate,2,1499,2026-03-18
Meredith39@yahoo.com,Pre-Workout Formula,3,2499,2026-01-24
Meredith39@yahoo.com,Yoga Mat Premium,1,1499,2025-06-11
Meredith39@yahoo.com,Pre-Workout Formula,2,2499,2025-10-12
Meredith39@yahoo.com,Resistance Bands Set,1,799,2025-12-25
Meredith39@yahoo.com,Pre-Workout Formula,3,2499,2025-09-14
Meredith39@yahoo.com,Whey Protein Powder,1,2999,2025-10-28
Meredith39@yahoo.com,Resistance Bands Set,2,799,2025-08-04
Dominique35@gmail.com,Resistance Bands Set,2,799,2025-12-29
Dominique35@gmail.com,Creatine Monohydrate,1,1499,2026-03-10
Dominique35@gmail.com,Shaker Bottle,2,399,2026-02-24
Dominique35@gmail.com,Yoga Mat Premium,3,1499,2026-05-03
Dominique35@gmail.com,Shaker Bottle,1,399,2025-12-22
Dominique35@gmail.com,Creatine Monohydrate,2,1499,2026-01-16
Dominique35@gmail.com,Pre-Workout Formula,3,2499,2025-12-07
Dominique35@gmail.com,Pre-Workout Formula,1,2499,2026-02-28
Dominique35@gmail.com,Creatine Monohydrate,1,1499,2026-01-18
Dominique35@gmail.com,Shaker Bottle,2,399,2025-12-09
Dominique35@gmail.com,Yoga Mat Premium,1,1499,2026-02-01
Dominique35@gmail.com,Omega-3 Fish Oil,1,999,2026-03-27
Dominique35@gmail.com,Shaker Bottle,1,399,2025-12-12
Dominique35@gmail.com,Yoga Mat Premium,2,1499,2025-12-22
Dominique35@gmail.com,Creatine Monohydrate,3,1499,2026-01-22
Dominique35@gmail.com,Resistance Bands Set,3,799,2026-07-04
Dominique35@gmail.com,Yoga Mat Premium,2,1499,2026-01-19
Dominique35@gmail.com,Pre-Workout Formula,3,2499,2026-01-29
Dominique35@gmail.com,Shaker Bottle,2,399,2026-05-27
Dominique35@gmail.com,Creatine Monohydrate,1,1499,2026-02-12
Jo_Kiehn@yahoo.com,Creatine Monohydrate,2,1499,2026-01-20
Jo_Kiehn@yahoo.com,Omega-3 Fish Oil,3,999,2026-06-29
Jo_Kiehn@yahoo.com,Resistance Bands Set,2,799,2026-03-19
Jo_Kiehn@yahoo.com,Shaker Bottle,1,399,2026-02-23
Jo_Kiehn@yahoo.com,Yoga Mat Premium,3,1499,2026-04-11
Lela.Beahan83@gmail.com,Pre-Workout Formula,2,2499,2026-07-23
Lela.Beahan83@gmail.com,Pre-Workout Formula,2,2499,2026-06-28
Lela.Beahan83@gmail.com,Pre-Workout Formula,1,2499,2026-05-27
Lela.Beahan83@gmail.com,Pre-Workout Formula,2,2499,2026-04-24
Lela.Beahan83@gmail.com,Pre-Workout Formula,2,2499,2026-03-29
Lela.Beahan83@gmail.com,Pre-Workout Formula,1,2499,2026-02-23
Lela.Beahan83@gmail.com,Pre-Workout Formula,2,2499,2026-01-29
Lela.Beahan83@gmail.com,Pre-Workout Formula,1,2499,2025-12-27
Juana_Bartoletti@hotmail.com,Yoga Mat Premium,2,1499,2026-05-10
Juana_Bartoletti@hotmail.com,Yoga Mat Premium,1,1499,2025-02-05
Juana_Bartoletti@hotmail.com,Whey Protein Powder,2,2999,2026-05-19
Juana_Bartoletti@hotmail.com,Whey Protein Powder,3,2999,2025-10-11
Juana_Bartoletti@hotmail.com,Yoga Mat Premium,3,1499,2025-06-30
Juana_Bartoletti@hotmail.com,Yoga Mat Premium,2,1499,2025-07-12
Juana_Bartoletti@hotmail.com,Shaker Bottle,3,399,2026-04-04
Juana_Bartoletti@hotmail.com,Whey Protein Powder,3,2999,2025-01-17
Juana_Bartoletti@hotmail.com,Shaker Bottle,2,399,2025-07-19
Juana_Bartoletti@hotmail.com,Whey Protein Powder,3,2999,2026-01-15
Juana_Bartoletti@hotmail.com,Omega-3 Fish Oil,1,999,2025-11-11
Juana_Bartoletti@hotmail.com,Omega-3 Fish Oil,2,999,2025-11-19
Juana_Bartoletti@hotmail.com,Shaker Bottle,2,399,2025-05-29
Juana_Bartoletti@hotmail.com,Whey Protein Powder,1,2999,2025-02-08
Juana_Bartoletti@hotmail.com,Resistance Bands Set,1,799,2026-06-22
Juana_Bartoletti@hotmail.com,Creatine Monohydrate,3,1499,2025-03-01
Juana_Bartoletti@hotmail.com,Whey Protein Powder,2,2999,2026-07-13
Juana_Bartoletti@hotmail.com,Pre-Workout Formula,3,2499,2025-07-24
Juana_Bartoletti@hotmail.com,Resistance Bands Set,2,799,2026-08-20
Juana_Bartoletti@hotmail.com,Shaker Bottle,2,399,2025-10-03
Juana_Bartoletti@hotmail.com,Yoga Mat Premium,1,1499,2025-11-03
Juana_Bartoletti@hotmail.com,Shaker Bottle,3,399,2025-11-15
Joseph.Langosh@hotmail.com,Omega-3 Fish Oil,2,999,2026-07-30
Joseph.Langosh@hotmail.com,Omega-3 Fish Oil,2,999,2026-06-01
Joseph.Langosh@hotmail.com,Omega-3 Fish Oil,2,999,2026-03-30
Joseph.Langosh@hotmail.com,Omega-3 Fish Oil,2,999,2026-01-29
Joseph.Langosh@hotmail.com,Omega-3 Fish Oil,1,999,2025-11-27
Joseph.Langosh@hotmail.com,Omega-3 Fish Oil,1,999,2025-10-03
Joseph.Langosh@hotmail.com,Omega-3 Fish Oil,2,999,2025-07-30
Joseph.Langosh@hotmail.com,Resistance Bands Set,2,799,2025-09-20
Joseph.Langosh@hotmail.com,Pre-Workout Formula,3,2499,2025-08-19
Joseph.Langosh@hotmail.com,Resistance Bands Set,2,799,2026-07-27
Joseph.Langosh@hotmail.com,Shaker Bottle,1,399,2025-12-12
Joseph.Langosh@hotmail.com,Whey Protein Powder,2,2999,2026-05-10
Glenna_Oberbrunner92@hotmail.com,Resistance Bands Set,2,799,2026-07-25
Glenna_Oberbrunner92@hotmail.com,Creatine Monohydrate,2,1499,2025-09-24
Glenna_Oberbrunner92@hotmail.com,Resistance Bands Set,2,799,2026-08-04
Glenna_Oberbrunner92@hotmail.com,Pre-Workout Formula,2,2499,2026-08-08
Glenna_Oberbrunner92@hotmail.com,Pre-Workout Formula,3,2499,2025-10-21
Glenna_Oberbrunner92@hotmail.com,Omega-3 Fish Oil,2,999,2026-02-28
Glenna_Oberbrunner92@hotmail.com,Whey Protein Powder,2,2999,2025-09-10
Glenna_Oberbrunner92@hotmail.com,Yoga Mat Premium,1,1499,2026-05-27
Glenna_Oberbrunner92@hotmail.com,Creatine Monohydrate,3,1499,2025-10-30
Glenna_Oberbrunner92@hotmail.com,Shaker Bottle,1,399,2025-09-07
Glenna_Oberbrunner92@hotmail.com,Omega-3 Fish Oil,1,999,2026-06-06
Glenna_Oberbrunner92@hotmail.com,Creatine Monohydrate,1,1499,2026-01-26
Glenna_Oberbrunner92@hotmail.com,Resistance Bands Set,1,799,2026-03-03
Glenna_Oberbrunner92@hotmail.com,Omega-3 Fish Oil,2,999,2026-05-12
Glenna_Oberbrunner92@hotmail.com,Creatine Monohydrate,2,1499,2026-05-18
Glenna_Oberbrunner92@hotmail.com,Shaker Bottle,3,399,2026-03-21
Glenna_Oberbrunner92@hotmail.com,Yoga Mat Premium,3,1499,2025-08-21
Brady59@gmail.com,Omega-3 Fish Oil,1,999,2025-02-07
Brady59@gmail.com,Yoga Mat Premium,3,1499,2025-11-16
Brady59@gmail.com,Yoga Mat Premium,2,1499,2025-04-02
Brady59@gmail.com,Omega-3 Fish Oil,3,999,2025-08-20
Brady59@gmail.com,Creatine Monohydrate,2,1499,2025-10-25
Brady59@gmail.com,Pre-Workout Formula,3,2499,2025-10-05
Brady59@gmail.com,Whey Protein Powder,3,2999,2025-10-27
Brady59@gmail.com,Pre-Workout Formula,3,2499,2025-04-05
Brady59@gmail.com,Omega-3 Fish Oil,2,999,2025-02-24
Brady59@gmail.com,Yoga Mat Premium,3,1499,2025-01-01
Brady59@gmail.com,Shaker Bottle,1,399,2025-07-24
Brady59@gmail.com,Creatine Monohydrate,3,1499,2024-12-05
Elijah_Wyman@yahoo.com,Creatine Monohydrate,2,1499,2026-03-14
Elijah_Wyman@yahoo.com,Pre-Workout Formula,3,2499,2026-05-30
Elijah_Wyman@yahoo.com,Creatine Monohydrate,3,1499,2026-02-08
Elijah_Wyman@yahoo.com,Whey Protein Powder,3,2999,2025-08-20
Elijah_Wyman@yahoo.com,Creatine Monohydrate,1,1499,2025-12-15
Elijah_Wyman@yahoo.com,Shaker Bottle,1,399,2025-03-02
Elijah_Wyman@yahoo.com,Shaker Bottle,1,399,2026-07-17
Elijah_Wyman@yahoo.com,Whey Protein Powder,3,2999,2025-03-04
Elijah_Wyman@yahoo.com,Whey Protein Powder,2,2999,2026-06-05
Elijah_Wyman@yahoo.com,Resistance Bands Set,1,799,2026-03-24
Elijah_Wyman@yahoo.com,Omega-3 Fish Oil,3,999,2026-05-02
Santino23@yahoo.com,Omega-3 Fish Oil,2,999,2026-08-01
Santino23@yahoo.com,Omega-3 Fish Oil,1,999,2026-05-31
Santino23@yahoo.com,Omega-3 Fish Oil,1,999,2026-04-04
Santino23@yahoo.com,Omega-3 Fish Oil,1,999,2026-02-01
Santino23@yahoo.com,Omega-3 Fish Oil,1,999,2025-12-05
Santino23@yahoo.com,Omega-3 Fish Oil,2,999,2025-10-03
Santino23@yahoo.com,Omega-3 Fish Oil,1,999,2025-08-06
Melody_Bauch67@gmail.com,Omega-3 Fish Oil,2,999,2025-10-05
Melody_Bauch67@gmail.com,Whey Protein Powder,1,2999,2026-06-28
Melody_Bauch67@gmail.com,Yoga Mat Premium,3,1499,2025-07-21
Melody_Bauch67@gmail.com,Shaker Bottle,2,399,2025-03-22
Melody_Bauch67@gmail.com,Resistance Bands Set,1,799,2026-04-10
Melody_Bauch67@gmail.com,Resistance Bands Set,1,799,2026-05-02
Melody_Bauch67@gmail.com,Creatine Monohydrate,2,1499,2025-04-02
Melody_Bauch67@gmail.com,Resistance Bands Set,3,799,2026-03-01
Melody_Bauch67@gmail.com,Pre-Workout Formula,3,2499,2026-06-21
Melody_Bauch67@gmail.com,Shaker Bottle,2,399,2026-02-18
Melody_Bauch67@gmail.com,Resistance Bands Set,2,799,2025-07-31
Melody_Bauch67@gmail.com,Creatine Monohydrate,1,1499,2025-12-02
Melody_Bauch67@gmail.com,Whey Protein Powder,2,2999,2026-03-08
Hilda.Crona11@gmail.com,Whey Protein Powder,2,2999,2026-08-03
Hilda.Crona11@gmail.com,Whey Protein Powder,3,2999,2026-08-17
Hilda.Crona11@gmail.com,Resistance Bands Set,3,799,2026-07-24
Hilda.Crona11@gmail.com,Pre-Workout Formula,1,2499,2026-08-02
Hilda.Crona11@gmail.com,Whey Protein Powder,1,2999,2026-07-23
Hilda.Crona11@gmail.com,Creatine Monohydrate,1,1499,2026-08-16
Hilda.Crona11@gmail.com,Resistance Bands Set,2,799,2026-07-30
Hilda.Crona11@gmail.com,Creatine Monohydrate,1,1499,2026-07-28
Hilda.Crona11@gmail.com,Resistance Bands Set,2,799,2026-07-28
Hilda.Crona11@gmail.com,Yoga Mat Premium,1,1499,2026-08-15
Hilda.Crona11@gmail.com,Resistance Bands Set,1,799,2026-07-23
Hilda.Crona11@gmail.com,Creatine Monohydrate,1,1499,2026-08-02
Hilda.Crona11@gmail.com,Yoga Mat Premium,2,1499,2026-08-09
Hilda.Crona11@gmail.com,Resistance Bands Set,1,799,2026-07-26
Hilda.Crona11@gmail.com,Yoga Mat Premium,3,1499,2026-08-15
Hilda.Crona11@gmail.com,Pre-Workout Formula,3,2499,2026-08-17
Hilda.Crona11@gmail.com,Shaker Bottle,1,399,2026-08-06
Hilda.Crona11@gmail.com,Whey Protein Powder,1,2999,2026-07-26
Hilda.Crona11@gmail.com,Resistance Bands Set,2,799,2026-08-08
Hilda.Crona11@gmail.com,Pre-Workout Formula,2,2499,2026-07-26
Hilda.Crona11@gmail.com,Creatine Monohydrate,1,1499,2026-08-11
Hilda.Crona11@gmail.com,Pre-Workout Formula,2,2499,2026-08-20
Hilda.Crona11@gmail.com,Omega-3 Fish Oil,3,999,2026-08-06
Hilda.Crona11@gmail.com,Whey Protein Powder,2,2999,2026-07-28
Hilda.Crona11@gmail.com,Yoga Mat Premium,3,1499,2026-08-16
Hilda.Crona11@gmail.com,Creatine Monohydrate,1,1499,2026-07-21
Hilda.Crona11@gmail.com,Resistance Bands Set,1,799,2026-07-24
Hilda.Crona11@gmail.com,Whey Protein Powder,2,2999,2026-08-19
Hilda.Crona11@gmail.com,Yoga Mat Premium,1,1499,2026-08-07
Hilda.Crona11@gmail.com,Pre-Workout Formula,3,2499,2026-07-28
Hilda.Crona11@gmail.com,Pre-Workout Formula,1,2499,2026-08-07
Hilda.Crona11@gmail.com,Creatine Monohydrate,2,1499,2026-08-06
Hilda.Crona11@gmail.com,Whey Protein Powder,3,2999,2026-07-28
Hilda.Crona11@gmail.com,Shaker Bottle,3,399,2026-07-27
Hilda.Crona11@gmail.com,Resistance Bands Set,1,799,2026-07-20
Hilda.Crona11@gmail.com,Whey Protein Powder,2,2999,2026-08-24
Hilda.Crona11@gmail.com,Resistance Bands Set,2,799,2026-08-18
Napoleon.Cummerata29@yahoo.com,Shaker Bottle,1,399,2025-03-11
Napoleon.Cummerata29@yahoo.com,Whey Protein Powder,1,2999,2025-02-17
Napoleon.Cummerata29@yahoo.com,Whey Protein Powder,3,2999,2025-12-09
Napoleon.Cummerata29@yahoo.com,Yoga Mat Premium,3,1499,2026-04-04
Napoleon.Cummerata29@yahoo.com,Omega-3 Fish Oil,2,999,2024-10-18
Napoleon.Cummerata29@yahoo.com,Pre-Workout Formula,3,2499,2025-11-12
Napoleon.Cummerata29@yahoo.com,Creatine Monohydrate,2,1499,2026-03-01
Napoleon.Cummerata29@yahoo.com,Shaker Bottle,2,399,2025-06-26
Napoleon.Cummerata29@yahoo.com,Pre-Workout Formula,1,2499,2025-10-20
Napoleon.Cummerata29@yahoo.com,Whey Protein Powder,2,2999,2024-12-10
Napoleon.Cummerata29@yahoo.com,Resistance Bands Set,3,799,2024-11-23
Napoleon.Cummerata29@yahoo.com,Pre-Workout Formula,1,2499,2025-01-20
Napoleon.Cummerata29@yahoo.com,Creatine Monohydrate,2,1499,2025-11-06
Napoleon.Cummerata29@yahoo.com,Shaker Bottle,3,399,2025-10-28
Napoleon.Cummerata29@yahoo.com,Creatine Monohydrate,3,1499,2025-07-10
Napoleon.Cummerata29@yahoo.com,Resistance Bands Set,1,799,2025-08-06
Napoleon.Cummerata29@yahoo.com,Shaker Bottle,3,399,2026-02-14
Napoleon.Cummerata29@yahoo.com,Creatine Monohydrate,3,1499,2024-09-13
Napoleon.Cummerata29@yahoo.com,Pre-Workout Formula,2,2499,2025-04-12
Napoleon.Cummerata29@yahoo.com,Whey Protein Powder,3,2999,2024-11-12
Napoleon.Cummerata29@yahoo.com,Omega-3 Fish Oil,1,999,2024-10-21
Napoleon.Cummerata29@yahoo.com,Resistance Bands Set,2,799,2025-02-25
Napoleon.Cummerata29@yahoo.com,Omega-3 Fish Oil,3,999,2025-09-15
Napoleon.Cummerata29@yahoo.com,Pre-Workout Formula,1,2499,2025-09-30
Napoleon.Cummerata29@yahoo.com,Shaker Bottle,2,399,2025-11-16
Napoleon.Cummerata29@yahoo.com,Pre-Workout Formula,3,2499,2026-03-10
Napoleon.Cummerata29@yahoo.com,Pre-Workout Formula,3,2499,2024-08-28
Napoleon.Cummerata29@yahoo.com,Whey Protein Powder,2,2999,2025-04-30
Napoleon.Cummerata29@yahoo.com,Shaker Bottle,2,399,2025-03-10
Napoleon.Cummerata29@yahoo.com,Pre-Workout Formula,1,2499,2025-12-17
Napoleon.Cummerata29@yahoo.com,Whey Protein Powder,2,2999,2025-09-08
Napoleon.Cummerata29@yahoo.com,Shaker Bottle,1,399,2025-02-15
Napoleon.Cummerata29@yahoo.com,Resistance Bands Set,1,799,2024-12-26
Dillon_West6@gmail.com,Resistance Bands Set,2,799,2025-10-25
Dillon_West6@gmail.com,Whey Protein Powder,3,2999,2025-08-01
Dillon_West6@gmail.com,Whey Protein Powder,1,2999,2025-09-22
Dillon_West6@gmail.com,Whey Protein Powder,3,2999,2025-10-10
Dillon_West6@gmail.com,Creatine Monohydrate,2,1499,2026-01-20
Dillon_West6@gmail.com,Resistance Bands Set,1,799,2025-08-20
Dillon_West6@gmail.com,Omega-3 Fish Oil,3,999,2026-08-14
Dillon_West6@gmail.com,Creatine Monohydrate,1,1499,2025-10-08
Dillon_West6@gmail.com,Resistance Bands Set,3,799,2026-07-21
Dillon_West6@gmail.com,Creatine Monohydrate,3,1499,2026-04-22
Dillon_West6@gmail.com,Whey Protein Powder,2,2999,2026-04-29
Dillon_West6@gmail.com,Creatine Monohydrate,3,1499,2026-06-22
Dillon_West6@gmail.com,Resistance Bands Set,3,799,2026-01-24
Dillon_West6@gmail.com,Whey Protein Powder,2,2999,2026-04-27
Dillon_West6@gmail.com,Shaker Bottle,3,399,2025-11-20
Dillon_West6@gmail.com,Whey Protein Powder,2,2999,2025-11-14
Dillon_West6@gmail.com,Whey Protein Powder,2,2999,2025-08-28
Dillon_West6@gmail.com,Pre-Workout Formula,2,2499,2025-08-04
Dillon_West6@gmail.com,Omega-3 Fish Oil,1,999,2025-07-24
Dillon_West6@gmail.com,Creatine Monohydrate,2,1499,2025-09-06
Dillon_West6@gmail.com,Creatine Monohydrate,3,1499,2026-03-28
Dillon_West6@gmail.com,Omega-3 Fish Oil,3,999,2026-03-17
Dillon_West6@gmail.com,Omega-3 Fish Oil,3,999,2025-09-14
Dillon_West6@gmail.com,Shaker Bottle,2,399,2026-03-17
Dillon_West6@gmail.com,Yoga Mat Premium,3,1499,2025-09-14
Dillon_West6@gmail.com,Creatine Monohydrate,2,1499,2025-09-11
Dillon_West6@gmail.com,Pre-Workout Formula,3,2499,2026-06-10
Dillon_West6@gmail.com,Omega-3 Fish Oil,2,999,2026-04-13
Dillon_West6@gmail.com,Whey Protein Powder,1,2999,2025-12-04
Dillon_West6@gmail.com,Pre-Workout Formula,1,2499,2026-06-27
Dillon_West6@gmail.com,Whey Protein Powder,1,2999,2026-04-15
Dillon_West6@gmail.com,Shaker Bottle,2,399,2026-05-10
Dillon_West6@gmail.com,Omega-3 Fish Oil,2,999,2025-09-17
Dillon_West6@gmail.com,Creatine Monohydrate,2,1499,2025-12-19
Dillon_West6@gmail.com,Yoga Mat Premium,1,1499,2025-10-31
Dillon_West6@gmail.com,Creatine Monohydrate,1,1499,2026-03-09
Dillon_West6@gmail.com,Shaker Bottle,1,399,2026-06-09
Dillon_West6@gmail.com,Resistance Bands Set,1,799,2025-11-25
Dillon_West6@gmail.com,Creatine Monohydrate,1,1499,2026-03-03
Dillon_West6@gmail.com,Creatine Monohydrate,3,1499,2025-09-22
Dillon_West6@gmail.com,Omega-3 Fish Oil,2,999,2026-03-07
Dillon_West6@gmail.com,Pre-Workout Formula,3,2499,2026-06-14
Dillon_West6@gmail.com,Shaker Bottle,1,399,2026-04-25
Dillon_West6@gmail.com,Resistance Bands Set,2,799,2025-11-29
Dillon_West6@gmail.com,Shaker Bottle,3,399,2025-07-20
Dillon_West6@gmail.com,Resistance Bands Set,1,799,2025-10-16
Dillon_West6@gmail.com,Omega-3 Fish Oil,2,999,2026-01-09
Dillon_West6@gmail.com,Shaker Bottle,2,399,2025-10-07
Dillon_West6@gmail.com,Pre-Workout Formula,2,2499,2026-04-02
Dillon_West6@gmail.com,Whey Protein Powder,2,2999,2025-10-30
Dillon_West6@gmail.com,Yoga Mat Premium,3,1499,2026-02-15
Dillon_West6@gmail.com,Shaker Bottle,3,399,2026-07-13
Dillon_West6@gmail.com,Resistance Bands Set,2,799,2025-11-23
Dillon_West6@gmail.com,Resistance Bands Set,3,799,2026-04-21
Dillon_West6@gmail.com,Yoga Mat Premium,2,1499,2025-07-09
Dillon_West6@gmail.com,Yoga Mat Premium,3,1499,2026-03-14
Dillon_West6@gmail.com,Shaker Bottle,1,399,2026-01-21
Dillon_West6@gmail.com,Resistance Bands Set,2,799,2026-01-05
Dillon_West6@gmail.com,Pre-Workout Formula,2,2499,2026-02-07
Dillon_West6@gmail.com,Omega-3 Fish Oil,3,999,2025-10-30
Dillon_West6@gmail.com,Creatine Monohydrate,1,1499,2025-12-31
Dillon_West6@gmail.com,Creatine Monohydrate,2,1499,2025-07-26
Dillon_West6@gmail.com,Shaker Bottle,3,399,2026-05-01
Dillon_West6@gmail.com,Omega-3 Fish Oil,1,999,2026-07-02
Dillon_West6@gmail.com,Whey Protein Powder,3,2999,2026-01-21
Dillon_West6@gmail.com,Pre-Workout Formula,2,2499,2025-07-18
Dillon_West6@gmail.com,Shaker Bottle,3,399,2025-08-01
Dillon_West6@gmail.com,Pre-Workout Formula,2,2499,2025-11-08
Dillon_West6@gmail.com,Creatine Monohydrate,1,1499,2025-12-13
Dillon_West6@gmail.com,Omega-3 Fish Oil,3,999,2026-07-25
Dillon_West6@gmail.com,Pre-Workout Formula,3,2499,2025-08-23
Dillon_West6@gmail.com,Creatine Monohydrate,2,1499,2025-08-09
Dillon_West6@gmail.com,Pre-Workout Formula,1,2499,2026-07-27
Dillon_West6@gmail.com,Omega-3 Fish Oil,2,999,2026-06-17
Dillon_West6@gmail.com,Resistance Bands Set,1,799,2026-01-14
Carroll.Haag@yahoo.com,Omega-3 Fish Oil,3,999,2026-03-18
Carroll.Haag@yahoo.com,Shaker Bottle,2,399,2024-11-08
Carroll.Haag@yahoo.com,Creatine Monohydrate,1,1499,2025-01-21
Carroll.Haag@yahoo.com,Resistance Bands Set,1,799,2026-05-28
Carroll.Haag@yahoo.com,Pre-Workout Formula,2,2499,2026-01-21
Noah_Cassin23@gmail.com,Omega-3 Fish Oil,2,999,2026-06-12
Noah_Cassin23@gmail.com,Creatine Monohydrate,2,1499,2026-03-24
Noah_Cassin23@gmail.com,Shaker Bottle,1,399,2026-04-20
Noah_Cassin23@gmail.com,Resistance Bands Set,1,799,2026-05-06
Noah_Cassin23@gmail.com,Pre-Workout Formula,2,2499,2026-07-09
Noah_Cassin23@gmail.com,Yoga Mat Premium,3,1499,2026-06-12
Noah_Cassin23@gmail.com,Whey Protein Powder,1,2999,2026-05-30
Noah_Cassin23@gmail.com,Yoga Mat Premium,1,1499,2026-04-04
Noah_Cassin23@gmail.com,Pre-Workout Formula,3,2499,2026-04-23
Noah_Cassin23@gmail.com,Pre-Workout Formula,3,2499,2026-03-03
Noah_Cassin23@gmail.com,Whey Protein Powder,2,2999,2026-04-15
Noah_Cassin23@gmail.com,Yoga Mat Premium,1,1499,2026-07-05
Noah_Cassin23@gmail.com,Shaker Bottle,2,399,2026-04-27
Noah_Cassin23@gmail.com,Resistance Bands Set,2,799,2026-07-19
Noah_Cassin23@gmail.com,Creatine Monohydrate,1,1499,2026-06-04
Noah_Cassin23@gmail.com,Resistance Bands Set,3,799,2026-06-27
Noah_Cassin23@gmail.com,Creatine Monohydrate,1,1499,2026-05-30
Noah_Cassin23@gmail.com,Shaker Bottle,1,399,2026-04-25
Noah_Cassin23@gmail.com,Shaker Bottle,3,399,2026-07-10
Noah_Cassin23@gmail.com,Yoga Mat Premium,2,1499,2026-03-23
Noah_Cassin23@gmail.com,Resistance Bands Set,3,799,2026-04-21
Noah_Cassin23@gmail.com,Creatine Monohydrate,1,1499,2026-07-01
Noah_Cassin23@gmail.com,Resistance Bands Set,1,799,2026-07-30
Noah_Cassin23@gmail.com,Whey Protein Powder,3,2999,2026-07-07
Noah_Cassin23@gmail.com,Resistance Bands Set,3,799,2026-07-05
Noah_Cassin23@gmail.com,Pre-Workout Formula,2,2499,2026-05-13
Noah_Cassin23@gmail.com,Yoga Mat Premium,3,1499,2026-04-15
Noah_Cassin23@gmail.com,Shaker Bottle,1,399,2026-05-18
Noah_Cassin23@gmail.com,Pre-Workout Formula,2,2499,2026-05-12
Noah_Cassin23@gmail.com,Yoga Mat Premium,1,1499,2026-04-15
Noah_Cassin23@gmail.com,Omega-3 Fish Oil,3,999,2026-03-19
Noah_Cassin23@gmail.com,Shaker Bottle,2,399,2026-03-01
Noah_Cassin23@gmail.com,Creatine Monohydrate,3,1499,2026-05-14
Noah_Cassin23@gmail.com,Pre-Workout Formula,1,2499,2026-04-05
Noah_Cassin23@gmail.com,Creatine Monohydrate,3,1499,2026-07-17
Noah_Cassin23@gmail.com,Yoga Mat Premium,1,1499,2026-06-07
Noah_Cassin23@gmail.com,Shaker Bottle,2,399,2026-06-24
Noah_Cassin23@gmail.com,Omega-3 Fish Oil,2,999,2026-07-02
Noah_Cassin23@gmail.com,Creatine Monohydrate,3,1499,2026-03-29
Noah_Cassin23@gmail.com,Shaker Bottle,2,399,2026-07-02
Noah_Cassin23@gmail.com,Yoga Mat Premium,1,1499,2026-04-04
June.Rowe0@hotmail.com,Creatine Monohydrate,3,1499,2026-03-07
June.Rowe0@hotmail.com,Pre-Workout Formula,1,2499,2026-03-27
June.Rowe0@hotmail.com,Omega-3 Fish Oil,2,999,2025-07-27
June.Rowe0@hotmail.com,Shaker Bottle,2,399,2025-11-05
June.Rowe0@hotmail.com,Resistance Bands Set,1,799,2026-05-16
June.Rowe0@hotmail.com,Omega-3 Fish Oil,2,999,2026-06-13
June.Rowe0@hotmail.com,Creatine Monohydrate,2,1499,2025-10-20
June.Rowe0@hotmail.com,Whey Protein Powder,3,2999,2026-03-13
June.Rowe0@hotmail.com,Omega-3 Fish Oil,3,999,2025-11-08
June.Rowe0@hotmail.com,Whey Protein Powder,3,2999,2026-06-09
June.Rowe0@hotmail.com,Resistance Bands Set,2,799,2025-10-19
June.Rowe0@hotmail.com,Shaker Bottle,2,399,2025-12-19
June.Rowe0@hotmail.com,Omega-3 Fish Oil,1,999,2026-01-07
June.Rowe0@hotmail.com,Shaker Bottle,3,399,2026-06-10
June.Rowe0@hotmail.com,Resistance Bands Set,3,799,2026-08-09
June.Rowe0@hotmail.com,Omega-3 Fish Oil,3,999,2026-02-11
June.Rowe0@hotmail.com,Yoga Mat Premium,2,1499,2026-02-18
June.Rowe0@hotmail.com,Resistance Bands Set,3,799,2026-02-25
June.Rowe0@hotmail.com,Yoga Mat Premium,2,1499,2025-09-22
June.Rowe0@hotmail.com,Yoga Mat Premium,2,1499,2026-05-13
June.Rowe0@hotmail.com,Yoga Mat Premium,1,1499,2026-06-10
June.Rowe0@hotmail.com,Omega-3 Fish Oil,3,999,2025-08-27
June.Rowe0@hotmail.com,Creatine Monohydrate,2,1499,2026-02-07
June.Rowe0@hotmail.com,Shaker Bottle,3,399,2026-01-04
June.Rowe0@hotmail.com,Yoga Mat Premium,1,1499,2026-06-06
June.Rowe0@hotmail.com,Omega-3 Fish Oil,3,999,2026-02-15
June.Rowe0@hotmail.com,Omega-3 Fish Oil,1,999,2025-09-04
June.Rowe0@hotmail.com,Resistance Bands Set,3,799,2026-06-09
June68@yahoo.com,Creatine Monohydrate,1,1499,2026-07-28
June68@yahoo.com,Creatine Monohydrate,1,1499,2026-06-12
June68@yahoo.com,Creatine Monohydrate,1,1499,2026-04-27
June68@yahoo.com,Creatine Monohydrate,2,1499,2026-03-14
June68@yahoo.com,Creatine Monohydrate,1,1499,2026-02-02
June68@yahoo.com,Creatine Monohydrate,1,1499,2025-12-17
Lucy_Nienow78@yahoo.com,Creatine Monohydrate,1,1499,2026-06-05
Lucy_Nienow78@yahoo.com,Shaker Bottle,2,399,2026-06-22
Lucy_Nienow78@yahoo.com,Yoga Mat Premium,1,1499,2026-07-15
Lucy_Nienow78@yahoo.com,Pre-Workout Formula,2,2499,2026-01-31
Lucy_Nienow78@yahoo.com,Pre-Workout Formula,1,2499,2025-12-13
Lucy_Nienow78@yahoo.com,Yoga Mat Premium,2,1499,2025-12-18
Lucy_Nienow78@yahoo.com,Pre-Workout Formula,2,2499,2026-06-03
Lucy_Nienow78@yahoo.com,Shaker Bottle,3,399,2026-07-10
Lucy_Nienow78@yahoo.com,Pre-Workout Formula,3,2499,2026-07-11
Lucy_Nienow78@yahoo.com,Creatine Monohydrate,1,1499,2026-02-05
Lucy_Nienow78@yahoo.com,Yoga Mat Premium,2,1499,2025-11-27
Lucy_Nienow78@yahoo.com,Omega-3 Fish Oil,2,999,2025-12-19
Lucy_Nienow78@yahoo.com,Pre-Workout Formula,1,2499,2026-06-18
Lucy_Nienow78@yahoo.com,Pre-Workout Formula,1,2499,2026-04-11
Lucy_Nienow78@yahoo.com,Omega-3 Fish Oil,1,999,2025-12-18
Lucy_Nienow78@yahoo.com,Shaker Bottle,1,399,2026-01-12
Lucy_Nienow78@yahoo.com,Shaker Bottle,3,399,2026-03-12
Lucy_Nienow78@yahoo.com,Resistance Bands Set,1,799,2026-02-08
Lucy_Nienow78@yahoo.com,Yoga Mat Premium,2,1499,2026-07-14
Lucy_Nienow78@yahoo.com,Pre-Workout Formula,2,2499,2026-05-16
Lucy_Nienow78@yahoo.com,Resistance Bands Set,2,799,2025-12-15
Lucy_Nienow78@yahoo.com,Creatine Monohydrate,3,1499,2026-01-30
Lucy_Nienow78@yahoo.com,Resistance Bands Set,2,799,2025-12-21
Lucy_Nienow78@yahoo.com,Pre-Workout Formula,3,2499,2026-06-11
Lucy_Nienow78@yahoo.com,Resistance Bands Set,3,799,2026-07-06
Lucy_Nienow78@yahoo.com,Shaker Bottle,2,399,2026-05-21
Ambrose_Runte@gmail.com,Whey Protein Powder,3,2999,2025-04-17
Ambrose_Runte@gmail.com,Resistance Bands Set,3,799,2025-06-19
Ambrose_Runte@gmail.com,Yoga Mat Premium,3,1499,2025-06-21
Ericka.Collins@gmail.com,Omega-3 Fish Oil,1,999,2025-10-20
Ericka.Collins@gmail.com,Pre-Workout Formula,1,2499,2025-08-29
Ericka.Collins@gmail.com,Yoga Mat Premium,3,1499,2025-09-19
Ericka.Collins@gmail.com,Shaker Bottle,1,399,2025-09-17
Ericka.Collins@gmail.com,Whey Protein Powder,3,2999,2026-01-26
Ericka.Collins@gmail.com,Resistance Bands Set,1,799,2026-03-18
Antone89@gmail.com,Creatine Monohydrate,1,1499,2026-07-31
Antone89@gmail.com,Creatine Monohydrate,1,1499,2026-06-16
Antone89@gmail.com,Creatine Monohydrate,2,1499,2026-05-01
Antone89@gmail.com,Creatine Monohydrate,2,1499,2026-03-18
Antone89@gmail.com,Creatine Monohydrate,2,1499,2026-01-28
Antone89@gmail.com,Creatine Monohydrate,1,1499,2025-12-14
Antone89@gmail.com,Creatine Monohydrate,2,1499,2025-10-31
Antone89@gmail.com,Creatine Monohydrate,2,1499,2025-09-16
Antone89@gmail.com,Resistance Bands Set,3,799,2026-05-23
Karson96@gmail.com,Whey Protein Powder,2,2999,2026-05-12
Karson96@gmail.com,Yoga Mat Premium,1,1499,2026-04-14
Karson96@gmail.com,Shaker Bottle,3,399,2025-02-21
Karson96@gmail.com,Resistance Bands Set,3,799,2025-10-28
Karson96@gmail.com,Creatine Monohydrate,2,1499,2026-03-11
Karson96@gmail.com,Whey Protein Powder,2,2999,2026-01-22
Karson96@gmail.com,Yoga Mat Premium,3,1499,2026-03-03
Karson96@gmail.com,Whey Protein Powder,2,2999,2026-07-01
Karson96@gmail.com,Resistance Bands Set,2,799,2026-07-15
Karson96@gmail.com,Whey Protein Powder,3,2999,2026-04-11
Karson96@gmail.com,Omega-3 Fish Oil,3,999,2026-01-01
Karson96@gmail.com,Omega-3 Fish Oil,1,999,2026-06-05
Karson96@gmail.com,Yoga Mat Premium,3,1499,2026-01-21
Karson96@gmail.com,Whey Protein Powder,3,2999,2025-11-29
Karson96@gmail.com,Pre-Workout Formula,2,2499,2026-05-06
Karson96@gmail.com,Resistance Bands Set,1,799,2026-04-03
Karson96@gmail.com,Pre-Workout Formula,3,2499,2025-06-09
Karson96@gmail.com,Resistance Bands Set,3,799,2025-09-06
Karson96@gmail.com,Whey Protein Powder,1,2999,2025-01-15
Karson96@gmail.com,Pre-Workout Formula,2,2499,2025-10-23
Karson96@gmail.com,Resistance Bands Set,3,799,2026-03-03
Karson96@gmail.com,Pre-Workout Formula,2,2499,2025-01-08
Karson96@gmail.com,Resistance Bands Set,1,799,2025-03-25
Karson96@gmail.com,Omega-3 Fish Oil,2,999,2026-04-18
Karson96@gmail.com,Yoga Mat Premium,1,1499,2025-12-04
Karson96@gmail.com,Creatine Monohydrate,1,1499,2025-07-25
Karson96@gmail.com,Omega-3 Fish Oil,3,999,2025-01-13
Karson96@gmail.com,Yoga Mat Premium,2,1499,2025-04-24
Karson96@gmail.com,Resistance Bands Set,1,799,2026-07-13
Karson96@gmail.com,Yoga Mat Premium,2,1499,2026-06-10
Karson96@gmail.com,Omega-3 Fish Oil,3,999,2026-07-12
Karson96@gmail.com,Resistance Bands Set,3,799,2025-01-15
Karson96@gmail.com,Whey Protein Powder,2,2999,2025-11-25
Karson96@gmail.com,Omega-3 Fish Oil,3,999,2026-01-14
Clifford.Schumm89@hotmail.com,Creatine Monohydrate,1,1499,2025-11-18
Clifford.Schumm89@hotmail.com,Whey Protein Powder,2,2999,2026-05-14
Clifford.Schumm89@hotmail.com,Pre-Workout Formula,3,2499,2026-05-17
Clifford.Schumm89@hotmail.com,Resistance Bands Set,3,799,2026-04-18
Clifford.Schumm89@hotmail.com,Creatine Monohydrate,2,1499,2026-04-05
Clifford.Schumm89@hotmail.com,Creatine Monohydrate,2,1499,2025-12-28
Clifford.Schumm89@hotmail.com,Whey Protein Powder,3,2999,2025-11-23
Clifford.Schumm89@hotmail.com,Creatine Monohydrate,2,1499,2025-10-14
Clifford.Schumm89@hotmail.com,Shaker Bottle,3,399,2026-03-18
Clifford.Schumm89@hotmail.com,Pre-Workout Formula,2,2499,2025-12-02
Clifford.Schumm89@hotmail.com,Whey Protein Powder,1,2999,2025-09-05
Clifford.Schumm89@hotmail.com,Whey Protein Powder,1,2999,2025-07-08
Clifford.Schumm89@hotmail.com,Yoga Mat Premium,1,1499,2025-12-19
Clifford.Schumm89@hotmail.com,Resistance Bands Set,2,799,2025-11-19
Clifford.Schumm89@hotmail.com,Creatine Monohydrate,3,1499,2025-12-31
Clifford.Schumm89@hotmail.com,Omega-3 Fish Oil,1,999,2026-06-19
Clifford.Schumm89@hotmail.com,Whey Protein Powder,2,2999,2025-11-09
Clifford.Schumm89@hotmail.com,Yoga Mat Premium,2,1499,2025-12-16
Clifford.Schumm89@hotmail.com,Omega-3 Fish Oil,3,999,2026-04-19
Clifford.Schumm89@hotmail.com,Yoga Mat Premium,3,1499,2026-06-15
Kenneth_Lang85@gmail.com,Shaker Bottle,1,399,2026-05-13
Kenneth_Lang85@gmail.com,Creatine Monohydrate,1,1499,2026-03-29
Green_Kub@yahoo.com,Whey Protein Powder,1,2999,2026-07-28
Green_Kub@yahoo.com,Whey Protein Powder,2,2999,2026-06-28
Green_Kub@yahoo.com,Whey Protein Powder,1,2999,2026-05-25
Green_Kub@yahoo.com,Whey Protein Powder,1,2999,2026-04-26
Green_Kub@yahoo.com,Whey Protein Powder,2,2999,2026-03-31
Green_Kub@yahoo.com,Whey Protein Powder,1,2999,2026-02-23
Green_Kub@yahoo.com,Shaker Bottle,2,399,2025-11-27
Green_Kub@yahoo.com,Resistance Bands Set,1,799,2026-01-16
Green_Kub@yahoo.com,Resistance Bands Set,2,799,2026-05-27
Green_Kub@yahoo.com,Resistance Bands Set,2,799,2026-08-05
Green_Kub@yahoo.com,Resistance Bands Set,3,799,2025-11-27
Green_Kub@yahoo.com,Shaker Bottle,2,399,2025-09-25
Green_Kub@yahoo.com,Shaker Bottle,1,399,2024-11-16
Green_Kub@yahoo.com,Yoga Mat Premium,3,1499,2026-03-18
Katlynn59@yahoo.com,Whey Protein Powder,3,2999,2025-04-14
Katlynn59@yahoo.com,Pre-Workout Formula,2,2499,2025-05-19
Katlynn59@yahoo.com,Whey Protein Powder,3,2999,2026-04-13
Katlynn59@yahoo.com,Omega-3 Fish Oil,1,999,2026-04-19
Katlynn59@yahoo.com,Yoga Mat Premium,3,1499,2026-02-19
Katlynn59@yahoo.com,Pre-Workout Formula,1,2499,2026-07-20
Katlynn59@yahoo.com,Whey Protein Powder,2,2999,2025-09-20
Katlynn59@yahoo.com,Yoga Mat Premium,1,1499,2026-07-22
Katlynn59@yahoo.com,Whey Protein Powder,2,2999,2026-06-07
Katlynn59@yahoo.com,Creatine Monohydrate,3,1499,2026-04-24
Katlynn59@yahoo.com,Creatine Monohydrate,3,1499,2025-05-26
Katlynn59@yahoo.com,Pre-Workout Formula,3,2499,2026-03-27
Katlynn59@yahoo.com,Whey Protein Powder,1,2999,2025-06-03
Katlynn59@yahoo.com,Omega-3 Fish Oil,1,999,2026-04-09
Katlynn59@yahoo.com,Creatine Monohydrate,2,1499,2026-06-07
Katlynn59@yahoo.com,Resistance Bands Set,3,799,2026-05-16
Katlynn59@yahoo.com,Omega-3 Fish Oil,1,999,2025-07-12
Katlynn59@yahoo.com,Shaker Bottle,1,399,2026-06-25
Katlynn59@yahoo.com,Yoga Mat Premium,1,1499,2026-05-30
Katlynn59@yahoo.com,Resistance Bands Set,3,799,2026-07-06
Katlynn59@yahoo.com,Omega-3 Fish Oil,1,999,2025-10-13
Katlynn59@yahoo.com,Whey Protein Powder,1,2999,2026-01-10
Katlynn59@yahoo.com,Whey Protein Powder,2,2999,2025-10-31
Katlynn59@yahoo.com,Omega-3 Fish Oil,3,999,2025-11-15
Katlynn59@yahoo.com,Omega-3 Fish Oil,2,999,2026-02-15
Katlynn59@yahoo.com,Whey Protein Powder,1,2999,2025-12-29
Demarco98@yahoo.com,Yoga Mat Premium,1,1499,2025-02-17
Demarco98@yahoo.com,Yoga Mat Premium,3,1499,2025-12-24
Demarco98@yahoo.com,Omega-3 Fish Oil,1,999,2025-10-09
Demarco98@yahoo.com,Creatine Monohydrate,1,1499,2025-04-04
Demarco98@yahoo.com,Whey Protein Powder,1,2999,2025-05-07
Demarco98@yahoo.com,Shaker Bottle,1,399,2025-04-16
Demarco98@yahoo.com,Whey Protein Powder,2,2999,2025-02-06
Demarco98@yahoo.com,Creatine Monohydrate,2,1499,2025-04-05
Demarco98@yahoo.com,Omega-3 Fish Oil,2,999,2025-06-17
Maegan91@gmail.com,Pre-Workout Formula,1,2499,2026-08-15
Maegan91@gmail.com,Whey Protein Powder,2,2999,2026-06-15
Maegan91@gmail.com,Shaker Bottle,1,399,2026-03-23
Maegan91@gmail.com,Whey Protein Powder,1,2999,2026-02-15
Maegan91@gmail.com,Omega-3 Fish Oil,2,999,2026-02-25
Maegan91@gmail.com,Shaker Bottle,2,399,2026-04-23
Maegan91@gmail.com,Pre-Workout Formula,1,2499,2026-08-19
Maegan91@gmail.com,Omega-3 Fish Oil,2,999,2026-03-02
Maegan91@gmail.com,Omega-3 Fish Oil,3,999,2026-01-12
Maegan91@gmail.com,Shaker Bottle,1,399,2026-08-13
Maegan91@gmail.com,Shaker Bottle,3,399,2026-07-30
Maegan91@gmail.com,Creatine Monohydrate,1,1499,2026-06-05
Maegan91@gmail.com,Shaker Bottle,2,399,2026-04-12
Maegan91@gmail.com,Pre-Workout Formula,3,2499,2026-07-17
Maegan91@gmail.com,Shaker Bottle,2,399,2025-12-28
Maegan91@gmail.com,Omega-3 Fish Oil,3,999,2026-03-22
Maegan91@gmail.com,Creatine Monohydrate,3,1499,2026-08-10
Maegan91@gmail.com,Pre-Workout Formula,2,2499,2026-05-04
Maegan91@gmail.com,Shaker Bottle,2,399,2026-04-03
Maegan91@gmail.com,Omega-3 Fish Oil,1,999,2026-06-06
Maegan91@gmail.com,Shaker Bottle,1,399,2026-04-08
Maegan91@gmail.com,Shaker Bottle,1,399,2026-07-15
Maegan91@gmail.com,Whey Protein Powder,1,2999,2026-06-16
Maegan91@gmail.com,Omega-3 Fish Oil,1,999,2026-02-06
Maegan91@gmail.com,Resistance Bands Set,3,799,2026-05-23
Maegan91@gmail.com,Creatine Monohydrate,1,1499,2026-04-10
Maegan91@gmail.com,Pre-Workout Formula,2,2499,2026-05-28
Maegan91@gmail.com,Omega-3 Fish Oil,1,999,2025-12-24
Maegan91@gmail.com,Shaker Bottle,1,399,2026-03-23
Maegan91@gmail.com,Resistance Bands Set,2,799,2026-04-26
Maegan91@gmail.com,Omega-3 Fish Oil,3,999,2026-06-05
Maegan91@gmail.com,Creatine Monohydrate,1,1499,2026-08-22
Maegan91@gmail.com,Shaker Bottle,1,399,2025-12-25
Maegan91@gmail.com,Yoga Mat Premium,2,1499,2026-01-04
Maegan91@gmail.com,Resistance Bands Set,1,799,2026-03-14
Maegan91@gmail.com,Pre-Workout Formula,3,2499,2026-03-08
Maegan91@gmail.com,Whey Protein Powder,1,2999,2026-06-03
Maegan91@gmail.com,Yoga Mat Premium,3,1499,2026-07-14
Maegan91@gmail.com,Pre-Workout Formula,3,2499,2026-07-27
Maegan91@gmail.com,Creatine Monohydrate,3,1499,2025-12-22
Maegan91@gmail.com,Shaker Bottle,2,399,2026-05-03
Maegan91@gmail.com,Whey Protein Powder,2,2999,2026-02-02
Maegan91@gmail.com,Pre-Workout Formula,2,2499,2026-02-24
Maegan91@gmail.com,Resistance Bands Set,2,799,2026-06-01
Maegan91@gmail.com,Omega-3 Fish Oil,1,999,2026-07-31
Maegan91@gmail.com,Shaker Bottle,3,399,2026-07-10
Maegan91@gmail.com,Yoga Mat Premium,2,1499,2026-01-31
Maegan91@gmail.com,Omega-3 Fish Oil,2,999,2026-07-15
Maegan91@gmail.com,Pre-Workout Formula,1,2499,2026-05-25
Maegan91@gmail.com,Whey Protein Powder,3,2999,2025-12-16
Maegan91@gmail.com,Shaker Bottle,1,399,2026-08-18
Maegan91@gmail.com,Omega-3 Fish Oil,1,999,2026-01-10
Maegan91@gmail.com,Whey Protein Powder,2,2999,2025-12-17
Maegan91@gmail.com,Pre-Workout Formula,1,2499,2026-06-11
Maegan91@gmail.com,Creatine Monohydrate,3,1499,2026-07-26
Maegan91@gmail.com,Yoga Mat Premium,3,1499,2026-06-05
Maegan91@gmail.com,Whey Protein Powder,1,2999,2026-03-14
Maegan91@gmail.com,Resistance Bands Set,2,799,2026-07-03
Maegan91@gmail.com,Creatine Monohydrate,2,1499,2026-05-24
Maegan91@gmail.com,Pre-Workout Formula,1,2499,2026-07-03
Maegan91@gmail.com,Whey Protein Powder,1,2999,2026-07-26
Maegan91@gmail.com,Whey Protein Powder,3,2999,2026-08-11
Maegan91@gmail.com,Resistance Bands Set,2,799,2026-04-26
Maegan91@gmail.com,Shaker Bottle,3,399,2026-07-19
Maegan91@gmail.com,Yoga Mat Premium,3,1499,2025-12-20
Maegan91@gmail.com,Pre-Workout Formula,3,2499,2026-08-19
Maegan91@gmail.com,Whey Protein Powder,2,2999,2026-05-05
Maegan91@gmail.com,Omega-3 Fish Oil,1,999,2026-01-14
Maegan91@gmail.com,Whey Protein Powder,2,2999,2026-08-04
Maegan91@gmail.com,Pre-Workout Formula,1,2499,2026-07-19
Maegan91@gmail.com,Yoga Mat Premium,3,1499,2026-01-24
Maegan91@gmail.com,Creatine Monohydrate,3,1499,2026-05-01
Maegan91@gmail.com,Resistance Bands Set,2,799,2026-04-29
Maegan91@gmail.com,Pre-Workout Formula,2,2499,2026-03-18
Francesca.Raynor@gmail.com,Resistance Bands Set,3,799,2025-09-29
Francesca.Raynor@gmail.com,Creatine Monohydrate,3,1499,2025-11-04
Francesca.Raynor@gmail.com,Creatine Monohydrate,1,1499,2025-06-10
Francesca.Raynor@gmail.com,Shaker Bottle,1,399,2025-01-05
Francesca.Raynor@gmail.com,Yoga Mat Premium,1,1499,2025-03-18
Francesca.Raynor@gmail.com,Omega-3 Fish Oil,1,999,2025-06-26
Francesca.Raynor@gmail.com,Pre-Workout Formula,3,2499,2024-11-26
Francesca.Raynor@gmail.com,Whey Protein Powder,1,2999,2024-11-27
Francesca.Raynor@gmail.com,Whey Protein Powder,3,2999,2025-09-21
Francesca.Raynor@gmail.com,Whey Protein Powder,1,2999,2025-11-02
Amara.Hettinger@gmail.com,Whey Protein Powder,2,2999,2026-07-29
Amara.Hettinger@gmail.com,Whey Protein Powder,2,2999,2026-06-27
Amara.Hettinger@gmail.com,Whey Protein Powder,2,2999,2026-05-28
Amara.Hettinger@gmail.com,Whey Protein Powder,1,2999,2026-05-03
Amara.Hettinger@gmail.com,Creatine Monohydrate,1,1499,2025-10-06
Amara.Hettinger@gmail.com,Shaker Bottle,1,399,2025-06-16
Amara.Hettinger@gmail.com,Yoga Mat Premium,2,1499,2025-07-08
Amara.Hettinger@gmail.com,Omega-3 Fish Oil,3,999,2026-05-17
Amara.Hettinger@gmail.com,Creatine Monohydrate,3,1499,2026-03-05
Amara.Hettinger@gmail.com,Pre-Workout Formula,2,2499,2025-09-10
Amara.Hettinger@gmail.com,Creatine Monohydrate,1,1499,2026-08-08
Amara.Hettinger@gmail.com,Pre-Workout Formula,3,2499,2026-05-17
Amara.Hettinger@gmail.com,Resistance Bands Set,1,799,2025-06-01
Amara.Hettinger@gmail.com,Resistance Bands Set,2,799,2025-05-31
Amara.Hettinger@gmail.com,Yoga Mat Premium,3,1499,2025-08-21
Amara.Hettinger@gmail.com,Yoga Mat Premium,2,1499,2026-07-29
Amara.Hettinger@gmail.com,Pre-Workout Formula,1,2499,2025-09-11
Amara.Hettinger@gmail.com,Resistance Bands Set,3,799,2025-11-19
Mya.Powlowski49@gmail.com,Whey Protein Powder,2,2999,2026-07-25
Mya.Powlowski49@gmail.com,Whey Protein Powder,2,2999,2026-06-27
Mya.Powlowski49@gmail.com,Whey Protein Powder,2,2999,2026-05-26
Mya.Powlowski49@gmail.com,Whey Protein Powder,1,2999,2026-04-27
Mya.Powlowski49@gmail.com,Whey Protein Powder,2,2999,2026-03-27
Mya.Powlowski49@gmail.com,Whey Protein Powder,1,2999,2026-02-24
Mya.Powlowski49@gmail.com,Whey Protein Powder,1,2999,2026-01-25
Mya.Powlowski49@gmail.com,Whey Protein Powder,1,2999,2025-12-30
Loyal.Harvey@gmail.com,Creatine Monohydrate,1,1499,2026-07-28
Loyal.Harvey@gmail.com,Creatine Monohydrate,1,1499,2026-06-14
Loyal.Harvey@gmail.com,Creatine Monohydrate,2,1499,2026-05-01
Loyal.Harvey@gmail.com,Creatine Monohydrate,2,1499,2026-03-17
Loyal.Harvey@gmail.com,Creatine Monohydrate,2,1499,2026-01-28
Loyal.Harvey@gmail.com,Creatine Monohydrate,2,1499,2025-12-18
Loyal.Harvey@gmail.com,Creatine Monohydrate,2,1499,2025-11-01
Loyal.Harvey@gmail.com,Shaker Bottle,3,399,2026-07-31
Loyal.Harvey@gmail.com,Shaker Bottle,3,399,2026-07-21
Adolphus_Upton77@hotmail.com,Pre-Workout Formula,1,2499,2025-06-07
Adolphus_Upton77@hotmail.com,Resistance Bands Set,1,799,2025-11-07
Adolphus_Upton77@hotmail.com,Resistance Bands Set,3,799,2025-07-04
Adolphus_Upton77@hotmail.com,Creatine Monohydrate,2,1499,2025-09-10
Garry_Kulas@gmail.com,Yoga Mat Premium,3,1499,2026-04-09
Garry_Kulas@gmail.com,Shaker Bottle,2,399,2026-05-02
Garry_Kulas@gmail.com,Shaker Bottle,3,399,2026-06-07
Garry_Kulas@gmail.com,Resistance Bands Set,1,799,2026-03-19
Garry_Kulas@gmail.com,Resistance Bands Set,1,799,2026-07-12
Garry_Kulas@gmail.com,Resistance Bands Set,2,799,2026-05-31
Garry_Kulas@gmail.com,Omega-3 Fish Oil,2,999,2026-02-20
Garry_Kulas@gmail.com,Shaker Bottle,1,399,2026-04-27
Garry_Kulas@gmail.com,Omega-3 Fish Oil,1,999,2026-07-29
Garry_Kulas@gmail.com,Pre-Workout Formula,3,2499,2026-06-08
Garry_Kulas@gmail.com,Yoga Mat Premium,2,1499,2026-03-13
Garry_Kulas@gmail.com,Omega-3 Fish Oil,1,999,2026-06-28
Garry_Kulas@gmail.com,Whey Protein Powder,2,2999,2026-06-06
Rebeca71@yahoo.com,Omega-3 Fish Oil,3,999,2025-12-13
Rebeca71@yahoo.com,Creatine Monohydrate,3,1499,2026-06-04
Rebeca71@yahoo.com,Pre-Workout Formula,3,2499,2026-02-13
Rebeca71@yahoo.com,Resistance Bands Set,2,799,2026-07-15
Rebeca71@yahoo.com,Pre-Workout Formula,3,2499,2026-03-12
Rebeca71@yahoo.com,Shaker Bottle,1,399,2025-12-15
Rebeca71@yahoo.com,Whey Protein Powder,3,2999,2026-01-28
Rebeca71@yahoo.com,Shaker Bottle,3,399,2025-12-03
Rebeca71@yahoo.com,Omega-3 Fish Oil,3,999,2026-06-09
Rebeca71@yahoo.com,Creatine Monohydrate,1,1499,2026-03-08
Rebeca71@yahoo.com,Whey Protein Powder,2,2999,2026-06-27
Rebeca71@yahoo.com,Shaker Bottle,3,399,2026-05-11
Rebeca71@yahoo.com,Omega-3 Fish Oil,3,999,2026-05-13
Rebeca71@yahoo.com,Whey Protein Powder,2,2999,2026-02-28
Rebeca71@yahoo.com,Resistance Bands Set,3,799,2026-03-06
Rebeca71@yahoo.com,Pre-Workout Formula,3,2499,2026-03-14
Rebeca71@yahoo.com,Yoga Mat Premium,1,1499,2026-07-22
Rebeca71@yahoo.com,Whey Protein Powder,3,2999,2025-12-09
Rebeca71@yahoo.com,Omega-3 Fish Oil,3,999,2026-01-08
Rebeca71@yahoo.com,Creatine Monohydrate,1,1499,2026-05-09
Rebeca71@yahoo.com,Yoga Mat Premium,3,1499,2026-04-22
Rebeca71@yahoo.com,Omega-3 Fish Oil,2,999,2026-04-04
Rebeca71@yahoo.com,Omega-3 Fish Oil,1,999,2026-08-13
Rebeca71@yahoo.com,Omega-3 Fish Oil,2,999,2026-05-24
Rebeca71@yahoo.com,Shaker Bottle,1,399,2025-12-02
Rebeca71@yahoo.com,Resistance Bands Set,2,799,2026-06-18
Rebeca71@yahoo.com,Yoga Mat Premium,1,1499,2026-03-09
Rebeca71@yahoo.com,Creatine Monohydrate,2,1499,2025-12-09
Rebeca71@yahoo.com,Resistance Bands Set,2,799,2026-02-26
Rebeca71@yahoo.com,Yoga Mat Premium,3,1499,2026-01-18
Rebeca71@yahoo.com,Pre-Workout Formula,1,2499,2026-08-07
Rebeca71@yahoo.com,Resistance Bands Set,2,799,2026-03-11
Rebeca71@yahoo.com,Omega-3 Fish Oil,3,999,2026-01-04
Rebeca71@yahoo.com,Shaker Bottle,2,399,2026-05-20
Rebeca71@yahoo.com,Pre-Workout Formula,2,2499,2026-04-04
Rebeca71@yahoo.com,Pre-Workout Formula,1,2499,2026-01-29
Rebeca71@yahoo.com,Omega-3 Fish Oil,1,999,2026-02-25
Mariam_Towne47@hotmail.com,Shaker Bottle,2,399,2025-01-05
Mariam_Towne47@hotmail.com,Whey Protein Powder,1,2999,2025-09-30
Mariam_Towne47@hotmail.com,Creatine Monohydrate,3,1499,2025-01-23
Mariam_Towne47@hotmail.com,Shaker Bottle,2,399,2025-05-07
Mariam_Towne47@hotmail.com,Whey Protein Powder,3,2999,2025-09-27
Mariam_Towne47@hotmail.com,Creatine Monohydrate,3,1499,2025-06-21
Mariam_Towne47@hotmail.com,Creatine Monohydrate,3,1499,2025-08-30
Mariam_Towne47@hotmail.com,Whey Protein Powder,1,2999,2024-12-13
Mariam_Towne47@hotmail.com,Yoga Mat Premium,3,1499,2025-10-30
Mariam_Towne47@hotmail.com,Yoga Mat Premium,3,1499,2024-12-19
Mariam_Towne47@hotmail.com,Yoga Mat Premium,1,1499,2025-09-04
Mariam_Towne47@hotmail.com,Creatine Monohydrate,2,1499,2025-05-06
Mariam_Towne47@hotmail.com,Whey Protein Powder,2,2999,2024-11-13
Mariam_Towne47@hotmail.com,Resistance Bands Set,3,799,2024-12-27
Mariam_Towne47@hotmail.com,Omega-3 Fish Oil,2,999,2025-05-02
Mariam_Towne47@hotmail.com,Shaker Bottle,3,399,2025-08-09
Deontae.Bergstrom87@yahoo.com,Pre-Workout Formula,2,2499,2025-10-20
Deontae.Bergstrom87@yahoo.com,Shaker Bottle,3,399,2026-05-20
Deontae.Bergstrom87@yahoo.com,Shaker Bottle,3,399,2025-10-03
Deontae.Bergstrom87@yahoo.com,Shaker Bottle,2,399,2026-08-07
Deontae.Bergstrom87@yahoo.com,Whey Protein Powder,2,2999,2025-08-20
Deontae.Bergstrom87@yahoo.com,Pre-Workout Formula,3,2499,2026-07-29
Bertram81@yahoo.com,Creatine Monohydrate,2,1499,2026-07-28
Bertram81@yahoo.com,Creatine Monohydrate,1,1499,2026-06-12
Bertram81@yahoo.com,Creatine Monohydrate,1,1499,2026-05-03
Bertram81@yahoo.com,Creatine Monohydrate,2,1499,2026-03-15
Bertram81@yahoo.com,Creatine Monohydrate,2,1499,2026-01-28
Bertram81@yahoo.com,Creatine Monohydrate,2,1499,2025-12-18
Bertram81@yahoo.com,Omega-3 Fish Oil,3,999,2026-03-23
Bertram81@yahoo.com,Shaker Bottle,3,399,2025-05-30
Bertram81@yahoo.com,Omega-3 Fish Oil,2,999,2025-04-22
Bertram81@yahoo.com,Shaker Bottle,3,399,2026-01-27
Bertram81@yahoo.com,Pre-Workout Formula,1,2499,2025-10-04
Bertram81@yahoo.com,Whey Protein Powder,1,2999,2026-05-15
Bertram81@yahoo.com,Resistance Bands Set,1,799,2025-11-03
Pierre_Hirthe@gmail.com,Shaker Bottle,1,399,2025-07-09
Pierre_Hirthe@gmail.com,Omega-3 Fish Oil,1,999,2025-07-24
Pierre_Hirthe@gmail.com,Pre-Workout Formula,3,2499,2026-01-02
Pierre_Hirthe@gmail.com,Creatine Monohydrate,2,1499,2026-03-08
Pierre_Hirthe@gmail.com,Resistance Bands Set,3,799,2026-07-10
Pierre_Hirthe@gmail.com,Creatine Monohydrate,3,1499,2026-05-15
Pierre_Hirthe@gmail.com,Whey Protein Powder,3,2999,2025-12-28
Pierre_Hirthe@gmail.com,Pre-Workout Formula,3,2499,2026-05-12
Pierre_Hirthe@gmail.com,Omega-3 Fish Oil,2,999,2025-05-05
Pierre_Hirthe@gmail.com,Pre-Workout Formula,2,2499,2026-05-26
Pierre_Hirthe@gmail.com,Whey Protein Powder,1,2999,2025-12-26
Pierre_Hirthe@gmail.com,Creatine Monohydrate,2,1499,2025-11-21
Pierre_Hirthe@gmail.com,Shaker Bottle,2,399,2026-07-13
Pierre_Hirthe@gmail.com,Creatine Monohydrate,2,1499,2026-08-10
Pierre_Hirthe@gmail.com,Yoga Mat Premium,1,1499,2025-11-10
Pierre_Hirthe@gmail.com,Shaker Bottle,2,399,2025-11-14
Pierre_Hirthe@gmail.com,Omega-3 Fish Oil,3,999,2025-12-06
Pierre_Hirthe@gmail.com,Yoga Mat Premium,3,1499,2026-07-16
Nicolette.Watsica90@yahoo.com,Whey Protein Powder,1,2999,2026-07-27
Nicolette.Watsica90@yahoo.com,Whey Protein Powder,2,2999,2026-06-28
Nicolette.Watsica90@yahoo.com,Whey Protein Powder,1,2999,2026-05-29
Nicolette.Watsica90@yahoo.com,Whey Protein Powder,2,2999,2026-04-28
Nicolette.Watsica90@yahoo.com,Whey Protein Powder,1,2999,2026-04-02
Nicolette.Watsica90@yahoo.com,Whey Protein Powder,1,2999,2026-03-01
Nicolette.Watsica90@yahoo.com,Whey Protein Powder,2,2999,2026-01-30
Nicolette.Watsica90@yahoo.com,Yoga Mat Premium,3,1499,2026-05-12
Nicolette.Watsica90@yahoo.com,Creatine Monohydrate,2,1499,2026-06-28
Nicolette.Watsica90@yahoo.com,Creatine Monohydrate,1,1499,2026-01-30
Nicolette.Watsica90@yahoo.com,Creatine Monohydrate,3,1499,2025-08-18
Diego.Walker@yahoo.com,Resistance Bands Set,2,799,2025-09-12
Diego.Walker@yahoo.com,Yoga Mat Premium,1,1499,2026-03-30
Diego.Walker@yahoo.com,Omega-3 Fish Oil,1,999,2026-01-05
Diego.Walker@yahoo.com,Pre-Workout Formula,3,2499,2026-05-20
Diego.Walker@yahoo.com,Shaker Bottle,3,399,2026-03-31
Diego.Walker@yahoo.com,Omega-3 Fish Oil,1,999,2026-06-26
Diego.Walker@yahoo.com,Shaker Bottle,3,399,2026-03-04
Diego.Walker@yahoo.com,Whey Protein Powder,3,2999,2025-06-25
Diego.Walker@yahoo.com,Shaker Bottle,1,399,2026-05-20
Diego.Walker@yahoo.com,Resistance Bands Set,1,799,2026-03-24
Diego.Walker@yahoo.com,Whey Protein Powder,2,2999,2026-01-23
Diego.Walker@yahoo.com,Pre-Workout Formula,2,2499,2026-04-23
Diego.Walker@yahoo.com,Pre-Workout Formula,1,2499,2025-11-23
Diego.Walker@yahoo.com,Omega-3 Fish Oil,2,999,2026-06-25
Diego.Walker@yahoo.com,Creatine Monohydrate,2,1499,2026-04-22
Diego.Walker@yahoo.com,Omega-3 Fish Oil,2,999,2025-12-16
Diego.Walker@yahoo.com,Pre-Workout Formula,1,2499,2026-06-05
Diego.Walker@yahoo.com,Creatine Monohydrate,1,1499,2025-07-26
Diego.Walker@yahoo.com,Resistance Bands Set,3,799,2026-05-15
Diego.Walker@yahoo.com,Yoga Mat Premium,2,1499,2026-06-11
Diego.Walker@yahoo.com,Creatine Monohydrate,2,1499,2025-11-13
Diego.Walker@yahoo.com,Shaker Bottle,3,399,2025-07-23
Diego.Walker@yahoo.com,Shaker Bottle,3,399,2026-07-25
Diego.Walker@yahoo.com,Creatine Monohydrate,1,1499,2026-01-11
Diego.Walker@yahoo.com,Yoga Mat Premium,1,1499,2026-02-15
Diego.Walker@yahoo.com,Shaker Bottle,2,399,2026-07-07
Diego.Walker@yahoo.com,Omega-3 Fish Oil,1,999,2026-05-17
Priscilla_Hamill43@gmail.com,Pre-Workout Formula,1,2499,2026-07-27
Priscilla_Hamill43@gmail.com,Pre-Workout Formula,1,2499,2026-06-29
Priscilla_Hamill43@gmail.com,Pre-Workout Formula,2,2499,2026-05-27
Priscilla_Hamill43@gmail.com,Pre-Workout Formula,2,2499,2026-04-28
Priscilla_Hamill43@gmail.com,Pre-Workout Formula,2,2499,2026-03-29
Priscilla_Hamill43@gmail.com,Pre-Workout Formula,2,2499,2026-03-01
Priscilla_Hamill43@gmail.com,Pre-Workout Formula,2,2499,2026-01-26
Priscilla_Hamill43@gmail.com,Pre-Workout Formula,1,2499,2025-12-31
Priscilla_Hamill43@gmail.com,Shaker Bottle,1,399,2025-02-27
Priscilla_Hamill43@gmail.com,Creatine Monohydrate,2,1499,2026-01-20
Priscilla_Hamill43@gmail.com,Creatine Monohydrate,3,1499,2026-04-30
Priscilla_Hamill43@gmail.com,Whey Protein Powder,2,2999,2025-03-01
Priscilla_Hamill43@gmail.com,Whey Protein Powder,3,2999,2025-05-18
Priscilla_Hamill43@gmail.com,Whey Protein Powder,2,2999,2025-01-16
Priscilla_Hamill43@gmail.com,Creatine Monohydrate,1,1499,2026-05-09
Priscilla_Hamill43@gmail.com,Omega-3 Fish Oil,1,999,2026-02-18
Priscilla_Hamill43@gmail.com,Yoga Mat Premium,3,1499,2026-01-27
Priscilla_Hamill43@gmail.com,Creatine Monohydrate,1,1499,2025-07-27
Priscilla_Hamill43@gmail.com,Creatine Monohydrate,2,1499,2026-07-20
Priscilla_Hamill43@gmail.com,Creatine Monohydrate,3,1499,2026-06-10
Priscilla_Hamill43@gmail.com,Whey Protein Powder,3,2999,2025-12-04
Priscilla_Hamill43@gmail.com,Whey Protein Powder,3,2999,2025-04-14
Priscilla_Hamill43@gmail.com,Yoga Mat Premium,2,1499,2025-08-24
Priscilla_Hamill43@gmail.com,Yoga Mat Premium,1,1499,2025-12-30
Priscilla_Hamill43@gmail.com,Shaker Bottle,2,399,2025-07-17
Priscilla_Hamill43@gmail.com,Shaker Bottle,3,399,2026-07-01
Priscilla_Hamill43@gmail.com,Creatine Monohydrate,1,1499,2025-03-01
Priscilla_Hamill43@gmail.com,Yoga Mat Premium,1,1499,2025-06-22
Priscilla_Hamill43@gmail.com,Omega-3 Fish Oil,2,999,2026-07-07
Priscilla_Hamill43@gmail.com,Omega-3 Fish Oil,3,999,2026-03-13
Priscilla_Hamill43@gmail.com,Omega-3 Fish Oil,1,999,2026-04-09
Priscilla_Hamill43@gmail.com,Whey Protein Powder,1,2999,2025-08-21
Priscilla_Hamill43@gmail.com,Omega-3 Fish Oil,2,999,2025-09-05
Priscilla_Hamill43@gmail.com,Whey Protein Powder,3,2999,2026-04-01
Priscilla_Hamill43@gmail.com,Creatine Monohydrate,1,1499,2025-06-27
Priscilla_Hamill43@gmail.com,Whey Protein Powder,1,2999,2025-11-03
Priscilla_Hamill43@gmail.com,Shaker Bottle,3,399,2026-06-20
Priscilla_Hamill43@gmail.com,Yoga Mat Premium,2,1499,2025-12-04
Priscilla_Hamill43@gmail.com,Yoga Mat Premium,1,1499,2025-02-14
Priscilla_Hamill43@gmail.com,Creatine Monohydrate,3,1499,2025-07-14
Priscilla_Hamill43@gmail.com,Shaker Bottle,2,399,2025-10-14
Priscilla_Hamill43@gmail.com,Creatine Monohydrate,2,1499,2025-06-04
Priscilla_Hamill43@gmail.com,Whey Protein Powder,2,2999,2026-03-13
Leon.Frami@hotmail.com,Resistance Bands Set,3,799,2026-07-09
Leon.Frami@hotmail.com,Whey Protein Powder,1,2999,2026-03-16
Leon.Frami@hotmail.com,Yoga Mat Premium,1,1499,2025-10-01
Leon.Frami@hotmail.com,Resistance Bands Set,3,799,2026-01-08
Leon.Frami@hotmail.com,Resistance Bands Set,1,799,2025-11-30
Leon.Frami@hotmail.com,Creatine Monohydrate,1,1499,2026-01-06
Leon.Frami@hotmail.com,Yoga Mat Premium,1,1499,2026-06-01
Leon.Frami@hotmail.com,Resistance Bands Set,2,799,2025-11-27
Leon.Frami@hotmail.com,Whey Protein Powder,2,2999,2025-11-12
Leon.Frami@hotmail.com,Omega-3 Fish Oil,2,999,2025-11-03
Leon.Frami@hotmail.com,Shaker Bottle,1,399,2025-08-27
Ara.Ratke45@yahoo.com,Pre-Workout Formula,1,2499,2025-08-15
Ara.Ratke45@yahoo.com,Whey Protein Powder,1,2999,2025-03-27
Ara.Ratke45@yahoo.com,Yoga Mat Premium,2,1499,2025-09-07
Ara.Ratke45@yahoo.com,Creatine Monohydrate,3,1499,2024-12-03
Ara.Ratke45@yahoo.com,Resistance Bands Set,2,799,2024-10-07
Ara.Ratke45@yahoo.com,Whey Protein Powder,2,2999,2025-07-14
Ara.Ratke45@yahoo.com,Omega-3 Fish Oil,1,999,2024-11-03
Ara.Ratke45@yahoo.com,Creatine Monohydrate,1,1499,2024-12-02
Ara.Ratke45@yahoo.com,Whey Protein Powder,3,2999,2025-01-23
Ara.Ratke45@yahoo.com,Creatine Monohydrate,3,1499,2025-05-18
Ara.Ratke45@yahoo.com,Resistance Bands Set,3,799,2025-09-28
Ara.Ratke45@yahoo.com,Omega-3 Fish Oil,3,999,2025-06-18
Ara.Ratke45@yahoo.com,Whey Protein Powder,2,2999,2025-06-30
Ara.Ratke45@yahoo.com,Yoga Mat Premium,1,1499,2024-10-04
Ara.Ratke45@yahoo.com,Creatine Monohydrate,2,1499,2025-08-19
Ara.Ratke45@yahoo.com,Yoga Mat Premium,1,1499,2025-08-13
Ara.Ratke45@yahoo.com,Resistance Bands Set,2,799,2025-09-14
Orie_Gutkowski@gmail.com,Creatine Monohydrate,1,1499,2026-07-23
Orie_Gutkowski@gmail.com,Creatine Monohydrate,1,1499,2026-06-10
Orie_Gutkowski@gmail.com,Creatine Monohydrate,2,1499,2026-04-23
Orie_Gutkowski@gmail.com,Creatine Monohydrate,2,1499,2026-03-14
Orie_Gutkowski@gmail.com,Creatine Monohydrate,1,1499,2026-01-28
Orie_Gutkowski@gmail.com,Creatine Monohydrate,2,1499,2025-12-09
Orie_Gutkowski@gmail.com,Creatine Monohydrate,2,1499,2025-10-28
Orie_Gutkowski@gmail.com,Creatine Monohydrate,2,1499,2025-09-15
Orie_Gutkowski@gmail.com,Omega-3 Fish Oil,3,999,2026-08-13
Orie_Gutkowski@gmail.com,Shaker Bottle,1,399,2025-10-19
Orie_Gutkowski@gmail.com,Omega-3 Fish Oil,2,999,2025-08-18
Orie_Gutkowski@gmail.com,Whey Protein Powder,3,2999,2026-02-19
Orie_Gutkowski@gmail.com,Omega-3 Fish Oil,1,999,2026-06-24
Kyla.Gottlieb@gmail.com,Shaker Bottle,3,399,2026-03-01
Kyla.Gottlieb@gmail.com,Yoga Mat Premium,2,1499,2026-04-27
Kyla.Gottlieb@gmail.com,Whey Protein Powder,2,2999,2026-06-16
Kyla.Gottlieb@gmail.com,Whey Protein Powder,3,2999,2026-06-11
Kyla.Gottlieb@gmail.com,Omega-3 Fish Oil,1,999,2026-05-02
Kyla.Gottlieb@gmail.com,Whey Protein Powder,3,2999,2026-03-09
Kyla.Gottlieb@gmail.com,Pre-Workout Formula,1,2499,2026-03-22
Kyla.Gottlieb@gmail.com,Yoga Mat Premium,1,1499,2025-12-07
Kyla.Gottlieb@gmail.com,Shaker Bottle,2,399,2026-02-03
Kyla.Gottlieb@gmail.com,Pre-Workout Formula,1,2499,2026-06-24
Kyla.Gottlieb@gmail.com,Whey Protein Powder,2,2999,2026-07-30
Kyla.Gottlieb@gmail.com,Resistance Bands Set,3,799,2026-07-13
Kyla.Gottlieb@gmail.com,Yoga Mat Premium,3,1499,2025-11-10
Kyla.Gottlieb@gmail.com,Resistance Bands Set,1,799,2026-07-18
Kyla.Gottlieb@gmail.com,Shaker Bottle,1,399,2026-06-26
Kyla.Gottlieb@gmail.com,Resistance Bands Set,3,799,2025-12-31
Kyla.Gottlieb@gmail.com,Resistance Bands Set,3,799,2026-03-20
Kyla.Gottlieb@gmail.com,Omega-3 Fish Oil,3,999,2026-06-30
Kyla.Gottlieb@gmail.com,Whey Protein Powder,3,2999,2026-01-08
Kyla.Gottlieb@gmail.com,Omega-3 Fish Oil,1,999,2026-01-24
Kyla.Gottlieb@gmail.com,Omega-3 Fish Oil,3,999,2026-03-19
Kyla.Gottlieb@gmail.com,Creatine Monohydrate,1,1499,2026-02-01
Kyla.Gottlieb@gmail.com,Omega-3 Fish Oil,1,999,2026-07-06
Kyla.Gottlieb@gmail.com,Shaker Bottle,3,399,2026-01-23
Kyla.Gottlieb@gmail.com,Whey Protein Powder,1,2999,2026-05-13
Kyla.Gottlieb@gmail.com,Yoga Mat Premium,1,1499,2026-02-15
Kyla.Gottlieb@gmail.com,Shaker Bottle,3,399,2026-04-02
Kyla.Gottlieb@gmail.com,Yoga Mat Premium,3,1499,2025-12-05
Kyla.Gottlieb@gmail.com,Creatine Monohydrate,2,1499,2026-07-06
Kyla.Gottlieb@gmail.com,Resistance Bands Set,1,799,2026-07-27
Kyla.Gottlieb@gmail.com,Resistance Bands Set,1,799,2026-07-24
Kyla.Gottlieb@gmail.com,Whey Protein Powder,3,2999,2026-01-02
Kyla.Gottlieb@gmail.com,Creatine Monohydrate,1,1499,2026-01-15
Kyla.Gottlieb@gmail.com,Whey Protein Powder,1,2999,2026-02-20
Kyla.Gottlieb@gmail.com,Resistance Bands Set,1,799,2025-12-04
Kyla.Gottlieb@gmail.com,Shaker Bottle,2,399,2026-02-06
Kyla.Gottlieb@gmail.com,Whey Protein Powder,3,2999,2026-07-27
Kyla.Gottlieb@gmail.com,Omega-3 Fish Oil,2,999,2026-07-07
Kyla.Gottlieb@gmail.com,Whey Protein Powder,3,2999,2026-06-23
Kyla.Gottlieb@gmail.com,Omega-3 Fish Oil,1,999,2025-12-09
Kyla.Gottlieb@gmail.com,Shaker Bottle,3,399,2026-07-29
Kyla.Gottlieb@gmail.com,Yoga Mat Premium,2,1499,2026-07-19
Kyla.Gottlieb@gmail.com,Omega-3 Fish Oil,3,999,2025-12-06
Kyla.Gottlieb@gmail.com,Shaker Bottle,3,399,2026-07-23
Melany.Buckridge33@hotmail.com,Omega-3 Fish Oil,3,999,2024-12-03
Melany.Buckridge33@hotmail.com,Creatine Monohydrate,2,1499,2025-10-30
Melany.Buckridge33@hotmail.com,Pre-Workout Formula,2,2499,2024-12-13
Melany.Buckridge33@hotmail.com,Pre-Workout Formula,3,2499,2025-06-02
Melany.Buckridge33@hotmail.com,Yoga Mat Premium,1,1499,2025-02-08
Melany.Buckridge33@hotmail.com,Shaker Bottle,3,399,2025-05-22
Laurianne35@gmail.com,Pre-Workout Formula,2,2499,2026-07-23
Laurianne35@gmail.com,Pre-Workout Formula,2,2499,2026-06-27
Laurianne35@gmail.com,Pre-Workout Formula,1,2499,2026-05-28
Laurianne35@gmail.com,Pre-Workout Formula,2,2499,2026-04-29
Laurianne35@gmail.com,Whey Protein Powder,1,2999,2026-06-11
Laurianne35@gmail.com,Yoga Mat Premium,3,1499,2026-03-03
Laurianne35@gmail.com,Yoga Mat Premium,1,1499,2026-07-18
Laurianne35@gmail.com,Yoga Mat Premium,2,1499,2026-06-04
Laurianne35@gmail.com,Shaker Bottle,3,399,2026-07-04
Laurianne35@gmail.com,Shaker Bottle,1,399,2026-05-28
Laurianne35@gmail.com,Omega-3 Fish Oil,2,999,2025-11-05
Laurianne35@gmail.com,Omega-3 Fish Oil,1,999,2025-11-24
Laurianne35@gmail.com,Yoga Mat Premium,3,1499,2026-01-06
Laurianne35@gmail.com,Yoga Mat Premium,1,1499,2026-02-03
Laurianne35@gmail.com,Creatine Monohydrate,1,1499,2025-12-18
Laurianne35@gmail.com,Creatine Monohydrate,1,1499,2026-06-02
Laurianne35@gmail.com,Whey Protein Powder,2,2999,2026-01-04
Ebony.Von@yahoo.com,Pre-Workout Formula,2,2499,2025-12-15
Ebony.Von@yahoo.com,Creatine Monohydrate,3,1499,2025-10-09
Ebony.Von@yahoo.com,Yoga Mat Premium,3,1499,2025-05-22
Ebony.Von@yahoo.com,Omega-3 Fish Oil,3,999,2025-08-15
Ebony.Von@yahoo.com,Pre-Workout Formula,1,2499,2025-05-06
Teagan0@yahoo.com,Pre-Workout Formula,2,2499,2025-06-08
Teagan0@yahoo.com,Yoga Mat Premium,1,1499,2026-05-10
Teagan0@yahoo.com,Yoga Mat Premium,2,1499,2026-04-10
Teagan0@yahoo.com,Yoga Mat Premium,2,1499,2025-10-15
Teagan0@yahoo.com,Resistance Bands Set,3,799,2025-11-21
Teagan0@yahoo.com,Whey Protein Powder,1,2999,2026-05-14
Teagan0@yahoo.com,Whey Protein Powder,1,2999,2025-11-28
Teagan0@yahoo.com,Omega-3 Fish Oil,3,999,2026-07-16
Fleta.Wisoky63@yahoo.com,Pre-Workout Formula,3,2499,2025-03-11
Fleta.Wisoky63@yahoo.com,Resistance Bands Set,3,799,2025-10-18
Fleta.Wisoky63@yahoo.com,Shaker Bottle,2,399,2025-08-27
Fleta.Wisoky63@yahoo.com,Pre-Workout Formula,3,2499,2025-03-22
Fleta.Wisoky63@yahoo.com,Whey Protein Powder,1,2999,2025-06-05
Fleta.Wisoky63@yahoo.com,Creatine Monohydrate,2,1499,2025-10-24
Fleta.Wisoky63@yahoo.com,Pre-Workout Formula,3,2499,2025-05-27
Fleta.Wisoky63@yahoo.com,Whey Protein Powder,3,2999,2025-09-22
Fleta.Wisoky63@yahoo.com,Pre-Workout Formula,1,2499,2026-01-17
Fleta.Wisoky63@yahoo.com,Resistance Bands Set,3,799,2025-11-07
Fleta.Wisoky63@yahoo.com,Shaker Bottle,1,399,2025-12-15
Fleta.Wisoky63@yahoo.com,Omega-3 Fish Oil,2,999,2025-05-05
Fleta.Wisoky63@yahoo.com,Whey Protein Powder,1,2999,2025-09-01
Fleta.Wisoky63@yahoo.com,Creatine Monohydrate,1,1499,2025-03-27
Fleta.Wisoky63@yahoo.com,Omega-3 Fish Oil,2,999,2026-01-02
Fleta.Wisoky63@yahoo.com,Resistance Bands Set,2,799,2025-11-24
Fleta.Wisoky63@yahoo.com,Omega-3 Fish Oil,3,999,2025-11-26
Harvey_Rath8@gmail.com,Omega-3 Fish Oil,2,999,2026-07-26
Harvey_Rath8@gmail.com,Omega-3 Fish Oil,1,999,2026-05-26
Harvey_Rath8@gmail.com,Omega-3 Fish Oil,1,999,2026-03-25
Harvey_Rath8@gmail.com,Omega-3 Fish Oil,1,999,2026-01-30
Harvey_Rath8@gmail.com,Omega-3 Fish Oil,2,999,2025-11-28
Harvey_Rath8@gmail.com,Omega-3 Fish Oil,2,999,2025-09-26
Harvey_Rath8@gmail.com,Omega-3 Fish Oil,1,999,2025-08-02
Harvey_Rath8@gmail.com,Omega-3 Fish Oil,1,999,2025-05-30
Harvey_Rath8@gmail.com,Pre-Workout Formula,2,2499,2026-04-24
Harvey_Rath8@gmail.com,Shaker Bottle,3,399,2026-02-10
Harvey_Rath8@gmail.com,Resistance Bands Set,1,799,2026-02-27
Harvey_Rath8@gmail.com,Resistance Bands Set,3,799,2026-06-03
Harvey_Rath8@gmail.com,Resistance Bands Set,2,799,2026-02-14
Sierra_Kshlerin38@yahoo.com,Omega-3 Fish Oil,2,999,2026-07-28
Sierra_Kshlerin38@yahoo.com,Omega-3 Fish Oil,2,999,2026-05-28
Sierra_Kshlerin38@yahoo.com,Omega-3 Fish Oil,2,999,2026-03-30
Sierra_Kshlerin38@yahoo.com,Omega-3 Fish Oil,1,999,2026-01-31
Sierra_Kshlerin38@yahoo.com,Omega-3 Fish Oil,2,999,2025-12-03
Sierra_Kshlerin38@yahoo.com,Omega-3 Fish Oil,1,999,2025-10-01
Sierra_Kshlerin38@yahoo.com,Shaker Bottle,2,399,2026-05-12
Sierra_Kshlerin38@yahoo.com,Whey Protein Powder,2,2999,2025-04-20
Sierra_Kshlerin38@yahoo.com,Pre-Workout Formula,1,2499,2025-02-20
Sierra_Kshlerin38@yahoo.com,Shaker Bottle,1,399,2026-04-07
Sierra_Kshlerin38@yahoo.com,Yoga Mat Premium,3,1499,2025-05-02
Sierra_Kshlerin38@yahoo.com,Shaker Bottle,1,399,2026-04-25
Sierra_Kshlerin38@yahoo.com,Shaker Bottle,3,399,2025-09-11
Sandrine.Langosh14@gmail.com,Resistance Bands Set,2,799,2025-04-07
Sandrine.Langosh14@gmail.com,Yoga Mat Premium,3,1499,2025-08-11
Sandrine.Langosh14@gmail.com,Pre-Workout Formula,2,2499,2026-03-08
Sandrine.Langosh14@gmail.com,Shaker Bottle,1,399,2025-02-25
Sandrine.Langosh14@gmail.com,Creatine Monohydrate,3,1499,2026-05-09
Sandrine.Langosh14@gmail.com,Pre-Workout Formula,1,2499,2025-11-20
Sandrine.Langosh14@gmail.com,Shaker Bottle,3,399,2025-01-29
Sandrine.Langosh14@gmail.com,Creatine Monohydrate,2,1499,2025-04-20
Sandrine.Langosh14@gmail.com,Omega-3 Fish Oil,1,999,2025-12-13
Sandrine.Langosh14@gmail.com,Pre-Workout Formula,1,2499,2025-12-14
Sandrine.Langosh14@gmail.com,Resistance Bands Set,2,799,2026-02-21
Sandrine.Langosh14@gmail.com,Yoga Mat Premium,1,1499,2025-10-21
Sandrine.Langosh14@gmail.com,Omega-3 Fish Oil,1,999,2026-01-15
Sandrine.Langosh14@gmail.com,Omega-3 Fish Oil,1,999,2024-12-29
Sandrine.Langosh14@gmail.com,Whey Protein Powder,2,2999,2025-07-12
Sandrine.Langosh14@gmail.com,Pre-Workout Formula,3,2499,2024-12-31
Sandrine.Langosh14@gmail.com,Creatine Monohydrate,1,1499,2025-03-08
Sandrine.Langosh14@gmail.com,Shaker Bottle,3,399,2026-06-26
Sandrine.Langosh14@gmail.com,Shaker Bottle,2,399,2026-05-15
Sandrine.Langosh14@gmail.com,Resistance Bands Set,1,799,2025-01-17
Sandrine.Langosh14@gmail.com,Yoga Mat Premium,3,1499,2025-01-02
Ashtyn74@hotmail.com,Whey Protein Powder,2,2999,2026-04-17
Ashtyn74@hotmail.com,Resistance Bands Set,1,799,2026-06-30
Shaylee55@yahoo.com,Omega-3 Fish Oil,1,999,2026-07-30
Shaylee55@yahoo.com,Omega-3 Fish Oil,1,999,2026-05-28
Shaylee55@yahoo.com,Omega-3 Fish Oil,1,999,2026-03-30
Shaylee55@yahoo.com,Omega-3 Fish Oil,2,999,2026-01-25
Joey.Doyle@yahoo.com,Whey Protein Powder,1,2999,2026-07-30
Joey.Doyle@yahoo.com,Whey Protein Powder,2,2999,2026-06-27
Joey.Doyle@yahoo.com,Whey Protein Powder,1,2999,2026-05-28
Joey.Doyle@yahoo.com,Whey Protein Powder,1,2999,2026-04-29
Joey.Doyle@yahoo.com,Whey Protein Powder,2,2999,2026-03-28
Joey.Doyle@yahoo.com,Whey Protein Powder,1,2999,2026-03-02
Joey.Doyle@yahoo.com,Whey Protein Powder,1,2999,2026-01-31
Joey.Doyle@yahoo.com,Omega-3 Fish Oil,3,999,2026-07-24
Joey.Doyle@yahoo.com,Pre-Workout Formula,3,2499,2026-06-11
Joey.Doyle@yahoo.com,Omega-3 Fish Oil,3,999,2026-05-17
Joey.Doyle@yahoo.com,Creatine Monohydrate,3,1499,2026-07-09
Tia74@yahoo.com,Omega-3 Fish Oil,2,999,2025-01-19
Tia74@yahoo.com,Shaker Bottle,2,399,2024-09-21
Tia74@yahoo.com,Creatine Monohydrate,1,1499,2025-07-17
Tia74@yahoo.com,Resistance Bands Set,1,799,2025-02-03
Tia74@yahoo.com,Whey Protein Powder,2,2999,2025-01-20
Tia74@yahoo.com,Resistance Bands Set,1,799,2025-08-31
Tia74@yahoo.com,Whey Protein Powder,1,2999,2024-12-02
Tia74@yahoo.com,Shaker Bottle,3,399,2025-03-13
Anjali.Hodkiewicz@gmail.com,Creatine Monohydrate,1,1499,2026-07-29
Anjali.Hodkiewicz@gmail.com,Creatine Monohydrate,1,1499,2026-06-14
Anjali.Hodkiewicz@gmail.com,Creatine Monohydrate,1,1499,2026-05-06
Anjali.Hodkiewicz@gmail.com,Creatine Monohydrate,1,1499,2026-03-17
Anjali.Hodkiewicz@gmail.com,Whey Protein Powder,3,2999,2026-06-04
Anjali.Hodkiewicz@gmail.com,Omega-3 Fish Oil,2,999,2026-07-13
Anjali.Hodkiewicz@gmail.com,Whey Protein Powder,1,2999,2026-07-05
Anjali.Hodkiewicz@gmail.com,Yoga Mat Premium,2,1499,2026-05-13
Marcelle.Huels39@gmail.com,Resistance Bands Set,3,799,2025-03-31
Marcelle.Huels39@gmail.com,Whey Protein Powder,3,2999,2025-05-16
Marcelle.Huels39@gmail.com,Shaker Bottle,2,399,2025-09-19
Marcelle.Huels39@gmail.com,Pre-Workout Formula,2,2499,2025-07-13
Marcelle.Huels39@gmail.com,Omega-3 Fish Oil,1,999,2025-01-20
Marcelle.Huels39@gmail.com,Resistance Bands Set,1,799,2025-10-16
Shakira75@gmail.com,Whey Protein Powder,1,2999,2026-07-24
Shakira75@gmail.com,Whey Protein Powder,1,2999,2026-06-22
Shakira75@gmail.com,Whey Protein Powder,2,2999,2026-05-27
Shakira75@gmail.com,Whey Protein Powder,1,2999,2026-04-24
Shakira75@gmail.com,Whey Protein Powder,1,2999,2026-03-25
Shakira75@gmail.com,Yoga Mat Premium,2,1499,2025-04-02
Shakira75@gmail.com,Omega-3 Fish Oil,1,999,2024-12-09
Shakira75@gmail.com,Omega-3 Fish Oil,2,999,2024-10-25
Shakira75@gmail.com,Pre-Workout Formula,3,2499,2025-06-02
Caitlyn.Tromp@hotmail.com,Omega-3 Fish Oil,2,999,2026-08-04
Caitlyn.Tromp@hotmail.com,Omega-3 Fish Oil,2,999,2026-06-01
Caitlyn.Tromp@hotmail.com,Omega-3 Fish Oil,1,999,2026-04-02
Caitlyn.Tromp@hotmail.com,Omega-3 Fish Oil,1,999,2026-02-06
Caitlyn.Tromp@hotmail.com,Shaker Bottle,2,399,2026-04-30
Caitlyn.Tromp@hotmail.com,Creatine Monohydrate,2,1499,2026-07-16
Caitlyn.Tromp@hotmail.com,Whey Protein Powder,1,2999,2026-04-05
Caitlyn.Tromp@hotmail.com,Pre-Workout Formula,3,2499,2026-06-30
Caitlyn.Tromp@hotmail.com,Whey Protein Powder,1,2999,2026-06-30
Caitlyn.Tromp@hotmail.com,Whey Protein Powder,3,2999,2026-04-27
Caitlyn.Tromp@hotmail.com,Whey Protein Powder,1,2999,2026-05-14
Caitlyn.Tromp@hotmail.com,Creatine Monohydrate,1,1499,2026-06-02
Caitlyn.Tromp@hotmail.com,Shaker Bottle,1,399,2026-06-14
Caitlyn.Tromp@hotmail.com,Yoga Mat Premium,3,1499,2026-04-17
Caitlyn.Tromp@hotmail.com,Yoga Mat Premium,3,1499,2026-07-23
Caitlyn.Tromp@hotmail.com,Yoga Mat Premium,2,1499,2026-05-01
Caitlyn.Tromp@hotmail.com,Whey Protein Powder,3,2999,2026-03-13
Destiney_Sanford86@gmail.com,Pre-Workout Formula,3,2499,2026-05-28
Destiney_Sanford86@gmail.com,Creatine Monohydrate,3,1499,2025-09-08
Destiney_Sanford86@gmail.com,Omega-3 Fish Oil,1,999,2025-07-23
Destiney_Sanford86@gmail.com,Shaker Bottle,2,399,2025-10-14
Destiney_Sanford86@gmail.com,Whey Protein Powder,2,2999,2026-02-25
Destiney_Sanford86@gmail.com,Creatine Monohydrate,3,1499,2026-06-30
Destiney_Sanford86@gmail.com,Creatine Monohydrate,3,1499,2025-09-12
Destiney_Sanford86@gmail.com,Pre-Workout Formula,1,2499,2026-04-03
Destiney_Sanford86@gmail.com,Resistance Bands Set,1,799,2025-11-07
Anibal.Borer-Thompson@yahoo.com,Omega-3 Fish Oil,1,999,2026-06-16
Anibal.Borer-Thompson@yahoo.com,Resistance Bands Set,1,799,2026-04-18
Anibal.Borer-Thompson@yahoo.com,Whey Protein Powder,2,2999,2026-01-26
Anibal.Borer-Thompson@yahoo.com,Resistance Bands Set,1,799,2025-09-11
Anibal.Borer-Thompson@yahoo.com,Whey Protein Powder,2,2999,2025-11-06
Anibal.Borer-Thompson@yahoo.com,Omega-3 Fish Oil,1,999,2025-09-26
Anibal.Borer-Thompson@yahoo.com,Yoga Mat Premium,2,1499,2025-11-29
Anibal.Borer-Thompson@yahoo.com,Resistance Bands Set,3,799,2025-11-22
Anibal.Borer-Thompson@yahoo.com,Omega-3 Fish Oil,1,999,2026-05-02
Anibal.Borer-Thompson@yahoo.com,Pre-Workout Formula,3,2499,2025-12-26
Anibal.Borer-Thompson@yahoo.com,Whey Protein Powder,3,2999,2026-07-12
Anibal.Borer-Thompson@yahoo.com,Yoga Mat Premium,3,1499,2025-09-30
Anibal.Borer-Thompson@yahoo.com,Shaker Bottle,3,399,2026-03-07
Anibal.Borer-Thompson@yahoo.com,Creatine Monohydrate,1,1499,2025-11-24
Spencer_Dietrich@gmail.com,Resistance Bands Set,1,799,2026-06-03
Spencer_Dietrich@gmail.com,Whey Protein Powder,1,2999,2026-08-19
Spencer_Dietrich@gmail.com,Resistance Bands Set,2,799,2026-07-31
Spencer_Dietrich@gmail.com,Creatine Monohydrate,3,1499,2025-09-03
Spencer_Dietrich@gmail.com,Shaker Bottle,2,399,2025-10-19
Spencer_Dietrich@gmail.com,Omega-3 Fish Oil,1,999,2026-01-15
Spencer_Dietrich@gmail.com,Yoga Mat Premium,2,1499,2025-12-21
Spencer_Dietrich@gmail.com,Omega-3 Fish Oil,2,999,2025-12-23
Spencer_Dietrich@gmail.com,Whey Protein Powder,3,2999,2026-08-05
Spencer_Dietrich@gmail.com,Creatine Monohydrate,2,1499,2026-02-01
Spencer_Dietrich@gmail.com,Pre-Workout Formula,2,2499,2026-05-10
Spencer_Dietrich@gmail.com,Omega-3 Fish Oil,1,999,2025-10-15
Spencer_Dietrich@gmail.com,Shaker Bottle,2,399,2025-06-27
Spencer_Dietrich@gmail.com,Yoga Mat Premium,3,1499,2025-11-29
Spencer_Dietrich@gmail.com,Shaker Bottle,3,399,2026-08-14
Spencer_Dietrich@gmail.com,Omega-3 Fish Oil,2,999,2026-07-16
Spencer_Dietrich@gmail.com,Pre-Workout Formula,3,2499,2025-06-21
Spencer_Dietrich@gmail.com,Resistance Bands Set,2,799,2025-12-25
Spencer_Dietrich@gmail.com,Shaker Bottle,2,399,2026-06-11
Spencer_Dietrich@gmail.com,Creatine Monohydrate,2,1499,2025-08-24
Spencer_Dietrich@gmail.com,Omega-3 Fish Oil,1,999,2026-02-24
Spencer_Dietrich@gmail.com,Shaker Bottle,2,399,2026-06-05
Spencer_Dietrich@gmail.com,Pre-Workout Formula,3,2499,2026-03-02
Spencer_Dietrich@gmail.com,Whey Protein Powder,1,2999,2026-01-15
Spencer_Dietrich@gmail.com,Resistance Bands Set,2,799,2025-12-03
Spencer_Dietrich@gmail.com,Pre-Workout Formula,1,2499,2026-01-05
Spencer_Dietrich@gmail.com,Omega-3 Fish Oil,3,999,2025-07-05
Spencer_Dietrich@gmail.com,Shaker Bottle,2,399,2026-02-25
Spencer_Dietrich@gmail.com,Yoga Mat Premium,3,1499,2026-02-22
Lilla_Hilll@gmail.com,Whey Protein Powder,2,2999,2026-07-18
Lilla_Hilll@gmail.com,Resistance Bands Set,1,799,2026-07-18
Gillian84@hotmail.com,Creatine Monohydrate,1,1499,2026-03-10
Gillian84@hotmail.com,Creatine Monohydrate,3,1499,2026-03-31
Gillian84@hotmail.com,Omega-3 Fish Oil,3,999,2026-01-04
Gillian84@hotmail.com,Shaker Bottle,2,399,2025-09-20
Gillian84@hotmail.com,Resistance Bands Set,1,799,2025-08-25
Gillian84@hotmail.com,Omega-3 Fish Oil,2,999,2026-02-18
Gillian84@hotmail.com,Pre-Workout Formula,1,2499,2025-06-22
Kenyatta3@yahoo.com,Pre-Workout Formula,1,2499,2026-08-01
Kenyatta3@yahoo.com,Pre-Workout Formula,1,2499,2026-06-29
Kenyatta3@yahoo.com,Pre-Workout Formula,1,2499,2026-05-30
Kenyatta3@yahoo.com,Pre-Workout Formula,2,2499,2026-05-02
Kenyatta3@yahoo.com,Omega-3 Fish Oil,1,999,2025-05-07
Kenyatta3@yahoo.com,Resistance Bands Set,1,799,2026-06-29
Kenyatta3@yahoo.com,Creatine Monohydrate,1,1499,2025-11-15
Kenyatta3@yahoo.com,Shaker Bottle,3,399,2025-08-26
Kenyatta3@yahoo.com,Whey Protein Powder,2,2999,2025-10-09
Kenyatta3@yahoo.com,Whey Protein Powder,1,2999,2025-05-01
Kenyatta3@yahoo.com,Yoga Mat Premium,3,1499,2025-08-28
Kenyatta3@yahoo.com,Yoga Mat Premium,3,1499,2025-12-03
Kenyatta3@yahoo.com,Omega-3 Fish Oil,1,999,2025-11-11
Kenyatta3@yahoo.com,Whey Protein Powder,2,2999,2025-06-11
Luisa_VonRueden@yahoo.com,Omega-3 Fish Oil,3,999,2025-07-31
Luisa_VonRueden@yahoo.com,Shaker Bottle,1,399,2025-04-11
Luisa_VonRueden@yahoo.com,Creatine Monohydrate,1,1499,2025-08-14
Luisa_VonRueden@yahoo.com,Resistance Bands Set,1,799,2025-10-17
Luisa_VonRueden@yahoo.com,Whey Protein Powder,3,2999,2026-01-05
Luisa_VonRueden@yahoo.com,Pre-Workout Formula,3,2499,2025-05-25
Luisa_VonRueden@yahoo.com,Whey Protein Powder,3,2999,2026-04-01
Luisa_VonRueden@yahoo.com,Yoga Mat Premium,1,1499,2026-06-04
Luisa_VonRueden@yahoo.com,Yoga Mat Premium,2,1499,2025-05-30
Luisa_VonRueden@yahoo.com,Shaker Bottle,2,399,2025-12-26
Luisa_VonRueden@yahoo.com,Shaker Bottle,1,399,2024-10-09
Luisa_VonRueden@yahoo.com,Yoga Mat Premium,3,1499,2025-02-12
Luisa_VonRueden@yahoo.com,Creatine Monohydrate,2,1499,2025-06-26
Luisa_VonRueden@yahoo.com,Yoga Mat Premium,2,1499,2025-03-25
Luisa_VonRueden@yahoo.com,Resistance Bands Set,3,799,2026-03-15
Luisa_VonRueden@yahoo.com,Shaker Bottle,1,399,2025-10-25
Luisa_VonRueden@yahoo.com,Pre-Workout Formula,3,2499,2024-12-05
Luisa_VonRueden@yahoo.com,Creatine Monohydrate,1,1499,2025-11-20
Luisa_VonRueden@yahoo.com,Pre-Workout Formula,2,2499,2025-07-03
Luisa_VonRueden@yahoo.com,Whey Protein Powder,2,2999,2026-01-23
Sydnee71@yahoo.com,Omega-3 Fish Oil,1,999,2026-06-26
Sydnee71@yahoo.com,Pre-Workout Formula,3,2499,2026-06-01
Sydnee71@yahoo.com,Whey Protein Powder,2,2999,2026-08-21
Sydnee71@yahoo.com,Omega-3 Fish Oil,1,999,2026-08-17
Sydnee71@yahoo.com,Shaker Bottle,2,399,2026-05-14
Sydnee71@yahoo.com,Whey Protein Powder,2,2999,2026-08-16
Sydnee71@yahoo.com,Omega-3 Fish Oil,2,999,2026-07-03
Sydnee71@yahoo.com,Shaker Bottle,2,399,2026-06-06
Sydnee71@yahoo.com,Whey Protein Powder,1,2999,2026-06-12
Sydnee71@yahoo.com,Resistance Bands Set,3,799,2026-05-19
Sydnee71@yahoo.com,Shaker Bottle,1,399,2026-07-30
Sydnee71@yahoo.com,Whey Protein Powder,2,2999,2026-07-14
Sydnee71@yahoo.com,Resistance Bands Set,1,799,2026-07-25
Sydnee71@yahoo.com,Pre-Workout Formula,1,2499,2026-06-16
Sydnee71@yahoo.com,Whey Protein Powder,3,2999,2026-07-03
Sydnee71@yahoo.com,Pre-Workout Formula,2,2499,2026-08-20
Sydnee71@yahoo.com,Resistance Bands Set,3,799,2026-06-03
Sydnee71@yahoo.com,Creatine Monohydrate,1,1499,2026-06-25
Sydnee71@yahoo.com,Pre-Workout Formula,3,2499,2026-06-23
Sydnee71@yahoo.com,Whey Protein Powder,3,2999,2026-05-12
Sydnee71@yahoo.com,Creatine Monohydrate,2,1499,2026-07-13
Sydnee71@yahoo.com,Yoga Mat Premium,3,1499,2026-06-01
Sydnee71@yahoo.com,Pre-Workout Formula,2,2499,2026-06-22
Sydnee71@yahoo.com,Yoga Mat Premium,1,1499,2026-06-13
Sydnee71@yahoo.com,Creatine Monohydrate,1,1499,2026-08-23
Sydnee71@yahoo.com,Resistance Bands Set,1,799,2026-05-22
Sydnee71@yahoo.com,Omega-3 Fish Oil,2,999,2026-07-30
Gerhard65@gmail.com,Pre-Workout Formula,1,2499,2026-07-27
Gerhard65@gmail.com,Pre-Workout Formula,2,2499,2026-06-29
Gerhard65@gmail.com,Pre-Workout Formula,2,2499,2026-05-31
Gerhard65@gmail.com,Pre-Workout Formula,2,2499,2026-04-25
Gerhard65@gmail.com,Pre-Workout Formula,2,2499,2026-03-26
Gerhard65@gmail.com,Pre-Workout Formula,2,2499,2026-02-27
Gerhard65@gmail.com,Creatine Monohydrate,1,1499,2026-07-25
Gerhard65@gmail.com,Yoga Mat Premium,1,1499,2026-07-27
Gerhard65@gmail.com,Omega-3 Fish Oil,3,999,2026-07-10
Gerhard65@gmail.com,Omega-3 Fish Oil,1,999,2026-07-04
Gerhard65@gmail.com,Omega-3 Fish Oil,2,999,2026-07-12
Gerhard65@gmail.com,Creatine Monohydrate,2,1499,2026-07-09
Gerhard65@gmail.com,Shaker Bottle,3,399,2026-07-21
Gerhard65@gmail.com,Whey Protein Powder,3,2999,2026-07-29
Gerhard65@gmail.com,Whey Protein Powder,3,2999,2026-07-09
Alberta_Grant44@hotmail.com,Shaker Bottle,3,399,2026-05-25
Alberta_Grant44@hotmail.com,Whey Protein Powder,3,2999,2026-05-26
Alberta_Grant44@hotmail.com,Creatine Monohydrate,1,1499,2026-05-22
Alberta_Grant44@hotmail.com,Resistance Bands Set,1,799,2026-07-01
Alberta_Grant44@hotmail.com,Shaker Bottle,2,399,2026-07-09
Alberta_Grant44@hotmail.com,Whey Protein Powder,3,2999,2026-06-04
Alberta_Grant44@hotmail.com,Resistance Bands Set,1,799,2026-06-14
Alberta_Grant44@hotmail.com,Creatine Monohydrate,3,1499,2026-07-02
Alberta_Grant44@hotmail.com,Yoga Mat Premium,2,1499,2026-07-12
Alberta_Grant44@hotmail.com,Whey Protein Powder,1,2999,2026-06-08
Alberta_Grant44@hotmail.com,Omega-3 Fish Oil,2,999,2026-06-04
Alberta_Grant44@hotmail.com,Yoga Mat Premium,1,1499,2026-07-31
Alberta_Grant44@hotmail.com,Shaker Bottle,2,399,2026-07-05
Alberta_Grant44@hotmail.com,Whey Protein Powder,3,2999,2026-06-09
Alberta_Grant44@hotmail.com,Creatine Monohydrate,2,1499,2026-07-05
Alberta_Grant44@hotmail.com,Shaker Bottle,1,399,2026-08-01
Alberta_Grant44@hotmail.com,Resistance Bands Set,1,799,2026-07-01
Alberta_Grant44@hotmail.com,Pre-Workout Formula,2,2499,2026-06-02
Alberta_Grant44@hotmail.com,Yoga Mat Premium,2,1499,2026-07-30
Alberta_Grant44@hotmail.com,Yoga Mat Premium,1,1499,2026-05-19
Alberta_Grant44@hotmail.com,Creatine Monohydrate,1,1499,2026-08-11
Alberta_Grant44@hotmail.com,Whey Protein Powder,2,2999,2026-07-03
Alberta_Grant44@hotmail.com,Omega-3 Fish Oil,3,999,2026-05-25
Alberta_Grant44@hotmail.com,Resistance Bands Set,2,799,2026-06-12
Alberta_Grant44@hotmail.com,Shaker Bottle,1,399,2026-06-11
Alberta_Grant44@hotmail.com,Whey Protein Powder,3,2999,2026-07-26
Alberta_Grant44@hotmail.com,Pre-Workout Formula,1,2499,2026-06-12
Alberta_Grant44@hotmail.com,Omega-3 Fish Oil,2,999,2026-05-21
Alberta_Grant44@hotmail.com,Whey Protein Powder,1,2999,2026-07-01
Ladarius_Terry90@gmail.com,Shaker Bottle,1,399,2025-08-01
Ladarius_Terry90@gmail.com,Shaker Bottle,1,399,2024-11-27
Ladarius_Terry90@gmail.com,Omega-3 Fish Oil,1,999,2025-01-25
Ladarius_Terry90@gmail.com,Creatine Monohydrate,3,1499,2025-03-11
Ladarius_Terry90@gmail.com,Shaker Bottle,3,399,2024-11-10
Ladarius_Terry90@gmail.com,Omega-3 Fish Oil,2,999,2025-07-05
Ladarius_Terry90@gmail.com,Pre-Workout Formula,1,2499,2024-12-25
Ladarius_Terry90@gmail.com,Yoga Mat Premium,2,1499,2025-08-03
Nico_Hermann13@hotmail.com,Creatine Monohydrate,3,1499,2025-09-15
Nico_Hermann13@hotmail.com,Pre-Workout Formula,2,2499,2025-09-06
Nico_Hermann13@hotmail.com,Whey Protein Powder,3,2999,2026-03-21
Nico_Hermann13@hotmail.com,Omega-3 Fish Oil,3,999,2026-04-12
Nico_Hermann13@hotmail.com,Shaker Bottle,1,399,2026-05-25
Nico_Hermann13@hotmail.com,Resistance Bands Set,1,799,2025-10-20
Nico_Hermann13@hotmail.com,Pre-Workout Formula,2,2499,2026-04-09
Nico_Hermann13@hotmail.com,Whey Protein Powder,1,2999,2026-06-27
Nico_Hermann13@hotmail.com,Yoga Mat Premium,3,1499,2026-07-15
Nico_Hermann13@hotmail.com,Pre-Workout Formula,1,2499,2026-03-23
Nico_Hermann13@hotmail.com,Omega-3 Fish Oil,2,999,2026-02-19
Nico_Hermann13@hotmail.com,Resistance Bands Set,2,799,2026-06-24
Nico_Hermann13@hotmail.com,Yoga Mat Premium,1,1499,2026-04-12
Nico_Hermann13@hotmail.com,Creatine Monohydrate,2,1499,2025-09-30
Nico_Hermann13@hotmail.com,Whey Protein Powder,3,2999,2026-07-11
Nico_Hermann13@hotmail.com,Yoga Mat Premium,1,1499,2025-09-25
Nico_Hermann13@hotmail.com,Shaker Bottle,3,399,2026-01-28
Nico_Hermann13@hotmail.com,Shaker Bottle,3,399,2025-11-08
Nico_Hermann13@hotmail.com,Pre-Workout Formula,3,2499,2026-01-29
Nico_Hermann13@hotmail.com,Resistance Bands Set,2,799,2025-09-06
Nico_Hermann13@hotmail.com,Creatine Monohydrate,2,1499,2026-03-02
Nico_Hermann13@hotmail.com,Creatine Monohydrate,2,1499,2026-06-08
Nico_Hermann13@hotmail.com,Whey Protein Powder,3,2999,2026-07-05
Nico_Hermann13@hotmail.com,Omega-3 Fish Oil,1,999,2026-07-18
Nico_Hermann13@hotmail.com,Yoga Mat Premium,3,1499,2026-02-19
Norbert_Gerhold@hotmail.com,Resistance Bands Set,2,799,2026-05-06
Norbert_Gerhold@hotmail.com,Whey Protein Powder,2,2999,2026-07-18
Norbert_Gerhold@hotmail.com,Omega-3 Fish Oil,1,999,2026-05-25
Norbert_Gerhold@hotmail.com,Shaker Bottle,3,399,2026-08-14
Norbert_Gerhold@hotmail.com,Pre-Workout Formula,2,2499,2026-07-04
Norbert_Gerhold@hotmail.com,Resistance Bands Set,1,799,2026-07-15
Norbert_Gerhold@hotmail.com,Resistance Bands Set,3,799,2026-06-16
Norbert_Gerhold@hotmail.com,Pre-Workout Formula,3,2499,2026-05-09
Norbert_Gerhold@hotmail.com,Shaker Bottle,2,399,2026-07-09
Norbert_Gerhold@hotmail.com,Pre-Workout Formula,1,2499,2026-07-11
Norbert_Gerhold@hotmail.com,Omega-3 Fish Oil,1,999,2026-08-02
Norbert_Gerhold@hotmail.com,Resistance Bands Set,3,799,2026-07-22
Norbert_Gerhold@hotmail.com,Creatine Monohydrate,3,1499,2026-05-29
Norbert_Gerhold@hotmail.com,Omega-3 Fish Oil,1,999,2026-06-01
Norbert_Gerhold@hotmail.com,Resistance Bands Set,3,799,2026-05-12
Norbert_Gerhold@hotmail.com,Yoga Mat Premium,2,1499,2026-06-27
Norbert_Gerhold@hotmail.com,Shaker Bottle,1,399,2026-07-12
Norbert_Gerhold@hotmail.com,Resistance Bands Set,3,799,2026-07-10
Norbert_Gerhold@hotmail.com,Omega-3 Fish Oil,3,999,2026-05-29
Norbert_Gerhold@hotmail.com,Resistance Bands Set,3,799,2026-07-07
Norbert_Gerhold@hotmail.com,Whey Protein Powder,2,2999,2026-07-02
Norbert_Gerhold@hotmail.com,Resistance Bands Set,3,799,2026-07-09
Norbert_Gerhold@hotmail.com,Pre-Workout Formula,3,2499,2026-05-21
Norbert_Gerhold@hotmail.com,Yoga Mat Premium,2,1499,2026-07-06
Norbert_Gerhold@hotmail.com,Resistance Bands Set,3,799,2026-07-09
Norbert_Gerhold@hotmail.com,Resistance Bands Set,3,799,2026-06-11
Norbert_Gerhold@hotmail.com,Creatine Monohydrate,1,1499,2026-05-27
Norbert_Gerhold@hotmail.com,Pre-Workout Formula,1,2499,2026-05-27
Norbert_Gerhold@hotmail.com,Pre-Workout Formula,2,2499,2026-07-10
Norbert_Gerhold@hotmail.com,Omega-3 Fish Oil,1,999,2026-05-08
Norbert_Gerhold@hotmail.com,Whey Protein Powder,2,2999,2026-06-29
Norbert_Gerhold@hotmail.com,Omega-3 Fish Oil,2,999,2026-08-15
Norbert_Gerhold@hotmail.com,Shaker Bottle,3,399,2026-07-19
Norbert_Gerhold@hotmail.com,Resistance Bands Set,3,799,2026-07-19
Norbert_Gerhold@hotmail.com,Shaker Bottle,1,399,2026-05-10
Norbert_Gerhold@hotmail.com,Omega-3 Fish Oil,2,999,2026-06-27
Norbert_Gerhold@hotmail.com,Whey Protein Powder,1,2999,2026-07-23
Leann.Funk49@hotmail.com,Pre-Workout Formula,2,2499,2026-07-28
Leann.Funk49@hotmail.com,Pre-Workout Formula,1,2499,2026-06-24
Leann.Funk49@hotmail.com,Pre-Workout Formula,1,2499,2026-05-26
Leann.Funk49@hotmail.com,Pre-Workout Formula,1,2499,2026-04-28
Leann.Funk49@hotmail.com,Creatine Monohydrate,3,1499,2025-11-13
Leann.Funk49@hotmail.com,Yoga Mat Premium,2,1499,2026-07-17
Leann.Funk49@hotmail.com,Yoga Mat Premium,2,1499,2025-04-16
Leann.Funk49@hotmail.com,Creatine Monohydrate,1,1499,2025-03-02
Leann.Funk49@hotmail.com,Resistance Bands Set,1,799,2026-07-12
Leann.Funk49@hotmail.com,Yoga Mat Premium,2,1499,2025-01-29
Leann.Funk49@hotmail.com,Yoga Mat Premium,3,1499,2026-06-15
Leann.Funk49@hotmail.com,Yoga Mat Premium,1,1499,2026-06-03
Leann.Funk49@hotmail.com,Resistance Bands Set,2,799,2026-01-31
Leann.Funk49@hotmail.com,Omega-3 Fish Oil,1,999,2026-06-04
Leann.Funk49@hotmail.com,Creatine Monohydrate,3,1499,2025-01-14
Rowena_Feest16@hotmail.com,Yoga Mat Premium,3,1499,2026-04-25
Rowena_Feest16@hotmail.com,Shaker Bottle,1,399,2026-03-29
Rowena_Feest16@hotmail.com,Pre-Workout Formula,2,2499,2026-07-06
Rowena_Feest16@hotmail.com,Whey Protein Powder,2,2999,2026-05-06
Rowena_Feest16@hotmail.com,Shaker Bottle,1,399,2026-05-10
Rowena_Feest16@hotmail.com,Pre-Workout Formula,3,2499,2026-07-24
Rowena_Feest16@hotmail.com,Whey Protein Powder,3,2999,2026-06-05
Rowena_Feest16@hotmail.com,Creatine Monohydrate,1,1499,2026-08-13
Rowena_Feest16@hotmail.com,Shaker Bottle,2,399,2026-07-28
Rowena_Feest16@hotmail.com,Yoga Mat Premium,2,1499,2026-04-04
Rowena_Feest16@hotmail.com,Omega-3 Fish Oil,2,999,2026-01-23
Rowena_Feest16@hotmail.com,Yoga Mat Premium,2,1499,2025-12-18
Rowena_Feest16@hotmail.com,Whey Protein Powder,2,2999,2026-01-19
Rowena_Feest16@hotmail.com,Yoga Mat Premium,1,1499,2026-05-25
Rowena_Feest16@hotmail.com,Pre-Workout Formula,1,2499,2026-04-10
Rowena_Feest16@hotmail.com,Omega-3 Fish Oil,3,999,2026-02-02
Rowena_Feest16@hotmail.com,Whey Protein Powder,2,2999,2026-05-23
Rowena_Feest16@hotmail.com,Shaker Bottle,2,399,2026-03-02
Rowena_Feest16@hotmail.com,Resistance Bands Set,1,799,2026-03-18
Rowena_Feest16@hotmail.com,Omega-3 Fish Oil,3,999,2026-07-04
Rowena_Feest16@hotmail.com,Shaker Bottle,3,399,2026-04-04
Burnice.Boehm-Pollich@hotmail.com,Pre-Workout Formula,2,2499,2026-07-22
Burnice.Boehm-Pollich@hotmail.com,Pre-Workout Formula,1,2499,2026-06-23
Burnice.Boehm-Pollich@hotmail.com,Pre-Workout Formula,2,2499,2026-05-25
Burnice.Boehm-Pollich@hotmail.com,Pre-Workout Formula,2,2499,2026-04-22
Burnice.Boehm-Pollich@hotmail.com,Pre-Workout Formula,1,2499,2026-03-27
Burnice.Boehm-Pollich@hotmail.com,Pre-Workout Formula,1,2499,2026-02-23
Burnice.Boehm-Pollich@hotmail.com,Pre-Workout Formula,1,2499,2026-01-25
Burnice.Boehm-Pollich@hotmail.com,Pre-Workout Formula,2,2499,2025-12-26
Jill80@yahoo.com,Pre-Workout Formula,2,2499,2026-04-30
Jill80@yahoo.com,Whey Protein Powder,1,2999,2025-06-16
Jill80@yahoo.com,Omega-3 Fish Oil,2,999,2026-01-18
Jill80@yahoo.com,Creatine Monohydrate,1,1499,2026-01-30
Jill80@yahoo.com,Whey Protein Powder,3,2999,2025-09-22
Jill80@yahoo.com,Pre-Workout Formula,1,2499,2026-04-15
Jill80@yahoo.com,Omega-3 Fish Oil,1,999,2025-06-24
Jill80@yahoo.com,Omega-3 Fish Oil,1,999,2025-07-15
Jill80@yahoo.com,Creatine Monohydrate,1,1499,2025-07-20
Jill80@yahoo.com,Creatine Monohydrate,3,1499,2025-11-20
Jill80@yahoo.com,Pre-Workout Formula,1,2499,2026-04-25
Jill80@yahoo.com,Omega-3 Fish Oil,3,999,2026-02-16
Jill80@yahoo.com,Creatine Monohydrate,3,1499,2025-11-25
Jill80@yahoo.com,Pre-Workout Formula,1,2499,2025-11-13
Jill80@yahoo.com,Creatine Monohydrate,2,1499,2026-01-14
Adam75@gmail.com,Omega-3 Fish Oil,1,999,2026-07-26
Adam75@gmail.com,Omega-3 Fish Oil,2,999,2026-05-27
Adam75@gmail.com,Omega-3 Fish Oil,2,999,2026-03-24
Adam75@gmail.com,Omega-3 Fish Oil,1,999,2026-01-23
Adam75@gmail.com,Omega-3 Fish Oil,1,999,2025-11-25
Cathy_Grimes@hotmail.com,Pre-Workout Formula,2,2499,2025-11-18
Cathy_Grimes@hotmail.com,Omega-3 Fish Oil,3,999,2025-11-20
Cathy_Grimes@hotmail.com,Creatine Monohydrate,2,1499,2025-05-15
Cathy_Grimes@hotmail.com,Omega-3 Fish Oil,2,999,2025-09-29
Cathy_Grimes@hotmail.com,Creatine Monohydrate,1,1499,2026-02-11
Cathy_Grimes@hotmail.com,Creatine Monohydrate,3,1499,2025-10-19
Cathy_Grimes@hotmail.com,Shaker Bottle,1,399,2025-06-01
Cathy_Grimes@hotmail.com,Creatine Monohydrate,1,1499,2025-05-11
Cathy_Grimes@hotmail.com,Yoga Mat Premium,3,1499,2025-06-12
Cathy_Grimes@hotmail.com,Whey Protein Powder,2,2999,2026-01-28
Cathy_Grimes@hotmail.com,Whey Protein Powder,1,2999,2026-01-05
Cathy_Grimes@hotmail.com,Yoga Mat Premium,2,1499,2025-11-13
Emilie.Sawayn@hotmail.com,Whey Protein Powder,1,2999,2026-07-27
Emilie.Sawayn@hotmail.com,Whey Protein Powder,2,2999,2026-06-27
Emilie.Sawayn@hotmail.com,Whey Protein Powder,2,2999,2026-05-23
Emilie.Sawayn@hotmail.com,Whey Protein Powder,1,2999,2026-04-23
Emilie.Sawayn@hotmail.com,Whey Protein Powder,1,2999,2026-03-24
Emilie.Sawayn@hotmail.com,Whey Protein Powder,1,2999,2026-02-27
Emilie.Sawayn@hotmail.com,Whey Protein Powder,1,2999,2026-01-25
Emilie.Sawayn@hotmail.com,Yoga Mat Premium,2,1499,2026-07-10
Everett.Ritchie32@yahoo.com,Pre-Workout Formula,2,2499,2026-07-21
Everett.Ritchie32@yahoo.com,Pre-Workout Formula,1,2499,2026-06-21
Everett.Ritchie32@yahoo.com,Pre-Workout Formula,1,2499,2026-05-27
Everett.Ritchie32@yahoo.com,Pre-Workout Formula,2,2499,2026-04-25
Everett.Ritchie32@yahoo.com,Pre-Workout Formula,2,2499,2026-03-23
Everett.Ritchie32@yahoo.com,Pre-Workout Formula,2,2499,2026-02-22
Everett.Ritchie32@yahoo.com,Pre-Workout Formula,1,2499,2026-01-27
Dortha_Macejkovic-Sanford28@hotmail.com,Whey Protein Powder,1,2999,2026-07-30
Dortha_Macejkovic-Sanford28@hotmail.com,Whey Protein Powder,1,2999,2026-06-28
Dortha_Macejkovic-Sanford28@hotmail.com,Whey Protein Powder,2,2999,2026-05-30
Dortha_Macejkovic-Sanford28@hotmail.com,Whey Protein Powder,1,2999,2026-04-30
Dortha_Macejkovic-Sanford28@hotmail.com,Resistance Bands Set,1,799,2026-04-26
Dortha_Macejkovic-Sanford28@hotmail.com,Resistance Bands Set,3,799,2025-05-08
Dortha_Macejkovic-Sanford28@hotmail.com,Omega-3 Fish Oil,3,999,2025-12-13
Dortha_Macejkovic-Sanford28@hotmail.com,Resistance Bands Set,3,799,2026-03-01
Yvette.Denesik8@hotmail.com,Whey Protein Powder,1,2999,2026-01-19
Yvette.Denesik8@hotmail.com,Creatine Monohydrate,2,1499,2025-12-16
Yvette.Denesik8@hotmail.com,Omega-3 Fish Oil,3,999,2025-02-19
Yvette.Denesik8@hotmail.com,Shaker Bottle,3,399,2026-03-09
Yvette.Denesik8@hotmail.com,Whey Protein Powder,2,2999,2025-10-24
Yvette.Denesik8@hotmail.com,Whey Protein Powder,3,2999,2025-11-26
Yvette.Denesik8@hotmail.com,Yoga Mat Premium,1,1499,2026-07-25
Yvette.Denesik8@hotmail.com,Creatine Monohydrate,1,1499,2025-05-08
Yvette.Denesik8@hotmail.com,Omega-3 Fish Oil,2,999,2026-08-17
Yvette.Denesik8@hotmail.com,Shaker Bottle,3,399,2025-12-14
Yvette.Denesik8@hotmail.com,Pre-Workout Formula,1,2499,2025-08-29
Yvette.Denesik8@hotmail.com,Omega-3 Fish Oil,2,999,2025-10-23
Yvette.Denesik8@hotmail.com,Whey Protein Powder,2,2999,2025-12-25
Yvette.Denesik8@hotmail.com,Creatine Monohydrate,3,1499,2025-10-30
Yvette.Denesik8@hotmail.com,Yoga Mat Premium,2,1499,2025-10-09
Yvette.Denesik8@hotmail.com,Omega-3 Fish Oil,3,999,2025-04-27
Yvette.Denesik8@hotmail.com,Resistance Bands Set,2,799,2025-09-21
Yvette.Denesik8@hotmail.com,Creatine Monohydrate,1,1499,2026-02-03
Yvette.Denesik8@hotmail.com,Resistance Bands Set,3,799,2026-02-28
Yvette.Denesik8@hotmail.com,Whey Protein Powder,2,2999,2025-09-09
Yvette.Denesik8@hotmail.com,Resistance Bands Set,3,799,2025-12-07
Yvette.Denesik8@hotmail.com,Pre-Workout Formula,2,2499,2025-07-20
Yvette.Denesik8@hotmail.com,Resistance Bands Set,2,799,2025-03-04
Yvette.Denesik8@hotmail.com,Creatine Monohydrate,2,1499,2025-04-13
Yvette.Denesik8@hotmail.com,Yoga Mat Premium,2,1499,2026-03-29
Yvette.Denesik8@hotmail.com,Shaker Bottle,2,399,2025-12-29
Yvette.Denesik8@hotmail.com,Pre-Workout Formula,3,2499,2025-04-16
Yvette.Denesik8@hotmail.com,Whey Protein Powder,2,2999,2026-02-15
Yvette.Denesik8@hotmail.com,Whey Protein Powder,1,2999,2026-06-07
Yvette.Denesik8@hotmail.com,Yoga Mat Premium,2,1499,2025-07-14
Yvette.Denesik8@hotmail.com,Shaker Bottle,2,399,2025-04-18
Yvette.Denesik8@hotmail.com,Yoga Mat Premium,1,1499,2026-05-29
Yvette.Denesik8@hotmail.com,Pre-Workout Formula,1,2499,2026-07-17
Yvette.Denesik8@hotmail.com,Omega-3 Fish Oil,2,999,2025-10-19
Yvette.Denesik8@hotmail.com,Omega-3 Fish Oil,1,999,2025-05-19
Yvette.Denesik8@hotmail.com,Whey Protein Powder,3,2999,2026-02-22
Yvette.Denesik8@hotmail.com,Shaker Bottle,1,399,2025-09-02
Desmond_Kunde@yahoo.com,Pre-Workout Formula,2,2499,2026-04-07
Desmond_Kunde@yahoo.com,Creatine Monohydrate,3,1499,2025-08-06
Desmond_Kunde@yahoo.com,Resistance Bands Set,3,799,2025-07-15
Desmond_Kunde@yahoo.com,Shaker Bottle,2,399,2026-01-15
Desmond_Kunde@yahoo.com,Whey Protein Powder,3,2999,2025-04-15
Desmond_Kunde@yahoo.com,Creatine Monohydrate,2,1499,2026-02-26
Desmond_Kunde@yahoo.com,Shaker Bottle,2,399,2025-10-16
Desmond_Kunde@yahoo.com,Yoga Mat Premium,1,1499,2025-08-10
Desmond_Kunde@yahoo.com,Whey Protein Powder,2,2999,2025-10-06
Mertie.Bode@hotmail.com,Pre-Workout Formula,3,2499,2025-01-19
Mertie.Bode@hotmail.com,Pre-Workout Formula,2,2499,2025-06-17
Mertie.Bode@hotmail.com,Shaker Bottle,2,399,2025-12-10
Mertie.Bode@hotmail.com,Yoga Mat Premium,2,1499,2025-06-13
Mertie.Bode@hotmail.com,Omega-3 Fish Oil,3,999,2025-02-19
Mertie.Bode@hotmail.com,Resistance Bands Set,1,799,2025-11-20
Mertie.Bode@hotmail.com,Shaker Bottle,3,399,2025-08-17
Mertie.Bode@hotmail.com,Yoga Mat Premium,2,1499,2025-06-15
Mertie.Bode@hotmail.com,Resistance Bands Set,2,799,2026-01-10
Mertie.Bode@hotmail.com,Creatine Monohydrate,2,1499,2025-07-08
Mertie.Bode@hotmail.com,Yoga Mat Premium,3,1499,2025-02-20
Mertie.Bode@hotmail.com,Resistance Bands Set,1,799,2025-08-29
Mertie.Bode@hotmail.com,Omega-3 Fish Oil,3,999,2025-12-06
Mertie.Bode@hotmail.com,Whey Protein Powder,2,2999,2025-10-24
Mateo_Nitzsche@gmail.com,Creatine Monohydrate,2,1499,2025-08-03
Mateo_Nitzsche@gmail.com,Yoga Mat Premium,2,1499,2025-12-12
Mateo_Nitzsche@gmail.com,Pre-Workout Formula,3,2499,2025-03-30
Mateo_Nitzsche@gmail.com,Creatine Monohydrate,2,1499,2025-09-03
Mateo_Nitzsche@gmail.com,Resistance Bands Set,2,799,2026-03-03
Mateo_Nitzsche@gmail.com,Yoga Mat Premium,1,1499,2025-02-05
Mateo_Nitzsche@gmail.com,Shaker Bottle,2,399,2025-05-07
Mateo_Nitzsche@gmail.com,Omega-3 Fish Oil,1,999,2025-01-18
Mateo_Nitzsche@gmail.com,Shaker Bottle,2,399,2025-03-10
Mateo_Nitzsche@gmail.com,Omega-3 Fish Oil,1,999,2025-05-06
Mateo_Nitzsche@gmail.com,Pre-Workout Formula,1,2499,2024-12-04
Broderick23@yahoo.com,Pre-Workout Formula,2,2499,2024-11-22
Addie77@gmail.com,Shaker Bottle,3,399,2026-05-27
Addie77@gmail.com,Whey Protein Powder,1,2999,2026-04-15
Addie77@gmail.com,Resistance Bands Set,3,799,2025-10-21
Addie77@gmail.com,Pre-Workout Formula,3,2499,2026-03-04
Addie77@gmail.com,Resistance Bands Set,2,799,2026-05-11
Addie77@gmail.com,Omega-3 Fish Oil,2,999,2026-06-26
Addie77@gmail.com,Yoga Mat Premium,1,1499,2025-12-24
Addie77@gmail.com,Pre-Workout Formula,1,2499,2026-05-14
Addie77@gmail.com,Yoga Mat Premium,1,1499,2025-09-03
Addie77@gmail.com,Shaker Bottle,3,399,2026-05-02
Addie77@gmail.com,Pre-Workout Formula,2,2499,2025-11-30
Marjory_Douglas34@gmail.com,Shaker Bottle,1,399,2025-11-02
Marjory_Douglas34@gmail.com,Whey Protein Powder,3,2999,2025-09-15
Marjory_Douglas34@gmail.com,Pre-Workout Formula,3,2499,2026-02-12
Marjory_Douglas34@gmail.com,Yoga Mat Premium,2,1499,2026-05-30
Marjory_Douglas34@gmail.com,Shaker Bottle,1,399,2025-07-13
Marjory_Douglas34@gmail.com,Creatine Monohydrate,1,1499,2025-11-28
Marjory_Douglas34@gmail.com,Pre-Workout Formula,1,2499,2025-06-22
Marjory_Douglas34@gmail.com,Creatine Monohydrate,3,1499,2026-02-07
Marjory_Douglas34@gmail.com,Omega-3 Fish Oil,2,999,2026-06-06
Marjory_Douglas34@gmail.com,Omega-3 Fish Oil,3,999,2025-07-10
Marjory_Douglas34@gmail.com,Shaker Bottle,2,399,2025-10-26
Marjory_Douglas34@gmail.com,Yoga Mat Premium,2,1499,2025-07-15
Alexander.Carroll@gmail.com,Shaker Bottle,2,399,2026-05-28
Alexander.Carroll@gmail.com,Creatine Monohydrate,3,1499,2026-08-16
Alexander.Carroll@gmail.com,Pre-Workout Formula,3,2499,2026-06-15
Alexander.Carroll@gmail.com,Omega-3 Fish Oil,1,999,2026-05-11
Alexander.Carroll@gmail.com,Yoga Mat Premium,2,1499,2026-06-17
Alexander.Carroll@gmail.com,Shaker Bottle,1,399,2026-08-13
Alexander.Carroll@gmail.com,Creatine Monohydrate,2,1499,2026-08-16
Alexander.Carroll@gmail.com,Resistance Bands Set,3,799,2026-08-09
Marguerite_Casper69@gmail.com,Whey Protein Powder,2,2999,2026-07-29
Marguerite_Casper69@gmail.com,Whey Protein Powder,1,2999,2026-06-28
Marguerite_Casper69@gmail.com,Whey Protein Powder,1,2999,2026-05-29
Marguerite_Casper69@gmail.com,Whey Protein Powder,2,2999,2026-04-28
Marguerite_Casper69@gmail.com,Whey Protein Powder,1,2999,2026-04-04
Marguerite_Casper69@gmail.com,Pre-Workout Formula,3,2499,2026-07-11
Marguerite_Casper69@gmail.com,Yoga Mat Premium,2,1499,2026-07-16
Marguerite_Casper69@gmail.com,Yoga Mat Premium,1,1499,2026-07-13
Marguerite_Casper69@gmail.com,Shaker Bottle,2,399,2026-07-23
Marguerite_Casper69@gmail.com,Resistance Bands Set,2,799,2026-07-21
Marguerite_Casper69@gmail.com,Shaker Bottle,3,399,2026-07-15
Marguerite_Casper69@gmail.com,Yoga Mat Premium,2,1499,2026-07-04
Sherman2@gmail.com,Whey Protein Powder,3,2999,2025-02-01
Sherman2@gmail.com,Creatine Monohydrate,1,1499,2025-01-10
Sherman2@gmail.com,Omega-3 Fish Oil,2,999,2026-03-19
Sherman2@gmail.com,Pre-Workout Formula,2,2499,2025-05-21
Sherman2@gmail.com,Resistance Bands Set,2,799,2025-02-08
Sherman2@gmail.com,Omega-3 Fish Oil,1,999,2025-12-14
Sherman2@gmail.com,Shaker Bottle,3,399,2025-09-09
Sherman2@gmail.com,Pre-Workout Formula,1,2499,2024-10-24
Sherman2@gmail.com,Yoga Mat Premium,2,1499,2025-07-23
Sherman2@gmail.com,Omega-3 Fish Oil,2,999,2025-09-04
Sherman2@gmail.com,Resistance Bands Set,3,799,2026-06-24
Sherman2@gmail.com,Yoga Mat Premium,1,1499,2026-07-17
Sherman2@gmail.com,Whey Protein Powder,3,2999,2025-07-14
Sherman2@gmail.com,Resistance Bands Set,1,799,2024-10-24
Sherman2@gmail.com,Omega-3 Fish Oil,1,999,2026-01-05
Sherman2@gmail.com,Pre-Workout Formula,2,2499,2025-10-17
Sherman2@gmail.com,Omega-3 Fish Oil,2,999,2025-02-14
Sherman2@gmail.com,Yoga Mat Premium,1,1499,2026-07-14
Sherman2@gmail.com,Shaker Bottle,2,399,2025-10-08
Sherman2@gmail.com,Resistance Bands Set,3,799,2025-04-13
Jerad_Schimmel@gmail.com,Pre-Workout Formula,2,2499,2026-08-02
Jerad_Schimmel@gmail.com,Pre-Workout Formula,1,2499,2026-06-30
Jerad_Schimmel@gmail.com,Pre-Workout Formula,1,2499,2026-06-02
Jerad_Schimmel@gmail.com,Pre-Workout Formula,2,2499,2026-05-03
Jerad_Schimmel@gmail.com,Pre-Workout Formula,1,2499,2026-04-05
Jerad_Schimmel@gmail.com,Pre-Workout Formula,2,2499,2026-03-04
Jerad_Schimmel@gmail.com,Pre-Workout Formula,1,2499,2026-02-04
Jerad_Schimmel@gmail.com,Pre-Workout Formula,1,2499,2026-01-01
Jerad_Schimmel@gmail.com,Omega-3 Fish Oil,1,999,2026-06-21
Jerad_Schimmel@gmail.com,Omega-3 Fish Oil,3,999,2025-10-23
Jerad_Schimmel@gmail.com,Whey Protein Powder,3,2999,2026-03-30
Vicki_Ullrich@hotmail.com,Whey Protein Powder,2,2999,2025-06-04
Vicki_Ullrich@hotmail.com,Omega-3 Fish Oil,1,999,2026-06-29
Vicki_Ullrich@hotmail.com,Shaker Bottle,2,399,2026-05-05
Ines19@yahoo.com,Omega-3 Fish Oil,1,999,2026-08-01
Ines19@yahoo.com,Omega-3 Fish Oil,1,999,2026-05-31
Ines19@yahoo.com,Omega-3 Fish Oil,2,999,2026-03-29
Ines19@yahoo.com,Omega-3 Fish Oil,2,999,2026-02-01
Ines19@yahoo.com,Omega-3 Fish Oil,1,999,2025-11-30
Ines19@yahoo.com,Omega-3 Fish Oil,1,999,2025-09-30
Ines19@yahoo.com,Pre-Workout Formula,3,2499,2026-02-04
Ines19@yahoo.com,Resistance Bands Set,2,799,2026-02-19
Ines19@yahoo.com,Yoga Mat Premium,3,1499,2026-06-27
Ines19@yahoo.com,Shaker Bottle,2,399,2026-01-30
Ines19@yahoo.com,Whey Protein Powder,3,2999,2026-03-28
Ines19@yahoo.com,Creatine Monohydrate,1,1499,2025-12-02
Ines19@yahoo.com,Creatine Monohydrate,2,1499,2025-07-13
Ines19@yahoo.com,Shaker Bottle,2,399,2025-09-13
Ines19@yahoo.com,Pre-Workout Formula,1,2499,2026-07-11
Ines19@yahoo.com,Creatine Monohydrate,3,1499,2025-10-05
Ines19@yahoo.com,Whey Protein Powder,3,2999,2025-08-27
Ines19@yahoo.com,Whey Protein Powder,3,2999,2026-02-14
Laney92@gmail.com,Creatine Monohydrate,1,1499,2026-08-01
Laney92@gmail.com,Creatine Monohydrate,1,1499,2026-06-16
Laney92@gmail.com,Creatine Monohydrate,1,1499,2026-05-03
Laney92@gmail.com,Creatine Monohydrate,1,1499,2026-03-16
Laney92@gmail.com,Resistance Bands Set,1,799,2025-05-17
Laney92@gmail.com,Pre-Workout Formula,1,2499,2026-06-18
Laney92@gmail.com,Resistance Bands Set,3,799,2025-11-17
Laney92@gmail.com,Omega-3 Fish Oil,3,999,2025-04-27
Laney92@gmail.com,Resistance Bands Set,3,799,2025-05-27
Laney92@gmail.com,Pre-Workout Formula,2,2499,2025-07-20
Laney92@gmail.com,Yoga Mat Premium,3,1499,2026-02-19
Laney92@gmail.com,Pre-Workout Formula,3,2499,2025-05-22
Laney92@gmail.com,Whey Protein Powder,2,2999,2025-05-26
Laney92@gmail.com,Omega-3 Fish Oil,3,999,2025-10-09
Laney92@gmail.com,Resistance Bands Set,3,799,2026-06-26
Laney92@gmail.com,Resistance Bands Set,3,799,2026-03-10
Laney92@gmail.com,Shaker Bottle,1,399,2025-12-23
Laney92@gmail.com,Shaker Bottle,1,399,2026-06-01
Laney92@gmail.com,Pre-Workout Formula,1,2499,2026-03-26
Laney92@gmail.com,Whey Protein Powder,2,2999,2026-04-08
Laney92@gmail.com,Pre-Workout Formula,1,2499,2025-08-22
Laney92@gmail.com,Shaker Bottle,3,399,2026-04-24
Laney92@gmail.com,Shaker Bottle,1,399,2025-06-19
Laney92@gmail.com,Omega-3 Fish Oil,3,999,2025-07-30
Laney92@gmail.com,Yoga Mat Premium,1,1499,2025-04-08
Laney92@gmail.com,Shaker Bottle,2,399,2026-07-07
Kelsi.Vandervort5@hotmail.com,Omega-3 Fish Oil,3,999,2026-07-23
Kelsi.Vandervort5@hotmail.com,Resistance Bands Set,1,799,2026-03-04
Kelsi.Vandervort5@hotmail.com,Shaker Bottle,1,399,2026-03-05
Kelsi.Vandervort5@hotmail.com,Yoga Mat Premium,2,1499,2026-06-06
Kelsi.Vandervort5@hotmail.com,Creatine Monohydrate,2,1499,2025-12-01
Kelsi.Vandervort5@hotmail.com,Yoga Mat Premium,3,1499,2026-05-13
Kelsi.Vandervort5@hotmail.com,Whey Protein Powder,3,2999,2026-07-06
Kelsi.Vandervort5@hotmail.com,Pre-Workout Formula,3,2499,2026-04-30
Kelsi.Vandervort5@hotmail.com,Pre-Workout Formula,3,2499,2025-11-25
Kelsi.Vandervort5@hotmail.com,Yoga Mat Premium,3,1499,2026-02-15
Kelsi.Vandervort5@hotmail.com,Shaker Bottle,1,399,2026-06-01
Kelsi.Vandervort5@hotmail.com,Shaker Bottle,2,399,2025-11-17
Kelsi.Vandervort5@hotmail.com,Pre-Workout Formula,2,2499,2026-04-22
Kelsi.Vandervort5@hotmail.com,Whey Protein Powder,1,2999,2026-07-13
Kelsi.Vandervort5@hotmail.com,Resistance Bands Set,3,799,2026-07-03
Kelsi.Vandervort5@hotmail.com,Creatine Monohydrate,1,1499,2026-02-21
Kelsi.Vandervort5@hotmail.com,Shaker Bottle,2,399,2026-04-02
Kelsi.Vandervort5@hotmail.com,Yoga Mat Premium,2,1499,2026-02-16
Kelsi.Vandervort5@hotmail.com,Pre-Workout Formula,1,2499,2026-01-09
Kelsi.Vandervort5@hotmail.com,Creatine Monohydrate,3,1499,2026-03-31
Kelsi.Vandervort5@hotmail.com,Resistance Bands Set,3,799,2026-04-03
Kelsi.Vandervort5@hotmail.com,Whey Protein Powder,1,2999,2025-12-31
Kelsi.Vandervort5@hotmail.com,Creatine Monohydrate,1,1499,2026-07-30
Kelsi.Vandervort5@hotmail.com,Shaker Bottle,1,399,2026-05-02
Kelsi.Vandervort5@hotmail.com,Whey Protein Powder,3,2999,2026-02-07
Kelsi.Vandervort5@hotmail.com,Yoga Mat Premium,3,1499,2026-05-12
Kelsi.Vandervort5@hotmail.com,Resistance Bands Set,1,799,2026-03-06
Kelsi.Vandervort5@hotmail.com,Pre-Workout Formula,2,2499,2026-01-15
Kelsi.Vandervort5@hotmail.com,Resistance Bands Set,1,799,2026-03-28
Kelsi.Vandervort5@hotmail.com,Creatine Monohydrate,3,1499,2026-01-18
Carlos86@hotmail.com,Shaker Bottle,3,399,2026-05-27
Carlos86@hotmail.com,Pre-Workout Formula,3,2499,2026-06-11
Carlos86@hotmail.com,Omega-3 Fish Oil,2,999,2026-02-01
Carlos86@hotmail.com,Resistance Bands Set,2,799,2026-02-28
Carlos86@hotmail.com,Resistance Bands Set,3,799,2026-07-06
Carlos86@hotmail.com,Yoga Mat Premium,2,1499,2026-05-05
Carlos86@hotmail.com,Omega-3 Fish Oil,1,999,2026-01-06
Carlos86@hotmail.com,Shaker Bottle,1,399,2026-07-09
Carlos86@hotmail.com,Omega-3 Fish Oil,2,999,2026-04-06
Carlos86@hotmail.com,Yoga Mat Premium,3,1499,2026-05-05
Carlos86@hotmail.com,Shaker Bottle,3,399,2026-06-21
Carlos86@hotmail.com,Whey Protein Powder,1,2999,2026-06-17
Carlos86@hotmail.com,Yoga Mat Premium,2,1499,2025-12-19
Carlos86@hotmail.com,Creatine Monohydrate,3,1499,2026-02-24
Carlos86@hotmail.com,Pre-Workout Formula,1,2499,2026-05-05
Carlos86@hotmail.com,Resistance Bands Set,1,799,2026-06-12
Carlos86@hotmail.com,Creatine Monohydrate,2,1499,2026-02-10
Carlos86@hotmail.com,Creatine Monohydrate,2,1499,2026-03-16
Carlos86@hotmail.com,Omega-3 Fish Oil,1,999,2025-12-09
Carlos86@hotmail.com,Pre-Workout Formula,3,2499,2026-05-08
Carlos86@hotmail.com,Omega-3 Fish Oil,2,999,2025-12-26
Jermain37@gmail.com,Omega-3 Fish Oil,1,999,2026-07-31
Jermain37@gmail.com,Omega-3 Fish Oil,1,999,2026-06-01
Jermain37@gmail.com,Omega-3 Fish Oil,2,999,2026-04-03
Jermain37@gmail.com,Omega-3 Fish Oil,2,999,2026-02-04
Jermain37@gmail.com,Creatine Monohydrate,3,1499,2026-03-05
Jermain37@gmail.com,Whey Protein Powder,1,2999,2026-07-23
Jermain37@gmail.com,Shaker Bottle,3,399,2026-06-14
Jermain37@gmail.com,Pre-Workout Formula,1,2499,2025-11-14
Jermain37@gmail.com,Yoga Mat Premium,2,1499,2025-12-28
Emilie.Schultz@gmail.com,Shaker Bottle,3,399,2025-09-29
Emilie.Schultz@gmail.com,Yoga Mat Premium,2,1499,2025-07-01
Emilie.Schultz@gmail.com,Whey Protein Powder,2,2999,2025-04-01
Emilie.Schultz@gmail.com,Whey Protein Powder,2,2999,2026-04-10
Emilie.Schultz@gmail.com,Resistance Bands Set,2,799,2025-10-21
Emilie.Schultz@gmail.com,Yoga Mat Premium,3,1499,2025-07-29
Emilie.Schultz@gmail.com,Yoga Mat Premium,1,1499,2026-02-24
Emilie.Schultz@gmail.com,Whey Protein Powder,1,2999,2026-04-09
Emilie.Schultz@gmail.com,Pre-Workout Formula,2,2499,2025-03-30
Emilie.Schultz@gmail.com,Omega-3 Fish Oil,2,999,2025-04-23
Emilie.Schultz@gmail.com,Yoga Mat Premium,2,1499,2025-06-09
Emilie.Schultz@gmail.com,Pre-Workout Formula,2,2499,2025-10-26
Emilie.Schultz@gmail.com,Shaker Bottle,3,399,2026-07-29
Emilie.Schultz@gmail.com,Resistance Bands Set,1,799,2025-03-28
Emilie.Schultz@gmail.com,Yoga Mat Premium,2,1499,2025-05-25
Emilie.Schultz@gmail.com,Yoga Mat Premium,1,1499,2025-07-08
Emilie.Schultz@gmail.com,Yoga Mat Premium,3,1499,2025-03-04
Emilie.Schultz@gmail.com,Pre-Workout Formula,1,2499,2025-09-29
Emilie.Schultz@gmail.com,Creatine Monohydrate,1,1499,2025-03-24
Emilie.Schultz@gmail.com,Shaker Bottle,2,399,2025-03-30
Emilie.Schultz@gmail.com,Whey Protein Powder,3,2999,2025-11-01
Emilie.Schultz@gmail.com,Omega-3 Fish Oil,2,999,2026-03-20
Emilie.Schultz@gmail.com,Pre-Workout Formula,3,2499,2026-01-07
Emilie.Schultz@gmail.com,Creatine Monohydrate,1,1499,2025-07-07
Rocky_Crona5@hotmail.com,Pre-Workout Formula,1,2499,2026-07-25
Rocky_Crona5@hotmail.com,Pre-Workout Formula,1,2499,2026-06-24
Rocky_Crona5@hotmail.com,Pre-Workout Formula,1,2499,2026-05-28
Rocky_Crona5@hotmail.com,Pre-Workout Formula,2,2499,2026-05-01
Rocky_Crona5@hotmail.com,Whey Protein Powder,1,2999,2024-12-22
Rocky_Crona5@hotmail.com,Shaker Bottle,2,399,2025-06-26
Rocky_Crona5@hotmail.com,Shaker Bottle,2,399,2026-01-08
Rocky_Crona5@hotmail.com,Creatine Monohydrate,1,1499,2025-04-27
Rocky_Crona5@hotmail.com,Whey Protein Powder,1,2999,2026-05-29
Herta_Kohler-Kuhn@hotmail.com,Creatine Monohydrate,3,1499,2025-05-17
Herta_Kohler-Kuhn@hotmail.com,Omega-3 Fish Oil,1,999,2025-10-07
Herta_Kohler-Kuhn@hotmail.com,Creatine Monohydrate,1,1499,2026-03-22
Herta_Kohler-Kuhn@hotmail.com,Shaker Bottle,3,399,2025-08-04
Herta_Kohler-Kuhn@hotmail.com,Whey Protein Powder,3,2999,2026-07-06
Herta_Kohler-Kuhn@hotmail.com,Yoga Mat Premium,1,1499,2025-07-30
Herta_Kohler-Kuhn@hotmail.com,Resistance Bands Set,1,799,2026-05-19
Herta_Kohler-Kuhn@hotmail.com,Whey Protein Powder,1,2999,2026-07-30
Herta_Kohler-Kuhn@hotmail.com,Pre-Workout Formula,1,2499,2025-09-28
Herta_Kohler-Kuhn@hotmail.com,Yoga Mat Premium,3,1499,2026-04-05
Herta_Kohler-Kuhn@hotmail.com,Pre-Workout Formula,2,2499,2025-05-03
Herta_Kohler-Kuhn@hotmail.com,Whey Protein Powder,3,2999,2025-10-13
Herta_Kohler-Kuhn@hotmail.com,Pre-Workout Formula,2,2499,2026-07-26
Herta_Kohler-Kuhn@hotmail.com,Resistance Bands Set,3,799,2026-06-14
Herta_Kohler-Kuhn@hotmail.com,Shaker Bottle,2,399,2025-08-17
Herta_Kohler-Kuhn@hotmail.com,Omega-3 Fish Oil,3,999,2025-03-22
Herta_Kohler-Kuhn@hotmail.com,Creatine Monohydrate,3,1499,2025-11-28
Herta_Kohler-Kuhn@hotmail.com,Pre-Workout Formula,1,2499,2026-02-02
Herta_Kohler-Kuhn@hotmail.com,Whey Protein Powder,1,2999,2025-06-19
Herta_Kohler-Kuhn@hotmail.com,Pre-Workout Formula,2,2499,2025-08-05
Herta_Kohler-Kuhn@hotmail.com,Shaker Bottle,1,399,2026-06-26
Herta_Kohler-Kuhn@hotmail.com,Omega-3 Fish Oil,2,999,2025-06-09
Herta_Kohler-Kuhn@hotmail.com,Pre-Workout Formula,2,2499,2025-10-14
Herta_Kohler-Kuhn@hotmail.com,Whey Protein Powder,3,2999,2025-06-12
Herta_Kohler-Kuhn@hotmail.com,Omega-3 Fish Oil,2,999,2025-03-22
Herta_Kohler-Kuhn@hotmail.com,Resistance Bands Set,3,799,2025-07-06
Herta_Kohler-Kuhn@hotmail.com,Resistance Bands Set,3,799,2026-05-31
Herta_Kohler-Kuhn@hotmail.com,Yoga Mat Premium,2,1499,2026-01-16
Herta_Kohler-Kuhn@hotmail.com,Pre-Workout Formula,1,2499,2026-04-12
Herta_Kohler-Kuhn@hotmail.com,Yoga Mat Premium,3,1499,2026-06-15
Herta_Kohler-Kuhn@hotmail.com,Resistance Bands Set,2,799,2025-12-02
Alia.Glover@gmail.com,Resistance Bands Set,3,799,2026-03-09
Alia.Glover@gmail.com,Pre-Workout Formula,1,2499,2026-06-20
Alia.Glover@gmail.com,Yoga Mat Premium,2,1499,2026-04-23
Alia.Glover@gmail.com,Resistance Bands Set,1,799,2026-04-06
Alia.Glover@gmail.com,Creatine Monohydrate,2,1499,2026-03-14
Alia.Glover@gmail.com,Whey Protein Powder,2,2999,2026-05-27
Dalton_Funk30@hotmail.com,Pre-Workout Formula,1,2499,2026-05-06
Dalton_Funk30@hotmail.com,Whey Protein Powder,3,2999,2025-11-07
Dalton_Funk30@hotmail.com,Yoga Mat Premium,1,1499,2025-12-23
Dalton_Funk30@hotmail.com,Shaker Bottle,3,399,2026-04-17
Dalton_Funk30@hotmail.com,Yoga Mat Premium,1,1499,2025-12-26
Dalton_Funk30@hotmail.com,Pre-Workout Formula,3,2499,2026-06-17
Dalton_Funk30@hotmail.com,Pre-Workout Formula,1,2499,2025-12-03
Dalton_Funk30@hotmail.com,Shaker Bottle,1,399,2026-03-15
Dalton_Funk30@hotmail.com,Resistance Bands Set,1,799,2026-02-11
Dalton_Funk30@hotmail.com,Whey Protein Powder,1,2999,2026-01-24
Dalton_Funk30@hotmail.com,Creatine Monohydrate,3,1499,2025-12-05
Dalton_Funk30@hotmail.com,Yoga Mat Premium,2,1499,2026-04-04
Dalton_Funk30@hotmail.com,Whey Protein Powder,3,2999,2026-06-17
Dalton_Funk30@hotmail.com,Pre-Workout Formula,1,2499,2026-07-01
Dalton_Funk30@hotmail.com,Yoga Mat Premium,2,1499,2026-07-29
Dalton_Funk30@hotmail.com,Resistance Bands Set,1,799,2026-07-19
Dalton_Funk30@hotmail.com,Omega-3 Fish Oil,3,999,2026-02-04
Dalton_Funk30@hotmail.com,Shaker Bottle,3,399,2026-03-13
Justice.Schuppe@hotmail.com,Whey Protein Powder,1,2999,2026-07-28
Justice.Schuppe@hotmail.com,Whey Protein Powder,1,2999,2026-06-27
Justice.Schuppe@hotmail.com,Whey Protein Powder,2,2999,2026-05-30
Justice.Schuppe@hotmail.com,Whey Protein Powder,2,2999,2026-04-28
Justice.Schuppe@hotmail.com,Whey Protein Powder,2,2999,2026-03-28
Justice.Schuppe@hotmail.com,Whey Protein Powder,2,2999,2026-03-01
Justice.Schuppe@hotmail.com,Whey Protein Powder,1,2999,2026-01-28
Justice.Schuppe@hotmail.com,Whey Protein Powder,2,2999,2026-01-01
Kenton13@gmail.com,Pre-Workout Formula,2,2499,2026-08-04
Kenton13@gmail.com,Pre-Workout Formula,1,2499,2026-07-04
Kenton13@gmail.com,Pre-Workout Formula,1,2499,2026-06-06
Kenton13@gmail.com,Pre-Workout Formula,2,2499,2026-05-03
Kenton13@gmail.com,Pre-Workout Formula,2,2499,2026-04-04
Kenton13@gmail.com,Pre-Workout Formula,1,2499,2026-03-02
Kenton13@gmail.com,Pre-Workout Formula,1,2499,2026-02-03
Kenton13@gmail.com,Whey Protein Powder,1,2999,2026-02-16
Kenton13@gmail.com,Creatine Monohydrate,2,1499,2025-10-08
Kenton13@gmail.com,Omega-3 Fish Oil,2,999,2025-12-11
Kenton13@gmail.com,Yoga Mat Premium,3,1499,2025-12-04
Kenton13@gmail.com,Creatine Monohydrate,1,1499,2025-08-18
Kenton13@gmail.com,Omega-3 Fish Oil,3,999,2025-04-25
Kenton13@gmail.com,Omega-3 Fish Oil,1,999,2026-03-29
German25@hotmail.com,Resistance Bands Set,2,799,2025-04-09
German25@hotmail.com,Creatine Monohydrate,2,1499,2025-12-28
German25@hotmail.com,Pre-Workout Formula,2,2499,2025-07-04
German25@hotmail.com,Pre-Workout Formula,3,2499,2025-10-21
Layne_Hegmann4@hotmail.com,Creatine Monohydrate,2,1499,2026-07-25
Layne_Hegmann4@hotmail.com,Creatine Monohydrate,1,1499,2026-06-10
Layne_Hegmann4@hotmail.com,Creatine Monohydrate,1,1499,2026-04-29
Layne_Hegmann4@hotmail.com,Creatine Monohydrate,2,1499,2026-03-17
Layne_Hegmann4@hotmail.com,Creatine Monohydrate,2,1499,2026-01-28
Layne_Hegmann4@hotmail.com,Creatine Monohydrate,1,1499,2025-12-13
Layne_Hegmann4@hotmail.com,Creatine Monohydrate,2,1499,2025-10-29
Brendon.Huel@hotmail.com,Yoga Mat Premium,3,1499,2025-12-02
Brendon.Huel@hotmail.com,Pre-Workout Formula,2,2499,2026-03-29
Brendon.Huel@hotmail.com,Omega-3 Fish Oil,3,999,2026-04-23
Brendon.Huel@hotmail.com,Creatine Monohydrate,2,1499,2025-10-08
Brendon.Huel@hotmail.com,Omega-3 Fish Oil,2,999,2025-11-11
Regina.Von@hotmail.com,Whey Protein Powder,1,2999,2026-06-12
Regina.Von@hotmail.com,Yoga Mat Premium,2,1499,2026-05-10
Regina.Von@hotmail.com,Pre-Workout Formula,2,2499,2026-04-07
Regina.Von@hotmail.com,Omega-3 Fish Oil,3,999,2026-06-02
Regina.Von@hotmail.com,Shaker Bottle,3,399,2026-07-27
Regina.Von@hotmail.com,Omega-3 Fish Oil,2,999,2026-06-18
Regina.Von@hotmail.com,Whey Protein Powder,2,2999,2026-07-29
Regina.Von@hotmail.com,Creatine Monohydrate,1,1499,2026-06-25
Regina.Von@hotmail.com,Omega-3 Fish Oil,2,999,2026-06-16
Regina.Von@hotmail.com,Resistance Bands Set,3,799,2026-04-06
Regina.Von@hotmail.com,Creatine Monohydrate,3,1499,2026-05-12
Regina.Von@hotmail.com,Omega-3 Fish Oil,1,999,2026-06-08
Regina.Von@hotmail.com,Yoga Mat Premium,2,1499,2026-07-14
Regina.Von@hotmail.com,Pre-Workout Formula,2,2499,2026-07-15
Regina.Von@hotmail.com,Omega-3 Fish Oil,1,999,2026-05-07
Regina.Von@hotmail.com,Yoga Mat Premium,2,1499,2026-07-19
Regina.Von@hotmail.com,Creatine Monohydrate,2,1499,2026-07-23
Regina.Von@hotmail.com,Whey Protein Powder,1,2999,2026-05-28
Regina.Von@hotmail.com,Shaker Bottle,2,399,2026-04-27
Regina.Von@hotmail.com,Pre-Workout Formula,1,2499,2026-05-12
Regina.Von@hotmail.com,Whey Protein Powder,3,2999,2026-05-27
Regina.Von@hotmail.com,Shaker Bottle,1,399,2026-06-12
Regina.Von@hotmail.com,Omega-3 Fish Oil,1,999,2026-07-15
Regina.Von@hotmail.com,Pre-Workout Formula,3,2499,2026-05-24
Regina.Von@hotmail.com,Yoga Mat Premium,3,1499,2026-05-12
Regina.Von@hotmail.com,Shaker Bottle,1,399,2026-06-01
Regina.Von@hotmail.com,Yoga Mat Premium,1,1499,2026-04-17
Regina.Von@hotmail.com,Resistance Bands Set,2,799,2026-06-05
Nils.Gorczany@hotmail.com,Creatine Monohydrate,3,1499,2026-01-03
Nils.Gorczany@hotmail.com,Yoga Mat Premium,1,1499,2026-04-26
Nils.Gorczany@hotmail.com,Yoga Mat Premium,3,1499,2026-04-15
Nils.Gorczany@hotmail.com,Omega-3 Fish Oil,1,999,2026-07-26
Nils.Gorczany@hotmail.com,Pre-Workout Formula,2,2499,2026-05-29
Nils.Gorczany@hotmail.com,Pre-Workout Formula,2,2499,2026-05-01
Nils.Gorczany@hotmail.com,Whey Protein Powder,1,2999,2026-06-30
Nils.Gorczany@hotmail.com,Creatine Monohydrate,2,1499,2026-04-15
Nils.Gorczany@hotmail.com,Resistance Bands Set,2,799,2026-02-05
Nils.Gorczany@hotmail.com,Whey Protein Powder,2,2999,2026-07-31
Wilfred_Runolfsson22@gmail.com,Creatine Monohydrate,2,1499,2026-07-27
Wilfred_Runolfsson22@gmail.com,Creatine Monohydrate,1,1499,2026-06-17
Wilfred_Runolfsson22@gmail.com,Creatine Monohydrate,2,1499,2026-05-03
Wilfred_Runolfsson22@gmail.com,Creatine Monohydrate,2,1499,2026-03-15
Wilfred_Runolfsson22@gmail.com,Creatine Monohydrate,2,1499,2026-01-27
Conrad_Fritsch23@gmail.com,Pre-Workout Formula,1,2499,2026-07-24
Conrad_Fritsch23@gmail.com,Pre-Workout Formula,2,2499,2026-06-28
Conrad_Fritsch23@gmail.com,Pre-Workout Formula,2,2499,2026-05-25
Conrad_Fritsch23@gmail.com,Pre-Workout Formula,1,2499,2026-04-27
Conrad_Fritsch23@gmail.com,Pre-Workout Formula,2,2499,2026-03-26
Conrad_Fritsch23@gmail.com,Pre-Workout Formula,1,2499,2026-03-01
Conrad_Fritsch23@gmail.com,Resistance Bands Set,2,799,2025-12-30
Conrad_Fritsch23@gmail.com,Yoga Mat Premium,1,1499,2025-11-03
Conrad_Fritsch23@gmail.com,Creatine Monohydrate,2,1499,2026-07-02
Conrad_Fritsch23@gmail.com,Shaker Bottle,1,399,2026-03-05
Conrad_Fritsch23@gmail.com,Shaker Bottle,3,399,2025-08-21
Conrad_Fritsch23@gmail.com,Resistance Bands Set,2,799,2025-12-31
Conrad_Fritsch23@gmail.com,Resistance Bands Set,1,799,2026-03-25
Conrad_Fritsch23@gmail.com,Yoga Mat Premium,1,1499,2026-05-22
Conrad_Fritsch23@gmail.com,Omega-3 Fish Oil,3,999,2025-11-02
Conrad_Fritsch23@gmail.com,Shaker Bottle,1,399,2025-12-08
Conrad_Fritsch23@gmail.com,Resistance Bands Set,2,799,2026-05-09
Conrad_Fritsch23@gmail.com,Resistance Bands Set,3,799,2025-09-23
Conrad_Fritsch23@gmail.com,Creatine Monohydrate,1,1499,2025-12-30
Conrad_Fritsch23@gmail.com,Resistance Bands Set,1,799,2026-03-19
Conrad_Fritsch23@gmail.com,Omega-3 Fish Oil,3,999,2025-09-15
Conrad_Fritsch23@gmail.com,Creatine Monohydrate,3,1499,2026-01-06
Conrad_Fritsch23@gmail.com,Whey Protein Powder,1,2999,2025-10-10
Conrad_Fritsch23@gmail.com,Whey Protein Powder,3,2999,2025-12-11
Conrad_Fritsch23@gmail.com,Whey Protein Powder,3,2999,2026-06-20
Conrad_Fritsch23@gmail.com,Resistance Bands Set,1,799,2026-01-12
Conrad_Fritsch23@gmail.com,Whey Protein Powder,2,2999,2025-09-18
Conrad_Fritsch23@gmail.com,Yoga Mat Premium,1,1499,2026-04-28
Conrad_Fritsch23@gmail.com,Creatine Monohydrate,2,1499,2025-09-11
Matilda_Bechtelar@hotmail.com,Omega-3 Fish Oil,2,999,2026-07-31
Matilda_Bechtelar@hotmail.com,Omega-3 Fish Oil,2,999,2026-05-27
Matilda_Bechtelar@hotmail.com,Omega-3 Fish Oil,2,999,2026-03-31
Matilda_Bechtelar@hotmail.com,Omega-3 Fish Oil,2,999,2026-01-27
Matilda_Bechtelar@hotmail.com,Omega-3 Fish Oil,1,999,2025-12-01
Matilda_Bechtelar@hotmail.com,Pre-Workout Formula,1,2499,2025-07-08
Matilda_Bechtelar@hotmail.com,Creatine Monohydrate,3,1499,2026-07-22
Matilda_Bechtelar@hotmail.com,Creatine Monohydrate,2,1499,2025-02-03
Matilda_Bechtelar@hotmail.com,Shaker Bottle,3,399,2026-05-04
Matilda_Bechtelar@hotmail.com,Yoga Mat Premium,2,1499,2026-07-08
Matilda_Bechtelar@hotmail.com,Yoga Mat Premium,3,1499,2026-06-10
Matilda_Bechtelar@hotmail.com,Resistance Bands Set,2,799,2026-03-25
Matilda_Bechtelar@hotmail.com,Whey Protein Powder,3,2999,2026-07-25
Matilda_Bechtelar@hotmail.com,Pre-Workout Formula,1,2499,2025-02-28
Matilda_Bechtelar@hotmail.com,Resistance Bands Set,3,799,2025-05-12
Mollie27@hotmail.com,Pre-Workout Formula,2,2499,2026-07-28
Mollie27@hotmail.com,Pre-Workout Formula,1,2499,2026-07-03
Mollie27@hotmail.com,Pre-Workout Formula,1,2499,2026-06-02
Mollie27@hotmail.com,Pre-Workout Formula,2,2499,2026-05-04
Mollie27@hotmail.com,Pre-Workout Formula,1,2499,2026-04-02
Mollie27@hotmail.com,Yoga Mat Premium,3,1499,2025-09-06
Melinda40@yahoo.com,Yoga Mat Premium,3,1499,2026-01-10
Melinda40@yahoo.com,Pre-Workout Formula,2,2499,2026-01-01
Melinda40@yahoo.com,Whey Protein Powder,2,2999,2026-02-25
Melinda40@yahoo.com,Omega-3 Fish Oil,3,999,2025-11-22
Melinda40@yahoo.com,Resistance Bands Set,2,799,2025-12-20
Melinda40@yahoo.com,Resistance Bands Set,3,799,2025-10-23
Melinda40@yahoo.com,Yoga Mat Premium,2,1499,2025-12-12
Melinda40@yahoo.com,Whey Protein Powder,2,2999,2026-03-09
Melinda40@yahoo.com,Pre-Workout Formula,1,2499,2026-05-12
Melinda40@yahoo.com,Creatine Monohydrate,1,1499,2026-07-18
Melinda40@yahoo.com,Pre-Workout Formula,3,2499,2026-06-02
Melinda40@yahoo.com,Whey Protein Powder,2,2999,2025-11-10
Melinda40@yahoo.com,Resistance Bands Set,1,799,2026-06-20
Melinda40@yahoo.com,Creatine Monohydrate,2,1499,2026-08-04
Melinda40@yahoo.com,Whey Protein Powder,1,2999,2025-10-23
Melinda40@yahoo.com,Omega-3 Fish Oil,3,999,2026-07-29
Pansy31@hotmail.com,Whey Protein Powder,1,2999,2026-05-16
Pansy31@hotmail.com,Resistance Bands Set,1,799,2025-04-03
Pansy31@hotmail.com,Pre-Workout Formula,2,2499,2026-08-06
Pansy31@hotmail.com,Shaker Bottle,3,399,2026-06-21
Pansy31@hotmail.com,Yoga Mat Premium,1,1499,2025-06-28
Pansy31@hotmail.com,Resistance Bands Set,1,799,2025-09-11
Pansy31@hotmail.com,Whey Protein Powder,3,2999,2025-08-24
Pansy31@hotmail.com,Pre-Workout Formula,2,2499,2026-07-28
Leo.Tremblay-Heidenreich@hotmail.com,Pre-Workout Formula,2,2499,2026-07-23
Leo.Tremblay-Heidenreich@hotmail.com,Pre-Workout Formula,2,2499,2026-06-20
Leo.Tremblay-Heidenreich@hotmail.com,Pre-Workout Formula,2,2499,2026-05-26
Leo.Tremblay-Heidenreich@hotmail.com,Pre-Workout Formula,1,2499,2026-04-22
Leo.Tremblay-Heidenreich@hotmail.com,Pre-Workout Formula,1,2499,2026-03-25
Leo.Tremblay-Heidenreich@hotmail.com,Pre-Workout Formula,1,2499,2026-02-25
Leo.Tremblay-Heidenreich@hotmail.com,Omega-3 Fish Oil,3,999,2026-06-27
Leo.Tremblay-Heidenreich@hotmail.com,Whey Protein Powder,1,2999,2026-06-28
Leo.Tremblay-Heidenreich@hotmail.com,Yoga Mat Premium,1,1499,2026-07-05
Leo.Tremblay-Heidenreich@hotmail.com,Yoga Mat Premium,1,1499,2026-06-17
Leo.Tremblay-Heidenreich@hotmail.com,Whey Protein Powder,2,2999,2026-07-09
Leo.Tremblay-Heidenreich@hotmail.com,Shaker Bottle,1,399,2026-07-22
Leo.Tremblay-Heidenreich@hotmail.com,Resistance Bands Set,3,799,2026-07-02
Leo.Tremblay-Heidenreich@hotmail.com,Creatine Monohydrate,1,1499,2026-05-16
Leo.Tremblay-Heidenreich@hotmail.com,Yoga Mat Premium,2,1499,2026-08-17
Leo.Tremblay-Heidenreich@hotmail.com,Creatine Monohydrate,1,1499,2026-07-20
Leo.Tremblay-Heidenreich@hotmail.com,Shaker Bottle,1,399,2026-05-23
Leo.Tremblay-Heidenreich@hotmail.com,Creatine Monohydrate,2,1499,2026-07-26
Margaretta.Wunsch@hotmail.com,Whey Protein Powder,3,2999,2025-11-03
Margaretta.Wunsch@hotmail.com,Creatine Monohydrate,3,1499,2025-12-05
Margaretta.Wunsch@hotmail.com,Resistance Bands Set,3,799,2026-01-07
Margaretta.Wunsch@hotmail.com,Creatine Monohydrate,1,1499,2026-07-04
Margaretta.Wunsch@hotmail.com,Omega-3 Fish Oil,2,999,2025-10-21
Margaretta.Wunsch@hotmail.com,Pre-Workout Formula,1,2499,2026-02-01
Margaretta.Wunsch@hotmail.com,Whey Protein Powder,1,2999,2026-08-02
Margaretta.Wunsch@hotmail.com,Resistance Bands Set,3,799,2025-12-17
Margaretta.Wunsch@hotmail.com,Yoga Mat Premium,1,1499,2026-02-07
Margaretta.Wunsch@hotmail.com,Creatine Monohydrate,2,1499,2025-10-26
Margaretta.Wunsch@hotmail.com,Shaker Bottle,2,399,2026-02-22
Margaretta.Wunsch@hotmail.com,Resistance Bands Set,3,799,2025-12-22
Margaretta.Wunsch@hotmail.com,Shaker Bottle,2,399,2026-05-05
Margaretta.Wunsch@hotmail.com,Whey Protein Powder,2,2999,2025-11-20
Margaretta.Wunsch@hotmail.com,Resistance Bands Set,1,799,2026-03-11
Margaretta.Wunsch@hotmail.com,Whey Protein Powder,1,2999,2025-11-27
Margaretta.Wunsch@hotmail.com,Omega-3 Fish Oil,2,999,2026-07-29
Margaretta.Wunsch@hotmail.com,Omega-3 Fish Oil,3,999,2026-06-06
Margaretta.Wunsch@hotmail.com,Yoga Mat Premium,3,1499,2025-11-21
Margaretta.Wunsch@hotmail.com,Resistance Bands Set,2,799,2025-10-17
Margaretta.Wunsch@hotmail.com,Omega-3 Fish Oil,1,999,2026-04-15
Margaretta.Wunsch@hotmail.com,Whey Protein Powder,1,2999,2025-10-26
Margaretta.Wunsch@hotmail.com,Creatine Monohydrate,3,1499,2026-07-16
Margaretta.Wunsch@hotmail.com,Resistance Bands Set,3,799,2026-02-26
Margaretta.Wunsch@hotmail.com,Yoga Mat Premium,3,1499,2025-12-07
Margaretta.Wunsch@hotmail.com,Creatine Monohydrate,1,1499,2025-12-18
Margaretta.Wunsch@hotmail.com,Whey Protein Powder,1,2999,2026-06-15
Margaretta.Wunsch@hotmail.com,Yoga Mat Premium,1,1499,2026-05-15
Margaretta.Wunsch@hotmail.com,Whey Protein Powder,3,2999,2025-12-28
Margaretta.Wunsch@hotmail.com,Whey Protein Powder,1,2999,2026-03-31
Margaretta.Wunsch@hotmail.com,Pre-Workout Formula,2,2499,2026-06-17
Margaretta.Wunsch@hotmail.com,Shaker Bottle,1,399,2025-11-21
Margaretta.Wunsch@hotmail.com,Pre-Workout Formula,2,2499,2025-09-28
Margaretta.Wunsch@hotmail.com,Omega-3 Fish Oil,2,999,2025-11-08
Margaretta.Wunsch@hotmail.com,Shaker Bottle,2,399,2026-05-24
Margaretta.Wunsch@hotmail.com,Pre-Workout Formula,2,2499,2026-01-15
Bryant.Goodwin@yahoo.com,Yoga Mat Premium,1,1499,2025-11-06
Bryant.Goodwin@yahoo.com,Omega-3 Fish Oil,3,999,2025-12-02
Taurean.Crist36@gmail.com,Yoga Mat Premium,1,1499,2026-02-23
Taurean.Crist36@gmail.com,Yoga Mat Premium,2,1499,2026-02-22
Taurean.Crist36@gmail.com,Shaker Bottle,2,399,2026-03-14
Taurean.Crist36@gmail.com,Pre-Workout Formula,1,2499,2025-04-25
Taurean.Crist36@gmail.com,Resistance Bands Set,1,799,2025-11-12
Taurean.Crist36@gmail.com,Shaker Bottle,3,399,2026-01-29
Taurean.Crist36@gmail.com,Whey Protein Powder,1,2999,2025-12-21
Taurean.Crist36@gmail.com,Yoga Mat Premium,1,1499,2026-01-20
Skyla_Feil@yahoo.com,Creatine Monohydrate,1,1499,2026-07-21
Skyla_Feil@yahoo.com,Creatine Monohydrate,2,1499,2026-06-05
Skyla_Feil@yahoo.com,Creatine Monohydrate,2,1499,2026-04-22
Skyla_Feil@yahoo.com,Creatine Monohydrate,2,1499,2026-03-10
Skyla_Feil@yahoo.com,Creatine Monohydrate,2,1499,2026-01-24
Skyla_Feil@yahoo.com,Creatine Monohydrate,2,1499,2025-12-09
Skyla_Feil@yahoo.com,Creatine Monohydrate,2,1499,2025-10-23
Skyla_Feil@yahoo.com,Creatine Monohydrate,1,1499,2025-09-11
Cloyd.Cole@gmail.com,Pre-Workout Formula,2,2499,2026-06-10
Cloyd.Cole@gmail.com,Omega-3 Fish Oil,1,999,2026-02-19
Cloyd.Cole@gmail.com,Whey Protein Powder,3,2999,2026-03-27
Cloyd.Cole@gmail.com,Yoga Mat Premium,1,1499,2026-02-24
Cloyd.Cole@gmail.com,Omega-3 Fish Oil,3,999,2026-01-23
Cloyd.Cole@gmail.com,Resistance Bands Set,2,799,2026-07-07
Cloyd.Cole@gmail.com,Whey Protein Powder,3,2999,2026-06-24
Cloyd.Cole@gmail.com,Whey Protein Powder,2,2999,2026-03-23
Cloyd.Cole@gmail.com,Resistance Bands Set,1,799,2025-11-11
Zaria.Gibson@hotmail.com,Shaker Bottle,2,399,2025-09-13
Zaria.Gibson@hotmail.com,Creatine Monohydrate,2,1499,2026-06-02
Zaria.Gibson@hotmail.com,Omega-3 Fish Oil,2,999,2025-03-06
Zaria.Gibson@hotmail.com,Pre-Workout Formula,1,2499,2025-05-15
Zaria.Gibson@hotmail.com,Shaker Bottle,2,399,2025-12-31
Zaria.Gibson@hotmail.com,Resistance Bands Set,1,799,2025-01-15
Zaria.Gibson@hotmail.com,Whey Protein Powder,3,2999,2026-04-27
Zaria.Gibson@hotmail.com,Shaker Bottle,1,399,2025-04-21
Zaria.Gibson@hotmail.com,Resistance Bands Set,3,799,2025-12-10
Zaria.Gibson@hotmail.com,Creatine Monohydrate,1,1499,2026-07-09
Zaria.Gibson@hotmail.com,Shaker Bottle,2,399,2026-01-09
Zaria.Gibson@hotmail.com,Whey Protein Powder,3,2999,2025-01-25
Zaria.Gibson@hotmail.com,Creatine Monohydrate,1,1499,2025-11-25
Zaria.Gibson@hotmail.com,Pre-Workout Formula,2,2499,2026-05-01
Zaria.Gibson@hotmail.com,Omega-3 Fish Oil,3,999,2025-04-30
Zaria.Gibson@hotmail.com,Omega-3 Fish Oil,1,999,2025-11-09
Zaria.Gibson@hotmail.com,Resistance Bands Set,2,799,2026-03-29
Zaria.Gibson@hotmail.com,Yoga Mat Premium,1,1499,2026-05-16
Zaria.Gibson@hotmail.com,Whey Protein Powder,2,2999,2026-04-25
Zaria.Gibson@hotmail.com,Pre-Workout Formula,2,2499,2026-02-22
Zaria.Gibson@hotmail.com,Creatine Monohydrate,1,1499,2026-05-25
Zaria.Gibson@hotmail.com,Resistance Bands Set,2,799,2026-03-26
Zaria.Gibson@hotmail.com,Yoga Mat Premium,2,1499,2026-01-07
Zaria.Gibson@hotmail.com,Yoga Mat Premium,3,1499,2026-03-11
Zaria.Gibson@hotmail.com,Pre-Workout Formula,3,2499,2026-03-21
Zaria.Gibson@hotmail.com,Yoga Mat Premium,2,1499,2025-12-13
Dedrick_Erdman94@gmail.com,Pre-Workout Formula,1,2499,2026-07-26
Dedrick_Erdman94@gmail.com,Pre-Workout Formula,1,2499,2026-06-22
Dedrick_Erdman94@gmail.com,Pre-Workout Formula,1,2499,2026-05-29
Dedrick_Erdman94@gmail.com,Pre-Workout Formula,2,2499,2026-04-26
Dedrick_Erdman94@gmail.com,Pre-Workout Formula,1,2499,2026-03-30
Dedrick_Erdman94@gmail.com,Whey Protein Powder,1,2999,2026-07-16
Dedrick_Erdman94@gmail.com,Yoga Mat Premium,2,1499,2026-07-21
Dedrick_Erdman94@gmail.com,Yoga Mat Premium,3,1499,2026-06-01
Dedrick_Erdman94@gmail.com,Shaker Bottle,2,399,2026-07-23
Dedrick_Erdman94@gmail.com,Omega-3 Fish Oil,2,999,2026-07-25
Dedrick_Erdman94@gmail.com,Shaker Bottle,1,399,2026-07-15
Dedrick_Erdman94@gmail.com,Yoga Mat Premium,1,1499,2026-05-17
Dedrick_Erdman94@gmail.com,Omega-3 Fish Oil,3,999,2026-07-13
Dedrick_Erdman94@gmail.com,Whey Protein Powder,2,2999,2026-06-01
Dedrick_Erdman94@gmail.com,Omega-3 Fish Oil,1,999,2026-06-30
Dedrick_Erdman94@gmail.com,Whey Protein Powder,2,2999,2026-06-30
Isabel.Heidenreich73@yahoo.com,Yoga Mat Premium,2,1499,2025-03-25
Isabel.Heidenreich73@yahoo.com,Creatine Monohydrate,2,1499,2024-09-26
Isabel.Heidenreich73@yahoo.com,Whey Protein Powder,1,2999,2025-01-01
Isabel.Heidenreich73@yahoo.com,Shaker Bottle,3,399,2025-03-25
Isabel.Heidenreich73@yahoo.com,Resistance Bands Set,3,799,2025-03-17
Isabel.Heidenreich73@yahoo.com,Whey Protein Powder,2,2999,2025-09-22
Isabel.Heidenreich73@yahoo.com,Creatine Monohydrate,3,1499,2025-05-07
Isabel.Heidenreich73@yahoo.com,Whey Protein Powder,2,2999,2024-08-26
Isabel.Heidenreich73@yahoo.com,Resistance Bands Set,3,799,2025-03-07
Isabel.Heidenreich73@yahoo.com,Omega-3 Fish Oil,2,999,2024-11-29
Isabel.Heidenreich73@yahoo.com,Whey Protein Powder,1,2999,2026-01-11
Isabel.Heidenreich73@yahoo.com,Yoga Mat Premium,2,1499,2025-09-30
Isabel.Heidenreich73@yahoo.com,Omega-3 Fish Oil,3,999,2026-05-27
Isabel.Heidenreich73@yahoo.com,Pre-Workout Formula,3,2499,2025-10-03
Isabel.Heidenreich73@yahoo.com,Resistance Bands Set,2,799,2025-09-09
Isabel.Heidenreich73@yahoo.com,Creatine Monohydrate,3,1499,2025-01-31
Isabel.Heidenreich73@yahoo.com,Pre-Workout Formula,2,2499,2024-11-17
Isabel.Heidenreich73@yahoo.com,Whey Protein Powder,3,2999,2025-10-04
Isabel.Heidenreich73@yahoo.com,Shaker Bottle,1,399,2025-05-26
Isabel.Heidenreich73@yahoo.com,Yoga Mat Premium,2,1499,2025-01-29
Isabel.Heidenreich73@yahoo.com,Shaker Bottle,1,399,2025-10-01
Isabel.Heidenreich73@yahoo.com,Creatine Monohydrate,2,1499,2025-11-27
Isabel.Heidenreich73@yahoo.com,Whey Protein Powder,1,2999,2025-02-15
Isabel.Heidenreich73@yahoo.com,Resistance Bands Set,1,799,2024-11-10
Isabel.Heidenreich73@yahoo.com,Pre-Workout Formula,3,2499,2025-12-04
Isabel.Heidenreich73@yahoo.com,Creatine Monohydrate,3,1499,2024-11-05
Isabel.Heidenreich73@yahoo.com,Resistance Bands Set,3,799,2025-05-11
Isabel.Heidenreich73@yahoo.com,Yoga Mat Premium,2,1499,2025-10-15
Isabel.Heidenreich73@yahoo.com,Pre-Workout Formula,2,2499,2024-12-12
Isabel.Heidenreich73@yahoo.com,Creatine Monohydrate,2,1499,2026-03-02
Isabel.Heidenreich73@yahoo.com,Yoga Mat Premium,3,1499,2025-06-25
Isabel.Heidenreich73@yahoo.com,Resistance Bands Set,2,799,2025-10-03
Isabel.Heidenreich73@yahoo.com,Pre-Workout Formula,3,2499,2025-11-03
Isabel.Heidenreich73@yahoo.com,Resistance Bands Set,1,799,2026-06-22
Isabel.Heidenreich73@yahoo.com,Omega-3 Fish Oil,2,999,2025-06-20
Isabel.Heidenreich73@yahoo.com,Pre-Workout Formula,3,2499,2026-02-19
Isabel.Heidenreich73@yahoo.com,Omega-3 Fish Oil,2,999,2025-10-24
Isabel.Heidenreich73@yahoo.com,Yoga Mat Premium,2,1499,2025-01-20
Isabel.Heidenreich73@yahoo.com,Pre-Workout Formula,2,2499,2025-08-25
Isabel.Heidenreich73@yahoo.com,Shaker Bottle,1,399,2025-05-16
Isabel.Heidenreich73@yahoo.com,Pre-Workout Formula,2,2499,2024-08-17
Isabel.Heidenreich73@yahoo.com,Yoga Mat Premium,2,1499,2025-07-28
Isabel.Heidenreich73@yahoo.com,Pre-Workout Formula,1,2499,2026-03-15
Isabel.Heidenreich73@yahoo.com,Creatine Monohydrate,1,1499,2025-05-17
Isabel.Heidenreich73@yahoo.com,Whey Protein Powder,2,2999,2025-04-29
Isabel.Heidenreich73@yahoo.com,Shaker Bottle,3,399,2026-02-14
Isabel.Heidenreich73@yahoo.com,Resistance Bands Set,2,799,2024-12-27
Isabel.Heidenreich73@yahoo.com,Omega-3 Fish Oil,1,999,2025-02-13
Isabel.Heidenreich73@yahoo.com,Pre-Workout Formula,3,2499,2026-05-31
Isabel.Heidenreich73@yahoo.com,Shaker Bottle,3,399,2025-11-12
Douglas_Simonis@yahoo.com,Yoga Mat Premium,3,1499,2026-07-10
Douglas_Simonis@yahoo.com,Creatine Monohydrate,2,1499,2026-07-08
Douglas_Simonis@yahoo.com,Shaker Bottle,2,399,2026-07-08
Douglas_Simonis@yahoo.com,Pre-Workout Formula,1,2499,2026-07-08
Douglas_Simonis@yahoo.com,Omega-3 Fish Oil,2,999,2026-07-11
Douglas_Simonis@yahoo.com,Yoga Mat Premium,3,1499,2026-07-11
Douglas_Simonis@yahoo.com,Pre-Workout Formula,3,2499,2026-07-18
Douglas_Simonis@yahoo.com,Yoga Mat Premium,2,1499,2026-07-10
Douglas_Simonis@yahoo.com,Omega-3 Fish Oil,1,999,2026-07-08
Douglas_Simonis@yahoo.com,Shaker Bottle,3,399,2026-07-18
Douglas_Simonis@yahoo.com,Pre-Workout Formula,1,2499,2026-07-12
Douglas_Simonis@yahoo.com,Omega-3 Fish Oil,3,999,2026-06-28
Douglas_Simonis@yahoo.com,Creatine Monohydrate,1,1499,2026-07-09
Douglas_Simonis@yahoo.com,Pre-Workout Formula,1,2499,2026-07-10
Douglas_Simonis@yahoo.com,Omega-3 Fish Oil,2,999,2026-07-07
Douglas_Simonis@yahoo.com,Shaker Bottle,2,399,2026-07-03
Douglas_Simonis@yahoo.com,Yoga Mat Premium,3,1499,2026-07-10
Douglas_Simonis@yahoo.com,Omega-3 Fish Oil,1,999,2026-07-17
Douglas_Simonis@yahoo.com,Shaker Bottle,3,399,2026-07-08
Douglas_Simonis@yahoo.com,Yoga Mat Premium,3,1499,2026-07-06
Douglas_Simonis@yahoo.com,Whey Protein Powder,1,2999,2026-07-01
Douglas_Simonis@yahoo.com,Omega-3 Fish Oil,3,999,2026-07-14
Douglas_Simonis@yahoo.com,Yoga Mat Premium,1,1499,2026-07-07
Douglas_Simonis@yahoo.com,Resistance Bands Set,2,799,2026-07-11
Douglas_Simonis@yahoo.com,Creatine Monohydrate,3,1499,2026-07-03
Douglas_Simonis@yahoo.com,Resistance Bands Set,3,799,2026-07-10
Douglas_Simonis@yahoo.com,Omega-3 Fish Oil,2,999,2026-07-04
Douglas_Simonis@yahoo.com,Resistance Bands Set,3,799,2026-06-28
Douglas_Simonis@yahoo.com,Yoga Mat Premium,1,1499,2026-06-28
Douglas_Simonis@yahoo.com,Creatine Monohydrate,2,1499,2026-07-11
Douglas_Simonis@yahoo.com,Resistance Bands Set,3,799,2026-06-30
Douglas_Simonis@yahoo.com,Yoga Mat Premium,3,1499,2026-07-13
Douglas_Simonis@yahoo.com,Creatine Monohydrate,3,1499,2026-07-05
Douglas_Simonis@yahoo.com,Resistance Bands Set,1,799,2026-07-04
Douglas_Simonis@yahoo.com,Yoga Mat Premium,3,1499,2026-07-03
Douglas_Simonis@yahoo.com,Omega-3 Fish Oil,3,999,2026-06-25
Douglas_Simonis@yahoo.com,Shaker Bottle,2,399,2026-06-30
Douglas_Simonis@yahoo.com,Whey Protein Powder,3,2999,2026-06-29
Douglas_Simonis@yahoo.com,Whey Protein Powder,2,2999,2026-07-14
Douglas_Simonis@yahoo.com,Creatine Monohydrate,1,1499,2026-07-15
Florence.McCullough@hotmail.com,Pre-Workout Formula,1,2499,2026-08-06
Florence.McCullough@hotmail.com,Shaker Bottle,1,399,2025-12-30
Florence.McCullough@hotmail.com,Shaker Bottle,3,399,2026-04-10
Florence.McCullough@hotmail.com,Whey Protein Powder,1,2999,2026-03-29
Florence.McCullough@hotmail.com,Creatine Monohydrate,2,1499,2025-09-23
Florence.McCullough@hotmail.com,Omega-3 Fish Oil,1,999,2026-04-05
Florence.McCullough@hotmail.com,Pre-Workout Formula,3,2499,2025-10-21
Florence.McCullough@hotmail.com,Creatine Monohydrate,2,1499,2025-11-01
Florence.McCullough@hotmail.com,Creatine Monohydrate,1,1499,2025-11-28
Florence.McCullough@hotmail.com,Shaker Bottle,3,399,2025-09-20
Florence.McCullough@hotmail.com,Pre-Workout Formula,2,2499,2026-05-05
Florence.McCullough@hotmail.com,Resistance Bands Set,3,799,2025-11-21
Florence.McCullough@hotmail.com,Omega-3 Fish Oil,2,999,2026-02-28
Florence.McCullough@hotmail.com,Yoga Mat Premium,1,1499,2026-07-11
Florence.McCullough@hotmail.com,Resistance Bands Set,1,799,2026-06-19
Florence.McCullough@hotmail.com,Omega-3 Fish Oil,3,999,2025-10-18
Florence.McCullough@hotmail.com,Pre-Workout Formula,1,2499,2026-07-02
Florence.McCullough@hotmail.com,Omega-3 Fish Oil,3,999,2026-07-10
Florence.McCullough@hotmail.com,Creatine Monohydrate,3,1499,2025-10-22
Florence.McCullough@hotmail.com,Yoga Mat Premium,1,1499,2025-11-30
Florence.McCullough@hotmail.com,Creatine Monohydrate,1,1499,2026-01-01
Blanche37@hotmail.com,Whey Protein Powder,1,2999,2026-03-02
Blanche37@hotmail.com,Pre-Workout Formula,1,2499,2025-08-25
Blanche37@hotmail.com,Shaker Bottle,2,399,2025-11-21
Blanche37@hotmail.com,Yoga Mat Premium,1,1499,2026-03-07
Blanche37@hotmail.com,Shaker Bottle,2,399,2026-02-01
Blanche37@hotmail.com,Omega-3 Fish Oil,3,999,2025-11-22
Blanche37@hotmail.com,Yoga Mat Premium,2,1499,2025-10-28
Blanche37@hotmail.com,Resistance Bands Set,2,799,2026-07-28
Blanche37@hotmail.com,Creatine Monohydrate,3,1499,2026-07-14
Blanche37@hotmail.com,Pre-Workout Formula,1,2499,2026-08-15
Blanche37@hotmail.com,Yoga Mat Premium,3,1499,2026-03-27
Blanche37@hotmail.com,Whey Protein Powder,1,2999,2026-03-24
Blanche37@hotmail.com,Pre-Workout Formula,1,2499,2026-06-10
Blanche37@hotmail.com,Pre-Workout Formula,1,2499,2025-08-25
Blanche37@hotmail.com,Resistance Bands Set,3,799,2025-10-31
Arnoldo.Hudson@gmail.com,Whey Protein Powder,1,2999,2026-07-29
Arnoldo.Hudson@gmail.com,Whey Protein Powder,1,2999,2026-06-29
Arnoldo.Hudson@gmail.com,Whey Protein Powder,2,2999,2026-06-02
Arnoldo.Hudson@gmail.com,Whey Protein Powder,1,2999,2026-05-01
Arnoldo.Hudson@gmail.com,Omega-3 Fish Oil,2,999,2026-01-26
Arnoldo.Hudson@gmail.com,Shaker Bottle,2,399,2025-09-27
Arnoldo.Hudson@gmail.com,Resistance Bands Set,1,799,2026-05-21
Arnoldo.Hudson@gmail.com,Pre-Workout Formula,1,2499,2026-01-03
Arnoldo.Hudson@gmail.com,Shaker Bottle,3,399,2025-12-05
Arnoldo.Hudson@gmail.com,Yoga Mat Premium,2,1499,2026-06-22
Arnoldo.Hudson@gmail.com,Pre-Workout Formula,2,2499,2025-08-10
Arnoldo.Hudson@gmail.com,Yoga Mat Premium,3,1499,2026-01-08
Arnoldo.Hudson@gmail.com,Omega-3 Fish Oil,2,999,2025-12-09
Arnoldo.Hudson@gmail.com,Pre-Workout Formula,1,2499,2026-05-11
Arnoldo.Hudson@gmail.com,Yoga Mat Premium,2,1499,2026-03-16
Arnoldo.Hudson@gmail.com,Yoga Mat Premium,2,1499,2026-02-15
Arnoldo.Hudson@gmail.com,Shaker Bottle,2,399,2025-12-16
Arnoldo.Hudson@gmail.com,Yoga Mat Premium,1,1499,2026-07-05
Bret_Douglas79@hotmail.com,Whey Protein Powder,1,2999,2026-07-22
Bret_Douglas79@hotmail.com,Whey Protein Powder,1,2999,2026-06-21
Bret_Douglas79@hotmail.com,Whey Protein Powder,2,2999,2026-05-22
Bret_Douglas79@hotmail.com,Whey Protein Powder,1,2999,2026-04-23
Bret_Douglas79@hotmail.com,Whey Protein Powder,1,2999,2026-03-23
Bret_Douglas79@hotmail.com,Whey Protein Powder,2,2999,2026-02-22
Bret_Douglas79@hotmail.com,Creatine Monohydrate,2,1499,2025-09-04
Bret_Douglas79@hotmail.com,Resistance Bands Set,1,799,2025-09-11
Bret_Douglas79@hotmail.com,Omega-3 Fish Oil,3,999,2026-02-23
Bret_Douglas79@hotmail.com,Creatine Monohydrate,1,1499,2026-02-03
Bret_Douglas79@hotmail.com,Omega-3 Fish Oil,3,999,2025-08-25
Bret_Douglas79@hotmail.com,Creatine Monohydrate,1,1499,2025-07-23
Bret_Douglas79@hotmail.com,Yoga Mat Premium,1,1499,2025-08-10
Bret_Douglas79@hotmail.com,Creatine Monohydrate,1,1499,2026-06-06
Macy.Stokes58@gmail.com,Yoga Mat Premium,1,1499,2026-04-24
Macy.Stokes58@gmail.com,Omega-3 Fish Oil,1,999,2026-07-01
Macy.Stokes58@gmail.com,Omega-3 Fish Oil,1,999,2026-04-19
Macy.Stokes58@gmail.com,Shaker Bottle,3,399,2026-05-20
Macy.Stokes58@gmail.com,Pre-Workout Formula,2,2499,2026-04-22
Macy.Stokes58@gmail.com,Pre-Workout Formula,2,2499,2026-04-26
Macy.Stokes58@gmail.com,Shaker Bottle,2,399,2026-04-09
Macy.Stokes58@gmail.com,Pre-Workout Formula,1,2499,2026-05-14
Macy.Stokes58@gmail.com,Omega-3 Fish Oil,1,999,2026-06-07
Macy.Stokes58@gmail.com,Creatine Monohydrate,3,1499,2026-04-27
Macy.Stokes58@gmail.com,Omega-3 Fish Oil,1,999,2026-06-06
Macy.Stokes58@gmail.com,Shaker Bottle,1,399,2026-03-23
Macy.Stokes58@gmail.com,Shaker Bottle,1,399,2026-04-30
Macy.Stokes58@gmail.com,Whey Protein Powder,3,2999,2026-06-13
Macy.Stokes58@gmail.com,Omega-3 Fish Oil,3,999,2026-05-08
Macy.Stokes58@gmail.com,Yoga Mat Premium,1,1499,2026-06-30
Macy.Stokes58@gmail.com,Whey Protein Powder,2,2999,2026-03-05
Marcelo59@yahoo.com,Whey Protein Powder,3,2999,2025-08-23
Marcelo59@yahoo.com,Creatine Monohydrate,3,1499,2026-02-27
Marcelo59@yahoo.com,Creatine Monohydrate,2,1499,2026-02-05
Felicita25@yahoo.com,Whey Protein Powder,2,2999,2026-03-28
Felicita25@yahoo.com,Omega-3 Fish Oil,1,999,2026-06-04
Felicita25@yahoo.com,Shaker Bottle,3,399,2026-02-26
Felicita25@yahoo.com,Shaker Bottle,2,399,2025-12-05
Felicita25@yahoo.com,Yoga Mat Premium,3,1499,2025-11-28
Felicita25@yahoo.com,Omega-3 Fish Oil,1,999,2026-07-25
Felicita25@yahoo.com,Yoga Mat Premium,3,1499,2026-06-04
Felicita25@yahoo.com,Shaker Bottle,2,399,2026-05-14
Felicita25@yahoo.com,Creatine Monohydrate,2,1499,2026-03-25
Felicita25@yahoo.com,Omega-3 Fish Oil,1,999,2026-04-11
Felicita25@yahoo.com,Pre-Workout Formula,3,2499,2026-01-10
Felicita25@yahoo.com,Omega-3 Fish Oil,2,999,2026-07-08
Felicita25@yahoo.com,Whey Protein Powder,2,2999,2025-11-27
Felicita25@yahoo.com,Shaker Bottle,1,399,2025-12-15
Felicita25@yahoo.com,Shaker Bottle,3,399,2026-07-20
Felicita25@yahoo.com,Pre-Workout Formula,2,2499,2025-11-13
Felicita25@yahoo.com,Yoga Mat Premium,3,1499,2025-11-17
Felicita25@yahoo.com,Creatine Monohydrate,3,1499,2026-07-03
Felicita25@yahoo.com,Resistance Bands Set,3,799,2026-06-12
Nola.Berge92@gmail.com,Pre-Workout Formula,1,2499,2025-11-04
Nola.Berge92@gmail.com,Creatine Monohydrate,1,1499,2025-11-20
Nola.Berge92@gmail.com,Yoga Mat Premium,2,1499,2025-10-04
Nola.Berge92@gmail.com,Yoga Mat Premium,1,1499,2026-04-16
Nola.Berge92@gmail.com,Shaker Bottle,2,399,2025-09-18
Nola.Berge92@gmail.com,Resistance Bands Set,2,799,2025-12-08
Nola.Berge92@gmail.com,Omega-3 Fish Oil,1,999,2025-12-09
Nola.Berge92@gmail.com,Whey Protein Powder,2,2999,2026-02-02
Nola.Berge92@gmail.com,Creatine Monohydrate,2,1499,2025-10-15
Nola.Berge92@gmail.com,Creatine Monohydrate,3,1499,2026-04-19
Nola.Berge92@gmail.com,Creatine Monohydrate,2,1499,2025-12-29
Leanna_Weimann56@gmail.com,Shaker Bottle,3,399,2025-09-02
Leanna_Weimann56@gmail.com,Creatine Monohydrate,3,1499,2025-10-15
Leanna_Weimann56@gmail.com,Omega-3 Fish Oil,2,999,2025-07-22
Leanna_Weimann56@gmail.com,Whey Protein Powder,3,2999,2026-04-30
Leanna_Weimann56@gmail.com,Creatine Monohydrate,1,1499,2025-08-06
Leanna_Weimann56@gmail.com,Whey Protein Powder,2,2999,2025-09-24
Leanna_Weimann56@gmail.com,Whey Protein Powder,1,2999,2025-12-25
Leanna_Weimann56@gmail.com,Pre-Workout Formula,2,2499,2026-05-28
Leanna_Weimann56@gmail.com,Shaker Bottle,1,399,2026-06-04
Leanna_Weimann56@gmail.com,Yoga Mat Premium,2,1499,2025-10-10
Leanna_Weimann56@gmail.com,Whey Protein Powder,3,2999,2026-05-31
Leanna_Weimann56@gmail.com,Whey Protein Powder,3,2999,2025-08-06
Leanna_Weimann56@gmail.com,Omega-3 Fish Oil,3,999,2026-04-03
Leanna_Weimann56@gmail.com,Yoga Mat Premium,2,1499,2025-12-18
Leanna_Weimann56@gmail.com,Omega-3 Fish Oil,3,999,2025-07-13
Leanna_Weimann56@gmail.com,Omega-3 Fish Oil,3,999,2026-02-10
Leanna_Weimann56@gmail.com,Shaker Bottle,2,399,2026-06-11
Ericka_Williamson-Welch@gmail.com,Omega-3 Fish Oil,2,999,2026-07-21
Ericka_Williamson-Welch@gmail.com,Whey Protein Powder,3,2999,2026-08-01
Ericka_Williamson-Welch@gmail.com,Creatine Monohydrate,2,1499,2026-06-17
Ericka_Williamson-Welch@gmail.com,Whey Protein Powder,3,2999,2026-07-07
Ericka_Williamson-Welch@gmail.com,Creatine Monohydrate,2,1499,2026-08-02
Ericka_Williamson-Welch@gmail.com,Whey Protein Powder,3,2999,2026-08-08
Ericka_Williamson-Welch@gmail.com,Shaker Bottle,3,399,2026-06-30
Ericka_Williamson-Welch@gmail.com,Pre-Workout Formula,2,2499,2026-07-12
Ericka_Williamson-Welch@gmail.com,Yoga Mat Premium,3,1499,2026-07-24
Ericka_Williamson-Welch@gmail.com,Shaker Bottle,1,399,2026-06-29
Ericka_Williamson-Welch@gmail.com,Omega-3 Fish Oil,3,999,2026-07-17
Ericka_Williamson-Welch@gmail.com,Whey Protein Powder,1,2999,2026-07-23
Ericka_Williamson-Welch@gmail.com,Yoga Mat Premium,2,1499,2026-07-09
Ericka_Williamson-Welch@gmail.com,Creatine Monohydrate,1,1499,2026-07-18
Ericka_Williamson-Welch@gmail.com,Yoga Mat Premium,2,1499,2026-06-13
Ericka_Williamson-Welch@gmail.com,Pre-Workout Formula,2,2499,2026-06-27
Ericka_Williamson-Welch@gmail.com,Yoga Mat Premium,2,1499,2026-06-16
Ericka_Williamson-Welch@gmail.com,Creatine Monohydrate,3,1499,2026-08-02
Ericka_Williamson-Welch@gmail.com,Whey Protein Powder,1,2999,2026-06-22
Ericka_Williamson-Welch@gmail.com,Shaker Bottle,3,399,2026-07-08
Ericka_Williamson-Welch@gmail.com,Shaker Bottle,2,399,2026-06-18
Ericka_Williamson-Welch@gmail.com,Whey Protein Powder,3,2999,2026-06-17
Ericka_Williamson-Welch@gmail.com,Creatine Monohydrate,2,1499,2026-07-04
Ericka_Williamson-Welch@gmail.com,Pre-Workout Formula,3,2499,2026-07-21
Ericka_Williamson-Welch@gmail.com,Whey Protein Powder,2,2999,2026-06-30
Ericka_Williamson-Welch@gmail.com,Resistance Bands Set,3,799,2026-07-28
Ericka_Williamson-Welch@gmail.com,Yoga Mat Premium,3,1499,2026-08-01
Ericka_Williamson-Welch@gmail.com,Shaker Bottle,3,399,2026-06-25
Damaris.Mertz3@yahoo.com,Shaker Bottle,2,399,2026-04-12
Damaris.Mertz3@yahoo.com,Pre-Workout Formula,3,2499,2026-02-08
Rosalia81@yahoo.com,Whey Protein Powder,1,2999,2025-12-23
Rosalia81@yahoo.com,Omega-3 Fish Oil,2,999,2026-01-10
Rosalia81@yahoo.com,Shaker Bottle,1,399,2026-05-02
Rosalia81@yahoo.com,Pre-Workout Formula,1,2499,2025-11-16
Rosalia81@yahoo.com,Creatine Monohydrate,2,1499,2026-01-03
Rosalia81@yahoo.com,Yoga Mat Premium,3,1499,2026-03-10
Rosalia81@yahoo.com,Resistance Bands Set,1,799,2026-02-02
Rosalia81@yahoo.com,Omega-3 Fish Oil,1,999,2026-05-28
Rosalia81@yahoo.com,Creatine Monohydrate,2,1499,2026-01-22
Rosalia81@yahoo.com,Shaker Bottle,3,399,2025-12-25
Rosalia81@yahoo.com,Shaker Bottle,3,399,2026-05-27
Rosalia81@yahoo.com,Omega-3 Fish Oil,3,999,2026-07-03
Rosalia81@yahoo.com,Yoga Mat Premium,1,1499,2026-05-12
Rosalia81@yahoo.com,Omega-3 Fish Oil,1,999,2026-04-11
Rosalia81@yahoo.com,Shaker Bottle,1,399,2025-12-25
Rosalia81@yahoo.com,Omega-3 Fish Oil,3,999,2026-03-21
Rosalia81@yahoo.com,Yoga Mat Premium,2,1499,2026-03-16
Rosalia81@yahoo.com,Omega-3 Fish Oil,1,999,2025-11-25
Rosalia81@yahoo.com,Yoga Mat Premium,3,1499,2026-06-08
Rosalia81@yahoo.com,Shaker Bottle,2,399,2026-02-11
Rosalia81@yahoo.com,Whey Protein Powder,3,2999,2026-07-17
Rosalia81@yahoo.com,Creatine Monohydrate,1,1499,2025-11-27
Rosalia81@yahoo.com,Omega-3 Fish Oil,1,999,2026-01-27
Rosalia81@yahoo.com,Yoga Mat Premium,3,1499,2025-12-27
Rosalia81@yahoo.com,Omega-3 Fish Oil,2,999,2026-05-23
Rosalia81@yahoo.com,Whey Protein Powder,3,2999,2026-01-17
Rosalia81@yahoo.com,Creatine Monohydrate,2,1499,2025-11-20
Rosalia81@yahoo.com,Resistance Bands Set,1,799,2026-05-09
Rosalia81@yahoo.com,Shaker Bottle,3,399,2026-07-29
Rosalia81@yahoo.com,Omega-3 Fish Oil,2,999,2026-05-01
Rosalia81@yahoo.com,Whey Protein Powder,2,2999,2026-06-09
Rosalia81@yahoo.com,Creatine Monohydrate,1,1499,2025-12-13
Rosalia81@yahoo.com,Omega-3 Fish Oil,3,999,2026-07-19
Rosalia81@yahoo.com,Yoga Mat Premium,1,1499,2026-05-25
Rosalia81@yahoo.com,Pre-Workout Formula,3,2499,2026-02-26
Marlen78@yahoo.com,Omega-3 Fish Oil,2,999,2025-11-25
Marlen78@yahoo.com,Resistance Bands Set,3,799,2025-09-22
Marlen78@yahoo.com,Shaker Bottle,3,399,2026-05-12
Marlen78@yahoo.com,Resistance Bands Set,2,799,2025-11-15
Marlen78@yahoo.com,Whey Protein Powder,3,2999,2025-02-22
Marlen78@yahoo.com,Omega-3 Fish Oil,1,999,2026-02-24
Marlen78@yahoo.com,Resistance Bands Set,2,799,2025-03-27
Marlen78@yahoo.com,Resistance Bands Set,1,799,2026-04-26
Marlen78@yahoo.com,Whey Protein Powder,2,2999,2026-01-01
Marlen78@yahoo.com,Resistance Bands Set,3,799,2026-01-15
Marlen78@yahoo.com,Resistance Bands Set,1,799,2025-12-19
Marquise.Kunde17@gmail.com,Creatine Monohydrate,2,1499,2026-07-30
Marquise.Kunde17@gmail.com,Creatine Monohydrate,2,1499,2026-06-16
Marquise.Kunde17@gmail.com,Creatine Monohydrate,1,1499,2026-04-30
Marquise.Kunde17@gmail.com,Creatine Monohydrate,1,1499,2026-03-14
Marquise.Kunde17@gmail.com,Creatine Monohydrate,1,1499,2026-02-01
Marquise.Kunde17@gmail.com,Creatine Monohydrate,1,1499,2025-12-17
Ernest72@hotmail.com,Whey Protein Powder,3,2999,2026-01-04
Ernest72@hotmail.com,Pre-Workout Formula,3,2499,2025-09-25
Ernest72@hotmail.com,Resistance Bands Set,3,799,2025-04-26
Ernest72@hotmail.com,Shaker Bottle,2,399,2025-12-09
Ernest72@hotmail.com,Whey Protein Powder,2,2999,2025-02-04
Ernest72@hotmail.com,Creatine Monohydrate,3,1499,2026-07-23
Ernest72@hotmail.com,Creatine Monohydrate,1,1499,2025-11-11
Ernest72@hotmail.com,Shaker Bottle,2,399,2025-02-14
Ernest72@hotmail.com,Pre-Workout Formula,2,2499,2025-08-04
Ernest72@hotmail.com,Omega-3 Fish Oil,2,999,2025-06-16
Ernest72@hotmail.com,Creatine Monohydrate,2,1499,2026-07-30
Ernest72@hotmail.com,Whey Protein Powder,1,2999,2025-02-16
Ernest72@hotmail.com,Shaker Bottle,1,399,2025-05-26
Ernest72@hotmail.com,Yoga Mat Premium,1,1499,2025-08-22
Ernest72@hotmail.com,Omega-3 Fish Oil,3,999,2025-09-22
Ernest72@hotmail.com,Resistance Bands Set,1,799,2025-10-03
Darien.Klein47@yahoo.com,Omega-3 Fish Oil,2,999,2026-07-27
Darien.Klein47@yahoo.com,Omega-3 Fish Oil,1,999,2026-05-30
Darien.Klein47@yahoo.com,Omega-3 Fish Oil,1,999,2026-03-30
Darien.Klein47@yahoo.com,Omega-3 Fish Oil,2,999,2026-01-27
Darien.Klein47@yahoo.com,Omega-3 Fish Oil,1,999,2025-11-30
Darien.Klein47@yahoo.com,Omega-3 Fish Oil,2,999,2025-09-28
Darien.Klein47@yahoo.com,Omega-3 Fish Oil,1,999,2025-08-02
Gilda.Daugherty@hotmail.com,Shaker Bottle,2,399,2025-11-02
Gilda.Daugherty@hotmail.com,Whey Protein Powder,1,2999,2026-04-10
Gilda.Daugherty@hotmail.com,Omega-3 Fish Oil,2,999,2026-04-14
Gilda.Daugherty@hotmail.com,Omega-3 Fish Oil,2,999,2026-03-29
Gilda.Daugherty@hotmail.com,Yoga Mat Premium,3,1499,2026-05-05
Gilda.Daugherty@hotmail.com,Yoga Mat Premium,2,1499,2026-07-02
Gilda.Daugherty@hotmail.com,Creatine Monohydrate,1,1499,2026-02-22
Gilda.Daugherty@hotmail.com,Omega-3 Fish Oil,3,999,2026-02-01
Gilda.Daugherty@hotmail.com,Pre-Workout Formula,1,2499,2025-11-24
Gilda.Daugherty@hotmail.com,Yoga Mat Premium,2,1499,2026-05-13
Jennie.Nolan@yahoo.com,Pre-Workout Formula,2,2499,2025-09-11
Jennie.Nolan@yahoo.com,Creatine Monohydrate,2,1499,2025-01-13
Jennie.Nolan@yahoo.com,Yoga Mat Premium,2,1499,2025-09-16
Jennie.Nolan@yahoo.com,Whey Protein Powder,3,2999,2024-12-15
Jennie.Nolan@yahoo.com,Resistance Bands Set,1,799,2025-11-18
Jennie.Nolan@yahoo.com,Yoga Mat Premium,2,1499,2025-01-27
Jennie.Nolan@yahoo.com,Creatine Monohydrate,2,1499,2026-03-30
Jennie.Nolan@yahoo.com,Omega-3 Fish Oil,3,999,2026-04-13
Jennie.Nolan@yahoo.com,Yoga Mat Premium,1,1499,2025-06-28
Jennie.Nolan@yahoo.com,Whey Protein Powder,3,2999,2026-02-17
Jennie.Nolan@yahoo.com,Shaker Bottle,3,399,2025-03-14
Jennie.Nolan@yahoo.com,Omega-3 Fish Oil,1,999,2025-04-13
Jennie.Nolan@yahoo.com,Whey Protein Powder,2,2999,2025-08-03
Jennie.Nolan@yahoo.com,Resistance Bands Set,3,799,2026-01-10
Jennie.Nolan@yahoo.com,Creatine Monohydrate,2,1499,2026-04-21
Jennie.Nolan@yahoo.com,Omega-3 Fish Oil,1,999,2025-12-08
Jennie.Nolan@yahoo.com,Resistance Bands Set,2,799,2025-07-27
Jennie.Nolan@yahoo.com,Creatine Monohydrate,2,1499,2025-03-16
Jennie.Nolan@yahoo.com,Resistance Bands Set,1,799,2025-10-11
Jennie.Nolan@yahoo.com,Whey Protein Powder,3,2999,2025-04-01
Jennie.Nolan@yahoo.com,Pre-Workout Formula,3,2499,2025-08-17
Jennie.Nolan@yahoo.com,Yoga Mat Premium,1,1499,2026-02-16
Tara.Larkin@hotmail.com,Yoga Mat Premium,2,1499,2024-12-30
Tara.Larkin@hotmail.com,Creatine Monohydrate,3,1499,2025-07-29
Tara.Larkin@hotmail.com,Resistance Bands Set,3,799,2025-08-10
Tara.Larkin@hotmail.com,Omega-3 Fish Oil,2,999,2025-05-02
Tara.Larkin@hotmail.com,Resistance Bands Set,2,799,2025-01-10
Tara.Larkin@hotmail.com,Omega-3 Fish Oil,3,999,2025-02-12
Tara.Larkin@hotmail.com,Resistance Bands Set,3,799,2025-04-14
Tara.Larkin@hotmail.com,Pre-Workout Formula,2,2499,2025-05-12
Tara.Larkin@hotmail.com,Pre-Workout Formula,2,2499,2025-10-29
Tara.Larkin@hotmail.com,Resistance Bands Set,1,799,2025-11-16
Tara.Larkin@hotmail.com,Pre-Workout Formula,2,2499,2025-02-03
Tara.Larkin@hotmail.com,Yoga Mat Premium,3,1499,2025-03-26
Tara.Larkin@hotmail.com,Resistance Bands Set,1,799,2025-07-02
Tara.Larkin@hotmail.com,Shaker Bottle,1,399,2025-07-13
Tara.Larkin@hotmail.com,Omega-3 Fish Oil,2,999,2025-08-29
Tara.Larkin@hotmail.com,Resistance Bands Set,3,799,2024-12-13
Chaz_Kemmer74@yahoo.com,Resistance Bands Set,3,799,2025-08-15
Chaz_Kemmer74@yahoo.com,Shaker Bottle,3,399,2025-12-02
Chaz_Kemmer74@yahoo.com,Yoga Mat Premium,3,1499,2025-05-10
Chaz_Kemmer74@yahoo.com,Pre-Workout Formula,3,2499,2025-07-30
Chaz_Kemmer74@yahoo.com,Creatine Monohydrate,2,1499,2026-01-02
Chaz_Kemmer74@yahoo.com,Omega-3 Fish Oil,1,999,2026-01-22
Chaz_Kemmer74@yahoo.com,Shaker Bottle,1,399,2025-10-19
Chaz_Kemmer74@yahoo.com,Shaker Bottle,3,399,2026-02-24
Chaz_Kemmer74@yahoo.com,Yoga Mat Premium,3,1499,2025-12-05
Chaz_Kemmer74@yahoo.com,Pre-Workout Formula,1,2499,2025-03-22
Chaz_Kemmer74@yahoo.com,Shaker Bottle,2,399,2025-08-31
Chaz_Kemmer74@yahoo.com,Omega-3 Fish Oil,2,999,2025-12-17
Chaz_Kemmer74@yahoo.com,Whey Protein Powder,2,2999,2025-03-21
Chaz_Kemmer74@yahoo.com,Omega-3 Fish Oil,2,999,2026-02-02
Chaz_Kemmer74@yahoo.com,Pre-Workout Formula,3,2499,2025-11-30
Chaz_Kemmer74@yahoo.com,Whey Protein Powder,3,2999,2025-06-28
Chaz_Kemmer74@yahoo.com,Pre-Workout Formula,3,2499,2026-02-20
Luis50@gmail.com,Yoga Mat Premium,1,1499,2025-08-23
Luis50@gmail.com,Yoga Mat Premium,3,1499,2025-05-24
Luis50@gmail.com,Pre-Workout Formula,1,2499,2025-05-25
Luis50@gmail.com,Shaker Bottle,2,399,2025-05-28
Luis50@gmail.com,Creatine Monohydrate,3,1499,2025-02-01
Luis50@gmail.com,Pre-Workout Formula,1,2499,2025-08-14
Luis50@gmail.com,Omega-3 Fish Oil,2,999,2025-07-06
Luis50@gmail.com,Yoga Mat Premium,3,1499,2025-02-05
Rico5@hotmail.com,Shaker Bottle,1,399,2026-06-03
Rico5@hotmail.com,Pre-Workout Formula,2,2499,2026-07-20
Rico5@hotmail.com,Creatine Monohydrate,3,1499,2026-08-11
Viola.Hermiston12@hotmail.com,Whey Protein Powder,2,2999,2026-08-02
Viola.Hermiston12@hotmail.com,Whey Protein Powder,1,2999,2026-07-03
Viola.Hermiston12@hotmail.com,Whey Protein Powder,2,2999,2026-06-02
Viola.Hermiston12@hotmail.com,Whey Protein Powder,1,2999,2026-05-06
Viola.Hermiston12@hotmail.com,Whey Protein Powder,2,2999,2026-03-31
Viola.Hermiston12@hotmail.com,Whey Protein Powder,2,2999,2026-03-07
Viola.Hermiston12@hotmail.com,Yoga Mat Premium,2,1499,2026-05-12
Viola.Hermiston12@hotmail.com,Omega-3 Fish Oil,2,999,2026-07-13
Viola.Hermiston12@hotmail.com,Resistance Bands Set,3,799,2026-07-23
Viola.Hermiston12@hotmail.com,Shaker Bottle,3,399,2026-06-16
Viola.Hermiston12@hotmail.com,Omega-3 Fish Oil,2,999,2026-06-06
Viola.Hermiston12@hotmail.com,Omega-3 Fish Oil,3,999,2026-07-09
Viola.Hermiston12@hotmail.com,Pre-Workout Formula,1,2499,2026-05-30
Viola.Hermiston12@hotmail.com,Yoga Mat Premium,3,1499,2026-07-08
Viola.Hermiston12@hotmail.com,Pre-Workout Formula,2,2499,2026-06-11
Viola.Hermiston12@hotmail.com,Yoga Mat Premium,2,1499,2026-06-30
Viola.Hermiston12@hotmail.com,Yoga Mat Premium,3,1499,2026-06-18
Viola.Hermiston12@hotmail.com,Creatine Monohydrate,3,1499,2026-05-30
Viola.Hermiston12@hotmail.com,Yoga Mat Premium,2,1499,2026-05-16
Viola.Hermiston12@hotmail.com,Creatine Monohydrate,3,1499,2026-07-02
Viola.Hermiston12@hotmail.com,Resistance Bands Set,3,799,2026-05-11
Viola.Hermiston12@hotmail.com,Omega-3 Fish Oil,3,999,2026-05-31
Viola.Hermiston12@hotmail.com,Omega-3 Fish Oil,2,999,2026-07-14
Viola.Hermiston12@hotmail.com,Pre-Workout Formula,2,2499,2026-07-23
Viola.Hermiston12@hotmail.com,Pre-Workout Formula,1,2499,2026-06-19
Viola.Hermiston12@hotmail.com,Shaker Bottle,2,399,2026-06-18
Viola.Hermiston12@hotmail.com,Yoga Mat Premium,1,1499,2026-07-13
Viola.Hermiston12@hotmail.com,Omega-3 Fish Oil,2,999,2026-05-29
Viola.Hermiston12@hotmail.com,Omega-3 Fish Oil,3,999,2026-07-03
Viola.Hermiston12@hotmail.com,Omega-3 Fish Oil,2,999,2026-05-12
Viola.Hermiston12@hotmail.com,Resistance Bands Set,2,799,2026-07-11
Viola.Hermiston12@hotmail.com,Shaker Bottle,1,399,2026-06-28
Viola.Hermiston12@hotmail.com,Omega-3 Fish Oil,3,999,2026-07-17
Justine90@hotmail.com,Shaker Bottle,2,399,2025-04-03
Justine90@hotmail.com,Omega-3 Fish Oil,2,999,2026-01-16
Justine90@hotmail.com,Whey Protein Powder,1,2999,2025-11-03
Justine90@hotmail.com,Creatine Monohydrate,1,1499,2025-02-28
Justine90@hotmail.com,Pre-Workout Formula,1,2499,2025-05-12
Justine90@hotmail.com,Resistance Bands Set,3,799,2026-04-30
Justine90@hotmail.com,Shaker Bottle,1,399,2026-04-21
Justine90@hotmail.com,Creatine Monohydrate,3,1499,2025-05-11
Justine90@hotmail.com,Pre-Workout Formula,3,2499,2025-06-30
Justine90@hotmail.com,Shaker Bottle,1,399,2025-03-13
Alison.Nader37@gmail.com,Whey Protein Powder,2,2999,2026-07-22
Alison.Nader37@gmail.com,Whey Protein Powder,2,2999,2026-06-25
Alison.Nader37@gmail.com,Whey Protein Powder,1,2999,2026-05-26
Alison.Nader37@gmail.com,Whey Protein Powder,2,2999,2026-04-27
Alison.Nader37@gmail.com,Whey Protein Powder,2,2999,2026-03-25
Alison.Nader37@gmail.com,Omega-3 Fish Oil,3,999,2026-02-26
Alison.Nader37@gmail.com,Creatine Monohydrate,1,1499,2026-04-30
Alison.Nader37@gmail.com,Pre-Workout Formula,1,2499,2026-08-12
Alison.Nader37@gmail.com,Pre-Workout Formula,1,2499,2026-06-02
Alison.Nader37@gmail.com,Pre-Workout Formula,2,2499,2026-03-30
Alison.Nader37@gmail.com,Omega-3 Fish Oil,1,999,2026-06-01
Myah45@gmail.com,Pre-Workout Formula,2,2499,2026-01-15
Myah45@gmail.com,Resistance Bands Set,3,799,2026-02-23
Myah45@gmail.com,Whey Protein Powder,1,2999,2025-09-23
Myah45@gmail.com,Creatine Monohydrate,2,1499,2025-08-26
Myah45@gmail.com,Omega-3 Fish Oil,2,999,2026-01-04
Myah45@gmail.com,Whey Protein Powder,3,2999,2025-03-26
Myah45@gmail.com,Resistance Bands Set,2,799,2025-03-21
Myah45@gmail.com,Omega-3 Fish Oil,1,999,2026-06-24
Myah45@gmail.com,Yoga Mat Premium,1,1499,2025-02-10
Myah45@gmail.com,Whey Protein Powder,1,2999,2025-01-08
Myah45@gmail.com,Creatine Monohydrate,1,1499,2025-09-02
Myah45@gmail.com,Shaker Bottle,3,399,2025-10-07
Myah45@gmail.com,Whey Protein Powder,1,2999,2026-06-25
Myah45@gmail.com,Resistance Bands Set,2,799,2025-12-21
Myah45@gmail.com,Pre-Workout Formula,2,2499,2026-06-23
Myah45@gmail.com,Pre-Workout Formula,1,2499,2024-10-08
Gertrude.Hilll@hotmail.com,Pre-Workout Formula,2,2499,2026-07-30
Gertrude.Hilll@hotmail.com,Omega-3 Fish Oil,3,999,2026-05-08
Patrick99@hotmail.com,Pre-Workout Formula,3,2499,2026-08-03
Patrick99@hotmail.com,Shaker Bottle,3,399,2026-05-24
Patrick99@hotmail.com,Creatine Monohydrate,3,1499,2025-12-04
Patrick99@hotmail.com,Pre-Workout Formula,2,2499,2026-06-28
Patrick99@hotmail.com,Whey Protein Powder,3,2999,2026-06-16
Patrick99@hotmail.com,Yoga Mat Premium,1,1499,2026-07-14
Patrick99@hotmail.com,Whey Protein Powder,3,2999,2026-02-24
Patrick99@hotmail.com,Omega-3 Fish Oil,3,999,2025-06-04
Patrick99@hotmail.com,Creatine Monohydrate,1,1499,2026-03-24
Patrick99@hotmail.com,Whey Protein Powder,2,2999,2026-05-19
Patrick99@hotmail.com,Shaker Bottle,1,399,2026-03-01
Alberta.Kreiger72@hotmail.com,Omega-3 Fish Oil,2,999,2026-07-22
Alberta.Kreiger72@hotmail.com,Omega-3 Fish Oil,2,999,2026-05-22
Alberta.Kreiger72@hotmail.com,Omega-3 Fish Oil,2,999,2026-03-27
Alberta.Kreiger72@hotmail.com,Omega-3 Fish Oil,1,999,2026-01-25
Alberta.Kreiger72@hotmail.com,Omega-3 Fish Oil,2,999,2025-11-26
Alberta.Kreiger72@hotmail.com,Omega-3 Fish Oil,2,999,2025-09-26
Alberta.Kreiger72@hotmail.com,Omega-3 Fish Oil,1,999,2025-07-26
Alberta.Kreiger72@hotmail.com,Whey Protein Powder,3,2999,2026-05-29
Alberta.Kreiger72@hotmail.com,Pre-Workout Formula,1,2499,2026-05-10
Alberta.Kreiger72@hotmail.com,Whey Protein Powder,1,2999,2026-07-17
Alberta.Kreiger72@hotmail.com,Yoga Mat Premium,2,1499,2025-12-07
Alberta.Kreiger72@hotmail.com,Whey Protein Powder,2,2999,2025-04-29
Alberta.Kreiger72@hotmail.com,Resistance Bands Set,2,799,2025-09-06
Alberta.Kreiger72@hotmail.com,Resistance Bands Set,2,799,2026-04-26
Alberta.Kreiger72@hotmail.com,Pre-Workout Formula,3,2499,2026-05-20
Alberta.Kreiger72@hotmail.com,Whey Protein Powder,3,2999,2025-06-14
Alberta.Kreiger72@hotmail.com,Pre-Workout Formula,1,2499,2026-03-10
Alberta.Kreiger72@hotmail.com,Creatine Monohydrate,3,1499,2025-10-05
Alberta.Kreiger72@hotmail.com,Resistance Bands Set,2,799,2025-03-16
Alberta.Kreiger72@hotmail.com,Creatine Monohydrate,3,1499,2026-01-15
Alberta.Kreiger72@hotmail.com,Resistance Bands Set,1,799,2025-11-02
Alberta.Kreiger72@hotmail.com,Creatine Monohydrate,3,1499,2025-05-21
Alberta.Kreiger72@hotmail.com,Resistance Bands Set,2,799,2025-05-22
Alberta.Kreiger72@hotmail.com,Whey Protein Powder,1,2999,2026-01-01
Alberta.Kreiger72@hotmail.com,Creatine Monohydrate,3,1499,2025-09-22
Alberta.Kreiger72@hotmail.com,Resistance Bands Set,2,799,2026-02-02
Alberta.Kreiger72@hotmail.com,Whey Protein Powder,2,2999,2026-05-24
Alberta.Kreiger72@hotmail.com,Creatine Monohydrate,1,1499,2026-05-19
Alberta.Kreiger72@hotmail.com,Shaker Bottle,1,399,2025-10-07
Alberta.Kreiger72@hotmail.com,Whey Protein Powder,3,2999,2025-09-23
Alberta.Kreiger72@hotmail.com,Resistance Bands Set,3,799,2026-04-15
Alberta.Kreiger72@hotmail.com,Pre-Workout Formula,2,2499,2025-06-04
Joan.Price11@gmail.com,Omega-3 Fish Oil,3,999,2025-10-04
Joan.Price11@gmail.com,Yoga Mat Premium,1,1499,2026-02-21
Joan.Price11@gmail.com,Resistance Bands Set,1,799,2025-04-17
Joan.Price11@gmail.com,Omega-3 Fish Oil,3,999,2025-03-09
Joan.Price11@gmail.com,Resistance Bands Set,1,799,2026-01-29
Joan.Price11@gmail.com,Resistance Bands Set,3,799,2026-01-20
Joan.Price11@gmail.com,Shaker Bottle,2,399,2025-08-16
Joan.Price11@gmail.com,Creatine Monohydrate,1,1499,2025-06-27
Deshaun.Borer38@yahoo.com,Pre-Workout Formula,1,2499,2026-07-26
Deshaun.Borer38@yahoo.com,Pre-Workout Formula,2,2499,2026-06-27
Deshaun.Borer38@yahoo.com,Pre-Workout Formula,1,2499,2026-05-30
Deshaun.Borer38@yahoo.com,Pre-Workout Formula,2,2499,2026-04-30
Deshaun.Borer38@yahoo.com,Pre-Workout Formula,2,2499,2026-03-26
Deshaun.Borer38@yahoo.com,Pre-Workout Formula,1,2499,2026-02-25
Deshaun.Borer38@yahoo.com,Pre-Workout Formula,1,2499,2026-01-27
Deshaun.Borer38@yahoo.com,Pre-Workout Formula,1,2499,2025-12-30
Montana9@hotmail.com,Shaker Bottle,3,399,2025-09-30
Montana9@hotmail.com,Whey Protein Powder,3,2999,2026-05-01
Montana9@hotmail.com,Resistance Bands Set,1,799,2026-05-24
Montana9@hotmail.com,Yoga Mat Premium,3,1499,2026-06-02
Montana9@hotmail.com,Pre-Workout Formula,1,2499,2026-06-30
Montana9@hotmail.com,Resistance Bands Set,2,799,2026-01-17
Montana9@hotmail.com,Omega-3 Fish Oil,3,999,2026-05-19
Montana9@hotmail.com,Whey Protein Powder,2,2999,2026-03-29
Montana9@hotmail.com,Shaker Bottle,2,399,2025-10-09
Montana9@hotmail.com,Pre-Workout Formula,3,2499,2026-07-16
Montana9@hotmail.com,Creatine Monohydrate,3,1499,2026-06-19
Montana9@hotmail.com,Pre-Workout Formula,1,2499,2026-03-13
Montana9@hotmail.com,Shaker Bottle,1,399,2026-03-14
Montana9@hotmail.com,Resistance Bands Set,1,799,2025-06-01
Montana9@hotmail.com,Pre-Workout Formula,3,2499,2025-05-22
Montana9@hotmail.com,Creatine Monohydrate,3,1499,2025-08-23
Montana9@hotmail.com,Shaker Bottle,2,399,2025-06-16
Montana9@hotmail.com,Omega-3 Fish Oil,2,999,2026-07-21
Montana9@hotmail.com,Creatine Monohydrate,1,1499,2026-05-09
Montana9@hotmail.com,Creatine Monohydrate,3,1499,2025-11-02
Montana9@hotmail.com,Yoga Mat Premium,3,1499,2026-04-19
Montana9@hotmail.com,Shaker Bottle,1,399,2025-12-25
Montana9@hotmail.com,Whey Protein Powder,1,2999,2025-09-28
Korey.Farrell61@gmail.com,Creatine Monohydrate,1,1499,2026-07-26
Korey.Farrell61@gmail.com,Creatine Monohydrate,2,1499,2026-06-15
Korey.Farrell61@gmail.com,Creatine Monohydrate,2,1499,2026-04-29
Korey.Farrell61@gmail.com,Creatine Monohydrate,2,1499,2026-03-12
Korey.Farrell61@gmail.com,Creatine Monohydrate,1,1499,2026-01-28
Korey.Farrell61@gmail.com,Creatine Monohydrate,2,1499,2025-12-17
Korey.Farrell61@gmail.com,Pre-Workout Formula,1,2499,2026-04-13
Korey.Farrell61@gmail.com,Whey Protein Powder,1,2999,2026-06-14
Korey.Farrell61@gmail.com,Shaker Bottle,1,399,2026-04-24
Cesar_Schuppe@gmail.com,Shaker Bottle,1,399,2026-05-14
Cesar_Schuppe@gmail.com,Whey Protein Powder,2,2999,2026-06-12
Cesar_Schuppe@gmail.com,Whey Protein Powder,3,2999,2026-05-15
Cesar_Schuppe@gmail.com,Yoga Mat Premium,3,1499,2026-07-10
Cesar_Schuppe@gmail.com,Omega-3 Fish Oil,2,999,2026-06-17
Cesar_Schuppe@gmail.com,Resistance Bands Set,2,799,2026-05-11
Cesar_Schuppe@gmail.com,Omega-3 Fish Oil,1,999,2026-06-18
Cesar_Schuppe@gmail.com,Creatine Monohydrate,1,1499,2026-07-18
Cesar_Schuppe@gmail.com,Creatine Monohydrate,2,1499,2026-05-20
Cesar_Schuppe@gmail.com,Whey Protein Powder,3,2999,2026-05-13
Cesar_Schuppe@gmail.com,Creatine Monohydrate,2,1499,2026-07-17
Cesar_Schuppe@gmail.com,Omega-3 Fish Oil,2,999,2026-07-18
Cesar_Schuppe@gmail.com,Resistance Bands Set,3,799,2026-07-16
Cesar_Schuppe@gmail.com,Whey Protein Powder,1,2999,2026-07-28
Cesar_Schuppe@gmail.com,Omega-3 Fish Oil,2,999,2026-06-11
Cesar_Schuppe@gmail.com,Whey Protein Powder,2,2999,2026-06-18
Cesar_Schuppe@gmail.com,Shaker Bottle,3,399,2026-06-26
Cesar_Schuppe@gmail.com,Resistance Bands Set,2,799,2026-06-24
Cesar_Schuppe@gmail.com,Shaker Bottle,2,399,2026-05-27
Cesar_Schuppe@gmail.com,Omega-3 Fish Oil,1,999,2026-07-10
Cesar_Schuppe@gmail.com,Creatine Monohydrate,1,1499,2026-07-17
Cesar_Schuppe@gmail.com,Whey Protein Powder,1,2999,2026-05-22
Cesar_Schuppe@gmail.com,Resistance Bands Set,2,799,2026-07-27
Cesar_Schuppe@gmail.com,Pre-Workout Formula,2,2499,2026-07-25
Cesar_Schuppe@gmail.com,Whey Protein Powder,1,2999,2026-06-30
Cesar_Schuppe@gmail.com,Creatine Monohydrate,3,1499,2026-05-17
Cesar_Schuppe@gmail.com,Creatine Monohydrate,2,1499,2026-07-19
Cesar_Schuppe@gmail.com,Pre-Workout Formula,3,2499,2026-07-05
Cesar_Schuppe@gmail.com,Yoga Mat Premium,1,1499,2026-05-28
Cesar_Schuppe@gmail.com,Omega-3 Fish Oil,2,999,2026-05-14
Darby.McGlynn10@gmail.com,Shaker Bottle,3,399,2026-05-09
Darby.McGlynn10@gmail.com,Creatine Monohydrate,3,1499,2025-12-17
Darby.McGlynn10@gmail.com,Omega-3 Fish Oil,1,999,2026-04-28
Darby.McGlynn10@gmail.com,Omega-3 Fish Oil,2,999,2025-10-24
Darby.McGlynn10@gmail.com,Shaker Bottle,1,399,2026-05-03
Selina.Kemmer16@gmail.com,Shaker Bottle,3,399,2025-06-23
Selina.Kemmer16@gmail.com,Pre-Workout Formula,2,2499,2024-11-01
Selina.Kemmer16@gmail.com,Yoga Mat Premium,1,1499,2024-09-23
Selina.Kemmer16@gmail.com,Creatine Monohydrate,1,1499,2025-04-23
Selina.Kemmer16@gmail.com,Creatine Monohydrate,1,1499,2024-09-30
Selina.Kemmer16@gmail.com,Creatine Monohydrate,2,1499,2024-11-07
Selina.Kemmer16@gmail.com,Creatine Monohydrate,3,1499,2025-03-19
Selina.Kemmer16@gmail.com,Shaker Bottle,1,399,2025-03-01
Selina.Kemmer16@gmail.com,Yoga Mat Premium,2,1499,2025-02-11
Selina.Kemmer16@gmail.com,Resistance Bands Set,1,799,2025-01-23
Selina.Kemmer16@gmail.com,Shaker Bottle,3,399,2024-09-16
Selina.Kemmer16@gmail.com,Omega-3 Fish Oil,2,999,2025-06-20
Anibal.Smitham@yahoo.com,Shaker Bottle,2,399,2026-08-06
Anibal.Smitham@yahoo.com,Yoga Mat Premium,3,1499,2026-08-11
Anibal.Smitham@yahoo.com,Whey Protein Powder,1,2999,2026-07-30
Anibal.Smitham@yahoo.com,Whey Protein Powder,2,2999,2026-08-21
Anibal.Smitham@yahoo.com,Omega-3 Fish Oil,1,999,2026-07-29
Anibal.Smitham@yahoo.com,Shaker Bottle,1,399,2026-08-17
Brionna36@yahoo.com,Creatine Monohydrate,2,1499,2026-08-02
Brionna36@yahoo.com,Creatine Monohydrate,2,1499,2026-06-20
Brionna36@yahoo.com,Creatine Monohydrate,1,1499,2026-05-05
Brionna36@yahoo.com,Creatine Monohydrate,1,1499,2026-03-21
Brionna36@yahoo.com,Creatine Monohydrate,2,1499,2026-02-04
Brionna36@yahoo.com,Creatine Monohydrate,1,1499,2025-12-21
Brionna36@yahoo.com,Pre-Workout Formula,1,2499,2026-02-23
Brionna36@yahoo.com,Shaker Bottle,3,399,2026-08-08
Brionna36@yahoo.com,Omega-3 Fish Oil,1,999,2026-06-10
Brionna36@yahoo.com,Omega-3 Fish Oil,3,999,2025-12-18
Brionna36@yahoo.com,Yoga Mat Premium,3,1499,2026-07-29
Elvis.Altenwerth@gmail.com,Omega-3 Fish Oil,3,999,2025-11-22
Elvis.Altenwerth@gmail.com,Pre-Workout Formula,1,2499,2026-06-14
Elvis.Altenwerth@gmail.com,Whey Protein Powder,2,2999,2026-01-05
Elvis.Altenwerth@gmail.com,Creatine Monohydrate,1,1499,2026-01-05
Elvis.Altenwerth@gmail.com,Shaker Bottle,2,399,2026-03-21
Elvis.Altenwerth@gmail.com,Yoga Mat Premium,2,1499,2026-07-05
Elvis.Altenwerth@gmail.com,Omega-3 Fish Oil,1,999,2026-04-29
Elvis.Altenwerth@gmail.com,Creatine Monohydrate,3,1499,2026-04-13
Elvis.Altenwerth@gmail.com,Yoga Mat Premium,1,1499,2026-05-29
Elvis.Altenwerth@gmail.com,Yoga Mat Premium,1,1499,2026-06-07
Elvis.Altenwerth@gmail.com,Shaker Bottle,3,399,2026-04-23
Elvis.Altenwerth@gmail.com,Whey Protein Powder,2,2999,2026-05-09
Elvis.Altenwerth@gmail.com,Creatine Monohydrate,1,1499,2025-11-30
Elvis.Altenwerth@gmail.com,Pre-Workout Formula,3,2499,2025-12-24
Elvis.Altenwerth@gmail.com,Pre-Workout Formula,3,2499,2026-01-06
Elvis.Altenwerth@gmail.com,Resistance Bands Set,3,799,2026-07-16
Elvis.Altenwerth@gmail.com,Creatine Monohydrate,1,1499,2026-07-08
Elvis.Altenwerth@gmail.com,Shaker Bottle,3,399,2026-04-10
Elvis.Altenwerth@gmail.com,Yoga Mat Premium,2,1499,2026-05-30
Elvis.Altenwerth@gmail.com,Whey Protein Powder,1,2999,2026-02-02
Elvis.Altenwerth@gmail.com,Omega-3 Fish Oil,1,999,2026-03-27
Elvis.Altenwerth@gmail.com,Yoga Mat Premium,1,1499,2026-03-07
Elvis.Altenwerth@gmail.com,Creatine Monohydrate,3,1499,2025-12-11
Elvis.Altenwerth@gmail.com,Shaker Bottle,1,399,2026-03-07
Elvis.Altenwerth@gmail.com,Resistance Bands Set,3,799,2026-03-04
Elvis.Altenwerth@gmail.com,Shaker Bottle,3,399,2026-02-17
Elvis.Altenwerth@gmail.com,Resistance Bands Set,1,799,2026-06-15
Elvis.Altenwerth@gmail.com,Pre-Workout Formula,3,2499,2025-12-24
Elvis.Altenwerth@gmail.com,Pre-Workout Formula,2,2499,2026-03-11
Elvis.Altenwerth@gmail.com,Creatine Monohydrate,3,1499,2026-05-15
Elvis.Altenwerth@gmail.com,Resistance Bands Set,3,799,2026-05-03
Elvis.Altenwerth@gmail.com,Whey Protein Powder,3,2999,2026-02-09
Elvis.Altenwerth@gmail.com,Whey Protein Powder,3,2999,2026-06-26
Elvis.Altenwerth@gmail.com,Yoga Mat Premium,2,1499,2025-12-09
Elvis.Altenwerth@gmail.com,Resistance Bands Set,2,799,2025-11-09
Elvis.Altenwerth@gmail.com,Pre-Workout Formula,1,2499,2026-07-13
Elvis.Altenwerth@gmail.com,Resistance Bands Set,1,799,2026-06-21
Elvis.Altenwerth@gmail.com,Resistance Bands Set,1,799,2026-07-17
Elvis.Altenwerth@gmail.com,Shaker Bottle,2,399,2026-01-28
Elvis.Altenwerth@gmail.com,Pre-Workout Formula,3,2499,2026-07-06
Elvis.Altenwerth@gmail.com,Creatine Monohydrate,3,1499,2026-04-25
Elvis.Altenwerth@gmail.com,Pre-Workout Formula,1,2499,2026-01-22
Elvis.Altenwerth@gmail.com,Creatine Monohydrate,2,1499,2025-12-18
Elvis.Altenwerth@gmail.com,Shaker Bottle,1,399,2026-02-20
Elvis.Altenwerth@gmail.com,Yoga Mat Premium,3,1499,2026-04-16
Elvis.Altenwerth@gmail.com,Creatine Monohydrate,1,1499,2026-01-14
Elvis.Altenwerth@gmail.com,Resistance Bands Set,1,799,2025-11-30
Elvis.Altenwerth@gmail.com,Resistance Bands Set,1,799,2026-04-26
Elvis.Altenwerth@gmail.com,Omega-3 Fish Oil,2,999,2025-11-26
Elvis.Altenwerth@gmail.com,Creatine Monohydrate,3,1499,2026-06-14
Elvis.Altenwerth@gmail.com,Creatine Monohydrate,1,1499,2026-04-02
Elvis.Altenwerth@gmail.com,Shaker Bottle,1,399,2026-02-06
Elvis.Altenwerth@gmail.com,Yoga Mat Premium,2,1499,2026-06-24
Elvis.Altenwerth@gmail.com,Creatine Monohydrate,3,1499,2026-06-26
Elvis.Altenwerth@gmail.com,Omega-3 Fish Oil,3,999,2026-05-19
Elvis.Altenwerth@gmail.com,Pre-Workout Formula,3,2499,2026-03-17
Elvis.Altenwerth@gmail.com,Whey Protein Powder,1,2999,2025-11-22
Elvis.Altenwerth@gmail.com,Shaker Bottle,1,399,2026-02-05
Elvis.Altenwerth@gmail.com,Shaker Bottle,3,399,2026-06-02
Elvis.Altenwerth@gmail.com,Whey Protein Powder,1,2999,2026-05-17
Elvis.Altenwerth@gmail.com,Yoga Mat Premium,2,1499,2026-01-06
Elvis.Altenwerth@gmail.com,Pre-Workout Formula,2,2499,2026-04-27
Elvis.Altenwerth@gmail.com,Creatine Monohydrate,3,1499,2026-06-17
Elvis.Altenwerth@gmail.com,Pre-Workout Formula,2,2499,2025-12-26
Elvis.Altenwerth@gmail.com,Pre-Workout Formula,2,2499,2026-03-06
Lou.Larson@yahoo.com,Yoga Mat Premium,3,1499,2025-01-08
Lou.Larson@yahoo.com,Shaker Bottle,2,399,2024-12-12
Lou.Larson@yahoo.com,Creatine Monohydrate,3,1499,2025-05-14
Lou.Larson@yahoo.com,Shaker Bottle,3,399,2024-10-26
Lou.Larson@yahoo.com,Creatine Monohydrate,3,1499,2025-05-04
Lou.Larson@yahoo.com,Creatine Monohydrate,2,1499,2025-09-09
Lou.Larson@yahoo.com,Pre-Workout Formula,1,2499,2025-09-23
Lou.Larson@yahoo.com,Pre-Workout Formula,3,2499,2025-10-06
Lou.Larson@yahoo.com,Omega-3 Fish Oil,2,999,2025-02-16
Lou.Larson@yahoo.com,Omega-3 Fish Oil,2,999,2025-03-19
Lou.Larson@yahoo.com,Pre-Workout Formula,3,2499,2025-07-28
Lou.Larson@yahoo.com,Pre-Workout Formula,1,2499,2025-06-01
Lou.Larson@yahoo.com,Whey Protein Powder,1,2999,2025-01-05
Lou.Larson@yahoo.com,Yoga Mat Premium,2,1499,2025-03-21
Lou.Larson@yahoo.com,Omega-3 Fish Oil,2,999,2025-10-17
Lou.Larson@yahoo.com,Pre-Workout Formula,2,2499,2025-10-15
Lou.Larson@yahoo.com,Omega-3 Fish Oil,2,999,2025-04-13
Lou.Larson@yahoo.com,Creatine Monohydrate,3,1499,2025-04-05
Price78@yahoo.com,Whey Protein Powder,1,2999,2026-08-01
Price78@yahoo.com,Whey Protein Powder,1,2999,2026-06-29
Price78@yahoo.com,Whey Protein Powder,2,2999,2026-06-03
Price78@yahoo.com,Whey Protein Powder,2,2999,2026-05-05
Price78@yahoo.com,Whey Protein Powder,2,2999,2026-03-31
Price78@yahoo.com,Resistance Bands Set,2,799,2026-01-11
Price78@yahoo.com,Creatine Monohydrate,2,1499,2025-11-24
Price78@yahoo.com,Pre-Workout Formula,1,2499,2026-01-05
Price78@yahoo.com,Pre-Workout Formula,3,2499,2025-04-11
Price78@yahoo.com,Yoga Mat Premium,3,1499,2026-07-14
Price78@yahoo.com,Yoga Mat Premium,3,1499,2025-09-16
Price78@yahoo.com,Creatine Monohydrate,2,1499,2025-03-28
Makenzie_Macejkovic8@yahoo.com,Pre-Workout Formula,2,2499,2026-07-30
Makenzie_Macejkovic8@yahoo.com,Pre-Workout Formula,2,2499,2026-06-25
Makenzie_Macejkovic8@yahoo.com,Pre-Workout Formula,1,2499,2026-05-31
Makenzie_Macejkovic8@yahoo.com,Pre-Workout Formula,1,2499,2026-05-01
Makenzie_Macejkovic8@yahoo.com,Pre-Workout Formula,2,2499,2026-03-26
Makenzie_Macejkovic8@yahoo.com,Whey Protein Powder,1,2999,2025-10-26
Makenzie_Macejkovic8@yahoo.com,Creatine Monohydrate,3,1499,2026-07-14
Makenzie_Macejkovic8@yahoo.com,Creatine Monohydrate,3,1499,2025-11-24
Makenzie_Macejkovic8@yahoo.com,Resistance Bands Set,2,799,2025-09-04
Makenzie_Macejkovic8@yahoo.com,Yoga Mat Premium,3,1499,2026-02-16
Makenzie_Macejkovic8@yahoo.com,Whey Protein Powder,1,2999,2026-03-02
Makenzie_Macejkovic8@yahoo.com,Yoga Mat Premium,1,1499,2025-11-17
Makenzie_Macejkovic8@yahoo.com,Shaker Bottle,3,399,2025-10-12
Kadin_Kris@hotmail.com,Whey Protein Powder,3,2999,2026-02-17
Kadin_Kris@hotmail.com,Pre-Workout Formula,1,2499,2026-05-16
Kadin_Kris@hotmail.com,Omega-3 Fish Oil,3,999,2025-11-14
Kadin_Kris@hotmail.com,Pre-Workout Formula,2,2499,2026-02-05
Kadin_Kris@hotmail.com,Creatine Monohydrate,1,1499,2026-06-09
Kadin_Kris@hotmail.com,Omega-3 Fish Oil,1,999,2026-07-12
Kadin_Kris@hotmail.com,Shaker Bottle,1,399,2025-11-07
Kadin_Kris@hotmail.com,Resistance Bands Set,2,799,2026-01-23
Kadin_Kris@hotmail.com,Yoga Mat Premium,1,1499,2026-06-18
Kadin_Kris@hotmail.com,Shaker Bottle,2,399,2026-04-03
Kadin_Kris@hotmail.com,Pre-Workout Formula,2,2499,2026-08-25
Kadin_Kris@hotmail.com,Resistance Bands Set,2,799,2026-01-08
Kadin_Kris@hotmail.com,Yoga Mat Premium,2,1499,2026-08-03
Kadin_Kris@hotmail.com,Yoga Mat Premium,3,1499,2026-01-23
Kadin_Kris@hotmail.com,Creatine Monohydrate,3,1499,2026-03-03
Kadin_Kris@hotmail.com,Resistance Bands Set,1,799,2026-01-30
Kadin_Kris@hotmail.com,Pre-Workout Formula,1,2499,2026-01-11
Kadin_Kris@hotmail.com,Yoga Mat Premium,1,1499,2026-02-10
Kadin_Kris@hotmail.com,Pre-Workout Formula,2,2499,2026-03-20
Kadin_Kris@hotmail.com,Whey Protein Powder,2,2999,2025-11-27
Kadin_Kris@hotmail.com,Omega-3 Fish Oil,2,999,2026-07-08
Kylee_Fadel73@hotmail.com,Whey Protein Powder,2,2999,2025-04-29
Kylee_Fadel73@hotmail.com,Yoga Mat Premium,3,1499,2025-05-16
Kylee_Fadel73@hotmail.com,Pre-Workout Formula,3,2499,2025-05-30
Kylee_Fadel73@hotmail.com,Creatine Monohydrate,2,1499,2025-02-01
Annette.Gorczany47@yahoo.com,Shaker Bottle,2,399,2025-08-28
Annette.Gorczany47@yahoo.com,Resistance Bands Set,2,799,2025-04-30
Annette.Gorczany47@yahoo.com,Yoga Mat Premium,3,1499,2024-11-04
Annette.Gorczany47@yahoo.com,Creatine Monohydrate,2,1499,2025-09-08
Annette.Gorczany47@yahoo.com,Yoga Mat Premium,2,1499,2024-11-08
Annette.Gorczany47@yahoo.com,Resistance Bands Set,3,799,2026-04-26
Annette.Gorczany47@yahoo.com,Pre-Workout Formula,1,2499,2025-05-19
Annette.Gorczany47@yahoo.com,Omega-3 Fish Oil,3,999,2025-10-25
Annette.Gorczany47@yahoo.com,Pre-Workout Formula,2,2499,2025-03-27
Annette.Gorczany47@yahoo.com,Shaker Bottle,3,399,2025-07-05
Annette.Gorczany47@yahoo.com,Shaker Bottle,2,399,2025-08-01
Callie10@hotmail.com,Shaker Bottle,2,399,2026-07-17
Callie10@hotmail.com,Omega-3 Fish Oil,2,999,2026-04-23
Callie10@hotmail.com,Whey Protein Powder,2,2999,2026-06-18
Callie10@hotmail.com,Pre-Workout Formula,1,2499,2026-04-30
Callie10@hotmail.com,Creatine Monohydrate,2,1499,2026-06-29
Callie10@hotmail.com,Shaker Bottle,2,399,2026-05-21
Callie10@hotmail.com,Yoga Mat Premium,2,1499,2026-06-10
Callie10@hotmail.com,Omega-3 Fish Oil,1,999,2026-07-17
Callie10@hotmail.com,Omega-3 Fish Oil,2,999,2026-06-04
Callie10@hotmail.com,Creatine Monohydrate,3,1499,2026-04-17
Addie.Sipes-Bartell2@gmail.com,Creatine Monohydrate,3,1499,2026-06-28
Addie.Sipes-Bartell2@gmail.com,Resistance Bands Set,1,799,2026-06-28
Addie.Sipes-Bartell2@gmail.com,Shaker Bottle,2,399,2026-08-10
Addie.Sipes-Bartell2@gmail.com,Resistance Bands Set,1,799,2026-07-07
Addie.Sipes-Bartell2@gmail.com,Pre-Workout Formula,2,2499,2026-05-30
Addie.Sipes-Bartell2@gmail.com,Creatine Monohydrate,3,1499,2026-07-13
Addie.Sipes-Bartell2@gmail.com,Shaker Bottle,1,399,2026-05-20
Addie.Sipes-Bartell2@gmail.com,Yoga Mat Premium,1,1499,2026-08-03
Addie.Sipes-Bartell2@gmail.com,Whey Protein Powder,3,2999,2026-06-30
Addie.Sipes-Bartell2@gmail.com,Pre-Workout Formula,2,2499,2026-08-07
Addie.Sipes-Bartell2@gmail.com,Shaker Bottle,3,399,2026-06-19
Addie.Sipes-Bartell2@gmail.com,Creatine Monohydrate,1,1499,2026-07-10
Ned81@gmail.com,Whey Protein Powder,3,2999,2025-11-10
Ned81@gmail.com,Yoga Mat Premium,1,1499,2025-10-20
Ned81@gmail.com,Shaker Bottle,1,399,2026-07-04
Ned81@gmail.com,Pre-Workout Formula,1,2499,2026-07-28
Ned81@gmail.com,Resistance Bands Set,1,799,2026-05-26
Ned81@gmail.com,Pre-Workout Formula,3,2499,2026-03-06
Ned81@gmail.com,Creatine Monohydrate,3,1499,2026-05-04
Ned81@gmail.com,Omega-3 Fish Oil,2,999,2026-03-19
Ned81@gmail.com,Shaker Bottle,2,399,2026-02-03
Ned81@gmail.com,Yoga Mat Premium,1,1499,2025-11-11
Ned81@gmail.com,Pre-Workout Formula,3,2499,2026-03-19
Ned81@gmail.com,Omega-3 Fish Oil,1,999,2026-04-19
Ned81@gmail.com,Shaker Bottle,1,399,2026-03-08
Ned81@gmail.com,Pre-Workout Formula,3,2499,2026-05-27
Ned81@gmail.com,Resistance Bands Set,3,799,2026-02-08
Ned81@gmail.com,Shaker Bottle,3,399,2025-12-25
Ned81@gmail.com,Resistance Bands Set,3,799,2026-04-17
Ned81@gmail.com,Pre-Workout Formula,3,2499,2026-01-04
Annie.Olson52@gmail.com,Pre-Workout Formula,2,2499,2026-02-09
Annie.Olson52@gmail.com,Yoga Mat Premium,3,1499,2025-09-01
Annie.Olson52@gmail.com,Whey Protein Powder,3,2999,2026-04-06
Annie.Olson52@gmail.com,Omega-3 Fish Oil,2,999,2026-03-15
Annie.Olson52@gmail.com,Whey Protein Powder,1,2999,2026-06-29
Annie.Olson52@gmail.com,Creatine Monohydrate,2,1499,2026-01-19
Annie.Olson52@gmail.com,Shaker Bottle,1,399,2026-04-12
Annie.Olson52@gmail.com,Resistance Bands Set,3,799,2026-04-09
Annie.Olson52@gmail.com,Whey Protein Powder,3,2999,2025-08-02
Annie.Olson52@gmail.com,Shaker Bottle,2,399,2025-10-14
Annie.Olson52@gmail.com,Creatine Monohydrate,3,1499,2026-04-14
Annie.Olson52@gmail.com,Resistance Bands Set,3,799,2025-11-03
Annie.Olson52@gmail.com,Yoga Mat Premium,2,1499,2026-03-27
Annie.Olson52@gmail.com,Omega-3 Fish Oil,2,999,2025-07-09
Annie.Olson52@gmail.com,Shaker Bottle,2,399,2026-06-27
Annie.Olson52@gmail.com,Pre-Workout Formula,2,2499,2026-03-19
Annie.Olson52@gmail.com,Pre-Workout Formula,2,2499,2025-06-15
Annie.Olson52@gmail.com,Pre-Workout Formula,1,2499,2026-04-26
Annie.Olson52@gmail.com,Yoga Mat Premium,2,1499,2025-10-16
Annie.Olson52@gmail.com,Creatine Monohydrate,3,1499,2025-12-09
Annie.Olson52@gmail.com,Resistance Bands Set,3,799,2026-06-24
Annie.Olson52@gmail.com,Omega-3 Fish Oil,2,999,2026-06-12
Annie.Olson52@gmail.com,Yoga Mat Premium,2,1499,2026-03-19
Annie.Olson52@gmail.com,Whey Protein Powder,1,2999,2026-03-06
Annie.Olson52@gmail.com,Omega-3 Fish Oil,1,999,2026-05-24
Annie.Olson52@gmail.com,Whey Protein Powder,1,2999,2026-06-21
Annie.Olson52@gmail.com,Resistance Bands Set,3,799,2025-12-09
Annie.Olson52@gmail.com,Yoga Mat Premium,2,1499,2025-08-26
Annie.Olson52@gmail.com,Shaker Bottle,3,399,2025-12-01
Mason.Aufderhar19@gmail.com,Shaker Bottle,3,399,2026-08-14
Mason.Aufderhar19@gmail.com,Creatine Monohydrate,2,1499,2026-08-17
Mason.Aufderhar19@gmail.com,Yoga Mat Premium,2,1499,2026-08-17
Mason.Aufderhar19@gmail.com,Resistance Bands Set,2,799,2026-08-10
Mason.Aufderhar19@gmail.com,Shaker Bottle,1,399,2026-08-09
Mason.Aufderhar19@gmail.com,Omega-3 Fish Oil,3,999,2026-08-15
Mason.Aufderhar19@gmail.com,Resistance Bands Set,2,799,2026-08-12
Mason.Aufderhar19@gmail.com,Omega-3 Fish Oil,2,999,2026-08-08
Mason.Aufderhar19@gmail.com,Whey Protein Powder,2,2999,2026-08-08
Mason.Aufderhar19@gmail.com,Shaker Bottle,2,399,2026-08-12
Mason.Aufderhar19@gmail.com,Whey Protein Powder,1,2999,2026-08-13
Mason.Aufderhar19@gmail.com,Creatine Monohydrate,1,1499,2026-08-18
Mason.Aufderhar19@gmail.com,Pre-Workout Formula,3,2499,2026-08-13
Mason.Aufderhar19@gmail.com,Creatine Monohydrate,2,1499,2026-08-18
Mason.Aufderhar19@gmail.com,Resistance Bands Set,3,799,2026-08-11
Mason.Aufderhar19@gmail.com,Whey Protein Powder,3,2999,2026-08-09
Audie_Mayer@hotmail.com,Pre-Workout Formula,2,2499,2026-07-30
Audie_Mayer@hotmail.com,Resistance Bands Set,1,799,2026-02-27
Audie_Mayer@hotmail.com,Omega-3 Fish Oil,1,999,2025-07-05
Audie_Mayer@hotmail.com,Pre-Workout Formula,3,2499,2026-04-06
Audie_Mayer@hotmail.com,Pre-Workout Formula,2,2499,2025-10-01
Audie_Mayer@hotmail.com,Yoga Mat Premium,2,1499,2025-10-12
Audie_Mayer@hotmail.com,Shaker Bottle,3,399,2025-10-24
Audie_Mayer@hotmail.com,Yoga Mat Premium,1,1499,2026-02-17
Audie_Mayer@hotmail.com,Creatine Monohydrate,1,1499,2026-04-02
Audie_Mayer@hotmail.com,Pre-Workout Formula,1,2499,2025-09-26
Audie_Mayer@hotmail.com,Shaker Bottle,1,399,2025-07-21
Audie_Mayer@hotmail.com,Resistance Bands Set,3,799,2025-12-14
Audie_Mayer@hotmail.com,Omega-3 Fish Oil,3,999,2025-07-11
Audie_Mayer@hotmail.com,Yoga Mat Premium,1,1499,2025-06-28
Audie_Mayer@hotmail.com,Shaker Bottle,2,399,2025-07-10
Audie_Mayer@hotmail.com,Omega-3 Fish Oil,1,999,2025-11-29
Audie_Mayer@hotmail.com,Pre-Workout Formula,1,2499,2026-05-30
Audie_Mayer@hotmail.com,Yoga Mat Premium,3,1499,2026-05-02
Audie_Mayer@hotmail.com,Pre-Workout Formula,3,2499,2026-03-06
Audie_Mayer@hotmail.com,Creatine Monohydrate,3,1499,2026-01-29
Audie_Mayer@hotmail.com,Creatine Monohydrate,1,1499,2025-06-29
Audie_Mayer@hotmail.com,Resistance Bands Set,1,799,2026-04-18
Audie_Mayer@hotmail.com,Yoga Mat Premium,3,1499,2026-01-03
Audie_Mayer@hotmail.com,Omega-3 Fish Oil,1,999,2026-08-09
Audie_Mayer@hotmail.com,Yoga Mat Premium,1,1499,2026-01-06
Audie_Mayer@hotmail.com,Shaker Bottle,3,399,2025-12-04
Audie_Mayer@hotmail.com,Shaker Bottle,1,399,2026-06-22
Audie_Mayer@hotmail.com,Omega-3 Fish Oil,2,999,2025-09-17
Audie_Mayer@hotmail.com,Whey Protein Powder,3,2999,2026-01-22
Audie_Mayer@hotmail.com,Pre-Workout Formula,3,2499,2025-07-17
Audie_Mayer@hotmail.com,Whey Protein Powder,2,2999,2026-04-12
Audie_Mayer@hotmail.com,Shaker Bottle,1,399,2026-05-03
Audie_Mayer@hotmail.com,Whey Protein Powder,1,2999,2026-02-06
Audie_Mayer@hotmail.com,Resistance Bands Set,3,799,2025-06-10
Audie_Mayer@hotmail.com,Whey Protein Powder,1,2999,2025-12-13
Audie_Mayer@hotmail.com,Yoga Mat Premium,2,1499,2025-10-14
Audie_Mayer@hotmail.com,Resistance Bands Set,3,799,2026-01-20
Audie_Mayer@hotmail.com,Creatine Monohydrate,2,1499,2026-05-16
Joshua_McCullough@hotmail.com,Whey Protein Powder,2,2999,2026-07-25
Joshua_McCullough@hotmail.com,Whey Protein Powder,1,2999,2026-06-21
Joshua_McCullough@hotmail.com,Whey Protein Powder,1,2999,2026-05-21
Joshua_McCullough@hotmail.com,Whey Protein Powder,2,2999,2026-04-21
Joshua_McCullough@hotmail.com,Whey Protein Powder,1,2999,2026-03-22
Joshua_McCullough@hotmail.com,Whey Protein Powder,2,2999,2026-02-23
Joshua_McCullough@hotmail.com,Whey Protein Powder,1,2999,2026-01-27
Joshua_McCullough@hotmail.com,Whey Protein Powder,2,2999,2025-12-27
Joshua_McCullough@hotmail.com,Yoga Mat Premium,3,1499,2025-09-27
Joshua_McCullough@hotmail.com,Resistance Bands Set,2,799,2026-02-26
Dario.Corkery70@hotmail.com,Resistance Bands Set,3,799,2025-10-24
Dario.Corkery70@hotmail.com,Shaker Bottle,1,399,2025-07-09
Dario.Corkery70@hotmail.com,Pre-Workout Formula,2,2499,2026-03-12
Dario.Corkery70@hotmail.com,Creatine Monohydrate,3,1499,2026-02-24
Dario.Corkery70@hotmail.com,Shaker Bottle,3,399,2025-04-29
Dario.Corkery70@hotmail.com,Creatine Monohydrate,2,1499,2025-05-20
Dario.Corkery70@hotmail.com,Omega-3 Fish Oil,2,999,2026-04-08
Dario.Corkery70@hotmail.com,Yoga Mat Premium,2,1499,2025-12-03
Dario.Corkery70@hotmail.com,Resistance Bands Set,2,799,2025-10-27
Dario.Corkery70@hotmail.com,Shaker Bottle,3,399,2026-06-05
Dario.Corkery70@hotmail.com,Resistance Bands Set,1,799,2026-06-09
Dario.Corkery70@hotmail.com,Creatine Monohydrate,2,1499,2025-04-11
Dario.Corkery70@hotmail.com,Yoga Mat Premium,1,1499,2026-03-27
Dario.Corkery70@hotmail.com,Resistance Bands Set,1,799,2026-02-01
Dario.Corkery70@hotmail.com,Shaker Bottle,1,399,2026-03-08
Dario.Corkery70@hotmail.com,Whey Protein Powder,3,2999,2026-07-01
Dario.Corkery70@hotmail.com,Omega-3 Fish Oil,1,999,2026-02-02
Dario.Corkery70@hotmail.com,Creatine Monohydrate,1,1499,2026-02-25
Nyasia_Monahan@hotmail.com,Omega-3 Fish Oil,1,999,2026-06-17
Nyasia_Monahan@hotmail.com,Yoga Mat Premium,1,1499,2026-04-09
Nyasia_Monahan@hotmail.com,Pre-Workout Formula,1,2499,2025-01-05
Nyasia_Monahan@hotmail.com,Shaker Bottle,1,399,2024-09-14
Nyasia_Monahan@hotmail.com,Shaker Bottle,2,399,2025-04-28
Nyasia_Monahan@hotmail.com,Pre-Workout Formula,1,2499,2026-07-04
Nyasia_Monahan@hotmail.com,Shaker Bottle,3,399,2024-10-01
Nyasia_Monahan@hotmail.com,Yoga Mat Premium,3,1499,2025-05-17
Nyasia_Monahan@hotmail.com,Whey Protein Powder,2,2999,2025-06-22
Nyasia_Monahan@hotmail.com,Shaker Bottle,1,399,2025-07-18
Nyasia_Monahan@hotmail.com,Omega-3 Fish Oil,1,999,2026-04-12
Nyasia_Monahan@hotmail.com,Shaker Bottle,1,399,2025-08-25
Nyasia_Monahan@hotmail.com,Pre-Workout Formula,1,2499,2026-05-27
Nyasia_Monahan@hotmail.com,Shaker Bottle,1,399,2026-02-15
Nyasia_Monahan@hotmail.com,Omega-3 Fish Oil,1,999,2026-02-14
Nyasia_Monahan@hotmail.com,Pre-Workout Formula,3,2499,2025-10-09
Nyasia_Monahan@hotmail.com,Whey Protein Powder,2,2999,2025-09-02
Nyasia_Monahan@hotmail.com,Creatine Monohydrate,1,1499,2025-01-30
Nyasia_Monahan@hotmail.com,Resistance Bands Set,1,799,2025-08-20
Nyasia_Monahan@hotmail.com,Yoga Mat Premium,3,1499,2026-05-28
Nyasia_Monahan@hotmail.com,Shaker Bottle,3,399,2026-05-27
Nyasia_Monahan@hotmail.com,Pre-Workout Formula,1,2499,2026-03-05
Nyasia_Monahan@hotmail.com,Whey Protein Powder,2,2999,2026-05-24
Nyasia_Monahan@hotmail.com,Pre-Workout Formula,3,2499,2025-02-17
Nyasia_Monahan@hotmail.com,Creatine Monohydrate,3,1499,2025-08-26
Nyasia_Monahan@hotmail.com,Yoga Mat Premium,3,1499,2025-05-18
Nyasia_Monahan@hotmail.com,Creatine Monohydrate,2,1499,2026-08-05
Nyasia_Monahan@hotmail.com,Pre-Workout Formula,2,2499,2025-10-05
Nyasia_Monahan@hotmail.com,Yoga Mat Premium,2,1499,2025-07-14
Nyasia_Monahan@hotmail.com,Resistance Bands Set,3,799,2025-02-06
Nyasia_Monahan@hotmail.com,Shaker Bottle,1,399,2026-08-05
Nyasia_Monahan@hotmail.com,Creatine Monohydrate,3,1499,2025-07-04
Nyasia_Monahan@hotmail.com,Yoga Mat Premium,3,1499,2026-04-17
Nyasia_Monahan@hotmail.com,Shaker Bottle,1,399,2025-12-22
Nyasia_Monahan@hotmail.com,Pre-Workout Formula,3,2499,2025-07-27
Nyasia_Monahan@hotmail.com,Omega-3 Fish Oil,1,999,2025-12-08
Nyasia_Monahan@hotmail.com,Shaker Bottle,2,399,2026-07-12
Nyasia_Monahan@hotmail.com,Pre-Workout Formula,3,2499,2026-02-18
Nyasia_Monahan@hotmail.com,Whey Protein Powder,1,2999,2026-06-21
Nyasia_Monahan@hotmail.com,Yoga Mat Premium,1,1499,2024-12-09
Nyasia_Monahan@hotmail.com,Resistance Bands Set,2,799,2025-01-28
Nyasia_Monahan@hotmail.com,Shaker Bottle,3,399,2024-11-03
Nyasia_Monahan@hotmail.com,Whey Protein Powder,3,2999,2026-06-26
Nyasia_Monahan@hotmail.com,Omega-3 Fish Oil,2,999,2026-04-16
Nyasia_Monahan@hotmail.com,Resistance Bands Set,2,799,2026-08-06
Nyasia_Monahan@hotmail.com,Pre-Workout Formula,2,2499,2024-11-10
Nyasia_Monahan@hotmail.com,Whey Protein Powder,2,2999,2024-11-26
Nyasia_Monahan@hotmail.com,Omega-3 Fish Oil,1,999,2025-01-13
Nyasia_Monahan@hotmail.com,Omega-3 Fish Oil,3,999,2025-08-13
Nyasia_Monahan@hotmail.com,Resistance Bands Set,1,799,2026-07-13
Nyasia_Monahan@hotmail.com,Yoga Mat Premium,1,1499,2025-06-13
Nyasia_Monahan@hotmail.com,Shaker Bottle,3,399,2026-04-19
Nyasia_Monahan@hotmail.com,Pre-Workout Formula,1,2499,2025-01-12
Nyasia_Monahan@hotmail.com,Yoga Mat Premium,1,1499,2024-10-31
Nyasia_Monahan@hotmail.com,Resistance Bands Set,3,799,2025-01-02
Nyasia_Monahan@hotmail.com,Whey Protein Powder,3,2999,2025-03-01
Nyasia_Monahan@hotmail.com,Omega-3 Fish Oil,2,999,2026-04-08
Nyasia_Monahan@hotmail.com,Shaker Bottle,3,399,2025-03-12
Nyasia_Monahan@hotmail.com,Resistance Bands Set,3,799,2024-10-24
Nyasia_Monahan@hotmail.com,Whey Protein Powder,1,2999,2024-11-23
Nyasia_Monahan@hotmail.com,Shaker Bottle,3,399,2024-12-02
Nyasia_Monahan@hotmail.com,Omega-3 Fish Oil,1,999,2024-12-07
Diego.Gusikowski97@gmail.com,Creatine Monohydrate,1,1499,2026-02-24
Diego.Gusikowski97@gmail.com,Pre-Workout Formula,3,2499,2026-04-13
Diego.Gusikowski97@gmail.com,Yoga Mat Premium,3,1499,2025-12-24
Diego.Gusikowski97@gmail.com,Shaker Bottle,3,399,2026-02-27
Diego.Gusikowski97@gmail.com,Resistance Bands Set,1,799,2025-10-10
Diego.Gusikowski97@gmail.com,Pre-Workout Formula,1,2499,2026-06-05
Diego.Gusikowski97@gmail.com,Whey Protein Powder,1,2999,2026-08-01
Diego.Gusikowski97@gmail.com,Creatine Monohydrate,3,1499,2025-08-26
Diego.Gusikowski97@gmail.com,Pre-Workout Formula,3,2499,2025-10-30
Diego.Gusikowski97@gmail.com,Omega-3 Fish Oil,2,999,2026-01-15
Diego.Gusikowski97@gmail.com,Yoga Mat Premium,3,1499,2026-05-17
Diego.Gusikowski97@gmail.com,Omega-3 Fish Oil,2,999,2025-07-12
Diego.Gusikowski97@gmail.com,Yoga Mat Premium,1,1499,2026-02-10
Diego.Gusikowski97@gmail.com,Creatine Monohydrate,2,1499,2025-07-28
Diego.Gusikowski97@gmail.com,Pre-Workout Formula,2,2499,2026-08-12
Diego.Gusikowski97@gmail.com,Yoga Mat Premium,1,1499,2026-08-06
Diego.Gusikowski97@gmail.com,Resistance Bands Set,3,799,2026-07-30
Diego.Gusikowski97@gmail.com,Shaker Bottle,1,399,2025-07-31
Diego.Gusikowski97@gmail.com,Resistance Bands Set,1,799,2026-07-13
Diego.Gusikowski97@gmail.com,Creatine Monohydrate,2,1499,2025-11-04
Diego.Gusikowski97@gmail.com,Creatine Monohydrate,2,1499,2025-07-09
Diego.Gusikowski97@gmail.com,Omega-3 Fish Oil,2,999,2025-08-26
Diego.Gusikowski97@gmail.com,Pre-Workout Formula,3,2499,2025-08-30
Diego.Gusikowski97@gmail.com,Resistance Bands Set,2,799,2025-12-05
Diego.Gusikowski97@gmail.com,Creatine Monohydrate,1,1499,2026-05-18
Diego.Gusikowski97@gmail.com,Whey Protein Powder,2,2999,2025-07-25
Diego.Gusikowski97@gmail.com,Omega-3 Fish Oil,1,999,2025-09-15
Diego.Gusikowski97@gmail.com,Omega-3 Fish Oil,2,999,2026-05-12
Diego.Gusikowski97@gmail.com,Pre-Workout Formula,1,2499,2026-05-20
Diego.Gusikowski97@gmail.com,Omega-3 Fish Oil,2,999,2026-01-11
Diego.Gusikowski97@gmail.com,Shaker Bottle,2,399,2026-01-21
Pam.Ryan62@yahoo.com,Pre-Workout Formula,3,2499,2026-07-11
Pam.Ryan62@yahoo.com,Pre-Workout Formula,2,2499,2025-12-03
Pam.Ryan62@yahoo.com,Whey Protein Powder,2,2999,2025-10-17
Pam.Ryan62@yahoo.com,Omega-3 Fish Oil,3,999,2026-02-16
Pam.Ryan62@yahoo.com,Shaker Bottle,2,399,2026-02-01
Pam.Ryan62@yahoo.com,Whey Protein Powder,3,2999,2026-07-22
Pam.Ryan62@yahoo.com,Yoga Mat Premium,2,1499,2026-05-25
Pam.Ryan62@yahoo.com,Shaker Bottle,3,399,2025-10-30
Pam.Ryan62@yahoo.com,Omega-3 Fish Oil,2,999,2026-03-09
Pam.Ryan62@yahoo.com,Yoga Mat Premium,1,1499,2026-03-28
Pam.Ryan62@yahoo.com,Shaker Bottle,2,399,2026-05-01
Pam.Ryan62@yahoo.com,Omega-3 Fish Oil,2,999,2025-12-26
Pam.Ryan62@yahoo.com,Pre-Workout Formula,1,2499,2026-05-13
Pam.Ryan62@yahoo.com,Yoga Mat Premium,1,1499,2026-02-16
Pam.Ryan62@yahoo.com,Omega-3 Fish Oil,2,999,2026-05-07
Pam.Ryan62@yahoo.com,Whey Protein Powder,3,2999,2026-02-04
Pam.Ryan62@yahoo.com,Shaker Bottle,3,399,2025-10-12
Pam.Ryan62@yahoo.com,Omega-3 Fish Oil,3,999,2026-03-12
Pam.Ryan62@yahoo.com,Omega-3 Fish Oil,1,999,2026-02-09
Pam.Ryan62@yahoo.com,Yoga Mat Premium,1,1499,2026-01-22
Pam.Ryan62@yahoo.com,Resistance Bands Set,1,799,2026-02-25
Pam.Ryan62@yahoo.com,Pre-Workout Formula,1,2499,2025-12-28
Pam.Ryan62@yahoo.com,Creatine Monohydrate,3,1499,2026-06-01
Pam.Ryan62@yahoo.com,Whey Protein Powder,3,2999,2025-10-03
Pam.Ryan62@yahoo.com,Shaker Bottle,2,399,2025-10-02
Pam.Ryan62@yahoo.com,Omega-3 Fish Oil,3,999,2026-05-30
Pam.Ryan62@yahoo.com,Whey Protein Powder,1,2999,2026-02-01
Tate.Fisher38@hotmail.com,Pre-Workout Formula,2,2499,2026-07-27
Tate.Fisher38@hotmail.com,Pre-Workout Formula,2,2499,2026-06-30
Tate.Fisher38@hotmail.com,Pre-Workout Formula,1,2499,2026-05-30
Tate.Fisher38@hotmail.com,Pre-Workout Formula,2,2499,2026-04-29
Tate.Fisher38@hotmail.com,Yoga Mat Premium,2,1499,2025-08-18
Tate.Fisher38@hotmail.com,Creatine Monohydrate,1,1499,2025-11-28
Tate.Fisher38@hotmail.com,Yoga Mat Premium,1,1499,2025-11-24
Tate.Fisher38@hotmail.com,Resistance Bands Set,1,799,2025-12-15
Tate.Fisher38@hotmail.com,Whey Protein Powder,2,2999,2026-05-07
Tate.Fisher38@hotmail.com,Omega-3 Fish Oil,3,999,2025-12-03
Tate.Fisher38@hotmail.com,Shaker Bottle,2,399,2025-06-28
Tate.Fisher38@hotmail.com,Yoga Mat Premium,3,1499,2025-03-28
Tate.Fisher38@hotmail.com,Yoga Mat Premium,2,1499,2026-07-12
Tate.Fisher38@hotmail.com,Shaker Bottle,1,399,2026-03-25
Tate.Fisher38@hotmail.com,Resistance Bands Set,1,799,2025-06-27
Tate.Fisher38@hotmail.com,Shaker Bottle,2,399,2025-12-04
Tate.Fisher38@hotmail.com,Shaker Bottle,2,399,2024-11-30
Tate.Fisher38@hotmail.com,Omega-3 Fish Oil,2,999,2026-03-04
Tommie19@gmail.com,Whey Protein Powder,1,2999,2025-06-19
Tommie19@gmail.com,Resistance Bands Set,2,799,2025-04-26
Tommie19@gmail.com,Creatine Monohydrate,1,1499,2025-05-05
Tommie19@gmail.com,Shaker Bottle,3,399,2026-06-19
Tommie19@gmail.com,Yoga Mat Premium,3,1499,2025-06-11
Tommie19@gmail.com,Creatine Monohydrate,3,1499,2026-04-05
Tommie19@gmail.com,Resistance Bands Set,2,799,2026-03-12
Tommie19@gmail.com,Whey Protein Powder,2,2999,2025-11-14
Tommie19@gmail.com,Yoga Mat Premium,3,1499,2025-12-14
Tommie19@gmail.com,Creatine Monohydrate,3,1499,2026-03-01
Tommie19@gmail.com,Resistance Bands Set,2,799,2026-01-09
Tommie19@gmail.com,Omega-3 Fish Oil,1,999,2025-05-24
Tommie19@gmail.com,Creatine Monohydrate,2,1499,2025-06-22
Tommie19@gmail.com,Yoga Mat Premium,3,1499,2025-04-22
Tommie19@gmail.com,Whey Protein Powder,3,2999,2025-10-13
Tommie19@gmail.com,Omega-3 Fish Oil,3,999,2026-02-11
Tommie19@gmail.com,Pre-Workout Formula,3,2499,2025-07-07
Tommie19@gmail.com,Whey Protein Powder,2,2999,2026-03-27
Aditya12@yahoo.com,Creatine Monohydrate,2,1499,2026-07-22
Aditya12@yahoo.com,Creatine Monohydrate,2,1499,2026-06-09
Aditya12@yahoo.com,Creatine Monohydrate,2,1499,2026-04-23
Aditya12@yahoo.com,Creatine Monohydrate,1,1499,2026-03-14
Aditya12@yahoo.com,Creatine Monohydrate,2,1499,2026-01-24
Aditya12@yahoo.com,Creatine Monohydrate,1,1499,2025-12-11
Aditya12@yahoo.com,Shaker Bottle,1,399,2025-04-26
Aditya12@yahoo.com,Shaker Bottle,3,399,2024-12-04
Aditya12@yahoo.com,Pre-Workout Formula,3,2499,2025-07-08
Aditya12@yahoo.com,Whey Protein Powder,1,2999,2025-04-17
Aditya12@yahoo.com,Pre-Workout Formula,2,2499,2025-04-27
Aditya12@yahoo.com,Omega-3 Fish Oil,3,999,2026-06-07
Aditya12@yahoo.com,Resistance Bands Set,2,799,2026-07-15
Aditya12@yahoo.com,Resistance Bands Set,1,799,2025-05-11
Brendon.Goodwin@yahoo.com,Omega-3 Fish Oil,1,999,2026-02-11
Brendon.Goodwin@yahoo.com,Resistance Bands Set,1,799,2026-01-04
Brendon.Goodwin@yahoo.com,Whey Protein Powder,1,2999,2026-03-20
Brendon.Goodwin@yahoo.com,Omega-3 Fish Oil,1,999,2026-05-24
Brendon.Goodwin@yahoo.com,Pre-Workout Formula,2,2499,2025-11-27
Harmony.Beer@gmail.com,Creatine Monohydrate,2,1499,2026-08-03
Harmony.Beer@gmail.com,Creatine Monohydrate,2,1499,2026-06-15
Harmony.Beer@gmail.com,Creatine Monohydrate,1,1499,2026-05-04
Harmony.Beer@gmail.com,Creatine Monohydrate,2,1499,2026-03-19
Harmony.Beer@gmail.com,Resistance Bands Set,3,799,2026-07-26
Harmony.Beer@gmail.com,Omega-3 Fish Oil,2,999,2026-07-26
Harmony.Beer@gmail.com,Whey Protein Powder,1,2999,2026-07-30
Harmony.Beer@gmail.com,Pre-Workout Formula,1,2499,2026-08-07
Harmony.Beer@gmail.com,Pre-Workout Formula,3,2499,2026-07-31
Harmony.Beer@gmail.com,Omega-3 Fish Oil,3,999,2026-07-04
Harmony.Beer@gmail.com,Yoga Mat Premium,1,1499,2026-06-30
Harmony.Beer@gmail.com,Omega-3 Fish Oil,2,999,2026-06-22
Harmony.Beer@gmail.com,Yoga Mat Premium,3,1499,2026-06-19
Harmony.Beer@gmail.com,Omega-3 Fish Oil,3,999,2026-08-11
Brown43@yahoo.com,Whey Protein Powder,3,2999,2026-07-24
Brown43@yahoo.com,Creatine Monohydrate,1,1499,2026-07-20
Brown43@yahoo.com,Shaker Bottle,1,399,2026-07-28
Brown43@yahoo.com,Shaker Bottle,1,399,2026-07-13
Brown43@yahoo.com,Creatine Monohydrate,2,1499,2026-07-28
Brown43@yahoo.com,Resistance Bands Set,3,799,2026-07-18
Brown43@yahoo.com,Omega-3 Fish Oil,3,999,2026-07-30
Brown43@yahoo.com,Pre-Workout Formula,3,2499,2026-07-24
Brown43@yahoo.com,Shaker Bottle,3,399,2026-07-16
Brown43@yahoo.com,Omega-3 Fish Oil,2,999,2026-07-18
Brown43@yahoo.com,Whey Protein Powder,1,2999,2026-07-27
Brown43@yahoo.com,Shaker Bottle,2,399,2026-07-23
Brown43@yahoo.com,Yoga Mat Premium,2,1499,2026-07-13
Brown43@yahoo.com,Creatine Monohydrate,3,1499,2026-07-19
Brown43@yahoo.com,Whey Protein Powder,2,2999,2026-07-28
Brown43@yahoo.com,Pre-Workout Formula,2,2499,2026-07-29
Brown43@yahoo.com,Creatine Monohydrate,3,1499,2026-08-02
Brown43@yahoo.com,Omega-3 Fish Oil,1,999,2026-07-28
Brown43@yahoo.com,Whey Protein Powder,1,2999,2026-07-22
Brown43@yahoo.com,Pre-Workout Formula,2,2499,2026-07-14
Brown43@yahoo.com,Creatine Monohydrate,3,1499,2026-07-13
Laurence_Schneider36@yahoo.com,Omega-3 Fish Oil,2,999,2026-07-21
Laurence_Schneider36@yahoo.com,Omega-3 Fish Oil,1,999,2026-05-23
Laurence_Schneider36@yahoo.com,Omega-3 Fish Oil,1,999,2026-03-23
Laurence_Schneider36@yahoo.com,Omega-3 Fish Oil,2,999,2026-01-22
Laurence_Schneider36@yahoo.com,Omega-3 Fish Oil,2,999,2025-11-23
Laurence_Schneider36@yahoo.com,Omega-3 Fish Oil,1,999,2025-09-30
Laurence_Schneider36@yahoo.com,Omega-3 Fish Oil,2,999,2025-07-26
Odessa_Morissette69@gmail.com,Whey Protein Powder,1,2999,2026-07-30
Odessa_Morissette69@gmail.com,Omega-3 Fish Oil,1,999,2026-07-25
Odessa_Morissette69@gmail.com,Whey Protein Powder,2,2999,2026-08-07
Odessa_Morissette69@gmail.com,Yoga Mat Premium,2,1499,2026-07-27
Odessa_Morissette69@gmail.com,Whey Protein Powder,3,2999,2026-07-17
Odessa_Morissette69@gmail.com,Omega-3 Fish Oil,1,999,2026-08-02
Odessa_Morissette69@gmail.com,Whey Protein Powder,2,2999,2026-08-10
Odessa_Morissette69@gmail.com,Creatine Monohydrate,2,1499,2026-08-09
Odessa_Morissette69@gmail.com,Creatine Monohydrate,1,1499,2026-07-31
Odessa_Morissette69@gmail.com,Pre-Workout Formula,3,2499,2026-07-17
Odessa_Morissette69@gmail.com,Yoga Mat Premium,1,1499,2026-08-02
Odessa_Morissette69@gmail.com,Omega-3 Fish Oil,1,999,2026-07-26
Odessa_Morissette69@gmail.com,Whey Protein Powder,2,2999,2026-07-16
Odessa_Morissette69@gmail.com,Yoga Mat Premium,1,1499,2026-08-02
Odessa_Morissette69@gmail.com,Resistance Bands Set,3,799,2026-07-19
Odessa_Morissette69@gmail.com,Omega-3 Fish Oil,1,999,2026-07-28
Odessa_Morissette69@gmail.com,Creatine Monohydrate,2,1499,2026-08-02
Odessa_Morissette69@gmail.com,Resistance Bands Set,1,799,2026-07-17
Odessa_Morissette69@gmail.com,Pre-Workout Formula,1,2499,2026-07-31
Odessa_Morissette69@gmail.com,Whey Protein Powder,2,2999,2026-07-22
Odessa_Morissette69@gmail.com,Resistance Bands Set,3,799,2026-08-02
Odessa_Morissette69@gmail.com,Omega-3 Fish Oil,3,999,2026-07-30
Odessa_Morissette69@gmail.com,Creatine Monohydrate,3,1499,2026-08-03
Odessa_Morissette69@gmail.com,Resistance Bands Set,1,799,2026-07-25
Odessa_Morissette69@gmail.com,Omega-3 Fish Oil,1,999,2026-08-08
Odessa_Morissette69@gmail.com,Resistance Bands Set,2,799,2026-07-17
Odessa_Morissette69@gmail.com,Whey Protein Powder,2,2999,2026-08-06
Layla_Kutch@yahoo.com,Yoga Mat Premium,2,1499,2025-07-08
Layla_Kutch@yahoo.com,Pre-Workout Formula,3,2499,2025-11-23
Layla_Kutch@yahoo.com,Whey Protein Powder,2,2999,2026-07-10
Layla_Kutch@yahoo.com,Omega-3 Fish Oil,3,999,2025-10-25
Layla_Kutch@yahoo.com,Whey Protein Powder,2,2999,2026-06-17
Layla_Kutch@yahoo.com,Pre-Workout Formula,1,2499,2025-06-23
Layla_Kutch@yahoo.com,Creatine Monohydrate,1,1499,2025-03-30
Layla_Kutch@yahoo.com,Shaker Bottle,3,399,2025-12-17
Layla_Kutch@yahoo.com,Yoga Mat Premium,2,1499,2025-04-14
Layla_Kutch@yahoo.com,Omega-3 Fish Oil,2,999,2026-01-20
Layla_Kutch@yahoo.com,Yoga Mat Premium,2,1499,2025-04-15
Layla_Kutch@yahoo.com,Whey Protein Powder,3,2999,2026-07-22
Layla_Kutch@yahoo.com,Pre-Workout Formula,3,2499,2026-04-02
Layla_Kutch@yahoo.com,Pre-Workout Formula,1,2499,2026-04-07
Layla_Kutch@yahoo.com,Yoga Mat Premium,1,1499,2026-04-13
Layla_Kutch@yahoo.com,Shaker Bottle,2,399,2025-03-01
Nickolas28@gmail.com,Creatine Monohydrate,1,1499,2026-08-01
Nickolas28@gmail.com,Creatine Monohydrate,2,1499,2026-06-19
Nickolas28@gmail.com,Creatine Monohydrate,2,1499,2026-05-04
Nickolas28@gmail.com,Creatine Monohydrate,2,1499,2026-03-18
Nickolas28@gmail.com,Creatine Monohydrate,1,1499,2026-02-02
Nickolas28@gmail.com,Creatine Monohydrate,1,1499,2025-12-18
Nickolas28@gmail.com,Omega-3 Fish Oil,1,999,2025-09-06
Loy99@hotmail.com,Yoga Mat Premium,1,1499,2025-04-07
Loy99@hotmail.com,Yoga Mat Premium,2,1499,2025-04-30
Loy99@hotmail.com,Omega-3 Fish Oil,3,999,2024-12-20
Loy99@hotmail.com,Whey Protein Powder,2,2999,2025-09-20
Loy99@hotmail.com,Yoga Mat Premium,3,1499,2025-11-19
Loy99@hotmail.com,Yoga Mat Premium,1,1499,2025-02-05
Loy99@hotmail.com,Shaker Bottle,1,399,2025-05-01
Shad.Tillman23@hotmail.com,Resistance Bands Set,3,799,2026-05-14
Shad.Tillman23@hotmail.com,Shaker Bottle,2,399,2026-01-08
Shad.Tillman23@hotmail.com,Creatine Monohydrate,1,1499,2025-10-15
Shad.Tillman23@hotmail.com,Omega-3 Fish Oil,2,999,2026-03-02
Shad.Tillman23@hotmail.com,Yoga Mat Premium,2,1499,2025-10-26
Shad.Tillman23@hotmail.com,Whey Protein Powder,3,2999,2025-10-24
Shad.Tillman23@hotmail.com,Omega-3 Fish Oil,1,999,2026-01-31
Shad.Tillman23@hotmail.com,Resistance Bands Set,3,799,2026-07-12
Shad.Tillman23@hotmail.com,Resistance Bands Set,3,799,2025-11-28
Shad.Tillman23@hotmail.com,Omega-3 Fish Oil,3,999,2026-07-21
Shad.Tillman23@hotmail.com,Pre-Workout Formula,2,2499,2026-07-10
Priscilla55@yahoo.com,Pre-Workout Formula,2,2499,2026-07-25
Priscilla55@yahoo.com,Pre-Workout Formula,1,2499,2026-06-22
Priscilla55@yahoo.com,Pre-Workout Formula,2,2499,2026-05-28
Priscilla55@yahoo.com,Pre-Workout Formula,2,2499,2026-04-25
Priscilla55@yahoo.com,Pre-Workout Formula,1,2499,2026-03-27
Priscilla55@yahoo.com,Pre-Workout Formula,1,2499,2026-02-23
Priscilla55@yahoo.com,Yoga Mat Premium,2,1499,2026-03-03
Priscilla55@yahoo.com,Omega-3 Fish Oil,2,999,2026-05-13
Priscilla55@yahoo.com,Resistance Bands Set,1,799,2026-05-01
Priscilla55@yahoo.com,Whey Protein Powder,1,2999,2026-06-17
Priscilla55@yahoo.com,Resistance Bands Set,3,799,2026-04-08
Priscilla55@yahoo.com,Whey Protein Powder,1,2999,2026-05-04
Priscilla55@yahoo.com,Resistance Bands Set,3,799,2026-05-05
Priscilla55@yahoo.com,Whey Protein Powder,2,2999,2026-05-26
Priscilla55@yahoo.com,Yoga Mat Premium,1,1499,2026-04-25
Priscilla55@yahoo.com,Resistance Bands Set,1,799,2026-04-14
Elody.Fay@gmail.com,Whey Protein Powder,1,2999,2025-12-25
Elody.Fay@gmail.com,Yoga Mat Premium,1,1499,2025-12-02
Elody.Fay@gmail.com,Creatine Monohydrate,2,1499,2026-05-11
Elody.Fay@gmail.com,Whey Protein Powder,3,2999,2025-09-22
Elody.Fay@gmail.com,Creatine Monohydrate,2,1499,2026-06-30
Elody.Fay@gmail.com,Omega-3 Fish Oil,2,999,2025-09-29
Elody.Fay@gmail.com,Omega-3 Fish Oil,3,999,2026-04-26
Elody.Fay@gmail.com,Omega-3 Fish Oil,2,999,2025-06-29
Elody.Fay@gmail.com,Pre-Workout Formula,2,2499,2026-02-04
Elody.Fay@gmail.com,Whey Protein Powder,1,2999,2026-03-22
Elody.Fay@gmail.com,Whey Protein Powder,3,2999,2026-04-04
Elody.Fay@gmail.com,Yoga Mat Premium,3,1499,2025-05-08
Elody.Fay@gmail.com,Shaker Bottle,1,399,2025-03-05
Elody.Fay@gmail.com,Pre-Workout Formula,3,2499,2026-01-10
Elody.Fay@gmail.com,Omega-3 Fish Oil,3,999,2025-03-02
Willie_Sipes46@gmail.com,Whey Protein Powder,1,2999,2025-09-02
Willie_Sipes46@gmail.com,Pre-Workout Formula,2,2499,2025-07-19
Willie_Sipes46@gmail.com,Creatine Monohydrate,3,1499,2025-06-12
Willie_Sipes46@gmail.com,Yoga Mat Premium,2,1499,2025-07-15
Willie_Sipes46@gmail.com,Yoga Mat Premium,3,1499,2025-05-07
Willie_Sipes46@gmail.com,Creatine Monohydrate,1,1499,2025-09-01
Willie_Sipes46@gmail.com,Yoga Mat Premium,2,1499,2025-05-13
Willie_Sipes46@gmail.com,Omega-3 Fish Oil,3,999,2025-06-20
Willie_Sipes46@gmail.com,Omega-3 Fish Oil,1,999,2025-09-30
Willie_Sipes46@gmail.com,Omega-3 Fish Oil,1,999,2025-07-08
Willie_Sipes46@gmail.com,Pre-Workout Formula,3,2499,2025-11-10
Willie_Sipes46@gmail.com,Pre-Workout Formula,1,2499,2025-10-12
Willie_Sipes46@gmail.com,Yoga Mat Premium,2,1499,2025-09-20
Willie_Sipes46@gmail.com,Pre-Workout Formula,3,2499,2025-04-27
Willie_Sipes46@gmail.com,Yoga Mat Premium,2,1499,2025-09-28
Willie_Sipes46@gmail.com,Whey Protein Powder,3,2999,2025-07-11
Willie_Sipes46@gmail.com,Shaker Bottle,1,399,2026-02-14
Ronald_Von@yahoo.com,Pre-Workout Formula,1,2499,2026-08-04
Ronald_Von@yahoo.com,Creatine Monohydrate,2,1499,2026-07-10
Ronald_Von@yahoo.com,Resistance Bands Set,2,799,2026-08-14
Ronald_Von@yahoo.com,Shaker Bottle,2,399,2026-08-02
Ronald_Von@yahoo.com,Pre-Workout Formula,3,2499,2026-07-30
Ronald_Von@yahoo.com,Creatine Monohydrate,2,1499,2026-05-06
Ronald_Von@yahoo.com,Whey Protein Powder,1,2999,2026-07-27
Ronald_Von@yahoo.com,Creatine Monohydrate,3,1499,2026-05-27
Ronald_Von@yahoo.com,Whey Protein Powder,1,2999,2026-07-20
Ronald_Von@yahoo.com,Pre-Workout Formula,1,2499,2026-05-25
Ronald_Von@yahoo.com,Resistance Bands Set,2,799,2026-05-27
Ronald_Von@yahoo.com,Creatine Monohydrate,1,1499,2026-07-10
Ronald_Von@yahoo.com,Resistance Bands Set,3,799,2026-08-17
Ronald_Von@yahoo.com,Omega-3 Fish Oil,2,999,2026-05-08
Ronald_Von@yahoo.com,Creatine Monohydrate,2,1499,2026-06-06
Ronald_Von@yahoo.com,Yoga Mat Premium,2,1499,2026-07-13
Ronald_Von@yahoo.com,Yoga Mat Premium,3,1499,2026-06-03
Ronald_Von@yahoo.com,Creatine Monohydrate,1,1499,2026-08-01
Ronald_Von@yahoo.com,Shaker Bottle,2,399,2026-08-01
Ronald_Von@yahoo.com,Creatine Monohydrate,3,1499,2026-07-30
Ronald_Von@yahoo.com,Resistance Bands Set,2,799,2026-06-02
Ronald_Von@yahoo.com,Yoga Mat Premium,1,1499,2026-07-13
Ronald_Von@yahoo.com,Pre-Workout Formula,3,2499,2026-05-27
Edgardo47@gmail.com,Pre-Workout Formula,2,2499,2026-01-19
Edgardo47@gmail.com,Shaker Bottle,3,399,2026-01-29
Edgardo47@gmail.com,Whey Protein Powder,1,2999,2025-11-03
Edgardo47@gmail.com,Shaker Bottle,2,399,2026-05-18
Edgardo47@gmail.com,Omega-3 Fish Oil,1,999,2026-06-28
Edgardo47@gmail.com,Shaker Bottle,2,399,2026-01-24
Edgardo47@gmail.com,Yoga Mat Premium,2,1499,2026-02-17
Edgardo47@gmail.com,Pre-Workout Formula,1,2499,2025-12-24
Edgardo47@gmail.com,Resistance Bands Set,1,799,2025-06-17
Edgardo47@gmail.com,Omega-3 Fish Oil,2,999,2025-09-22
Edgardo47@gmail.com,Shaker Bottle,3,399,2025-06-27
Edgardo47@gmail.com,Whey Protein Powder,2,2999,2026-06-23
Edgardo47@gmail.com,Creatine Monohydrate,2,1499,2025-07-05
Edgardo47@gmail.com,Whey Protein Powder,3,2999,2025-12-29
Edgardo47@gmail.com,Omega-3 Fish Oil,1,999,2025-06-29
Edgardo47@gmail.com,Creatine Monohydrate,3,1499,2025-10-19
Edgardo47@gmail.com,Yoga Mat Premium,3,1499,2026-04-10
Edgardo47@gmail.com,Yoga Mat Premium,3,1499,2026-07-05
Edgardo47@gmail.com,Pre-Workout Formula,1,2499,2025-09-29
Edgardo47@gmail.com,Whey Protein Powder,3,2999,2025-08-07
Edgardo47@gmail.com,Yoga Mat Premium,2,1499,2025-12-13
Edgardo47@gmail.com,Resistance Bands Set,3,799,2025-12-11
Delphia57@hotmail.com,Whey Protein Powder,2,2999,2026-05-11
Delphia57@hotmail.com,Resistance Bands Set,2,799,2025-11-25
Delphia57@hotmail.com,Shaker Bottle,1,399,2026-02-05
Delphia57@hotmail.com,Yoga Mat Premium,2,1499,2025-11-14
Delphia57@hotmail.com,Omega-3 Fish Oil,1,999,2025-08-31
Delphia57@hotmail.com,Omega-3 Fish Oil,1,999,2025-09-26
Delphia57@hotmail.com,Whey Protein Powder,1,2999,2025-12-11
Delphia57@hotmail.com,Resistance Bands Set,1,799,2026-03-27
Delphia57@hotmail.com,Creatine Monohydrate,1,1499,2026-05-05
Delphia57@hotmail.com,Creatine Monohydrate,3,1499,2026-01-10
Delphia57@hotmail.com,Whey Protein Powder,3,2999,2025-05-03
Delphia57@hotmail.com,Pre-Workout Formula,1,2499,2026-07-15
Delphia57@hotmail.com,Creatine Monohydrate,1,1499,2025-07-18
Delphia57@hotmail.com,Yoga Mat Premium,1,1499,2025-06-24
Delphia57@hotmail.com,Whey Protein Powder,3,2999,2025-05-06
Delphia57@hotmail.com,Pre-Workout Formula,1,2499,2025-11-03
Delphia57@hotmail.com,Pre-Workout Formula,1,2499,2025-10-24
Delphia57@hotmail.com,Shaker Bottle,2,399,2026-05-28
Delphia57@hotmail.com,Whey Protein Powder,3,2999,2025-12-10
Delphia57@hotmail.com,Creatine Monohydrate,1,1499,2026-01-09
Delphia57@hotmail.com,Resistance Bands Set,3,799,2025-09-02
Delphia57@hotmail.com,Whey Protein Powder,1,2999,2026-03-24
Delphia57@hotmail.com,Resistance Bands Set,1,799,2026-04-18
Delphia57@hotmail.com,Omega-3 Fish Oil,1,999,2025-08-17
Delphia57@hotmail.com,Whey Protein Powder,3,2999,2026-04-08
Delphia57@hotmail.com,Yoga Mat Premium,3,1499,2026-06-07
Delphia57@hotmail.com,Resistance Bands Set,2,799,2026-03-03
Delphia57@hotmail.com,Pre-Workout Formula,2,2499,2025-05-21
Rachelle_Crona@yahoo.com,Whey Protein Powder,1,2999,2026-07-28
Rachelle_Crona@yahoo.com,Whey Protein Powder,2,2999,2026-06-30
Rachelle_Crona@yahoo.com,Whey Protein Powder,1,2999,2026-05-30
Rachelle_Crona@yahoo.com,Whey Protein Powder,2,2999,2026-05-02
Rachelle_Crona@yahoo.com,Whey Protein Powder,1,2999,2026-03-30
Rachelle_Crona@yahoo.com,Whey Protein Powder,2,2999,2026-03-01
Rachelle_Crona@yahoo.com,Whey Protein Powder,2,2999,2026-01-29
Rachelle_Crona@yahoo.com,Whey Protein Powder,2,2999,2026-01-04
Rachelle_Crona@yahoo.com,Creatine Monohydrate,2,1499,2026-06-12
Rachelle_Crona@yahoo.com,Yoga Mat Premium,3,1499,2026-07-20
Rachelle_Crona@yahoo.com,Shaker Bottle,1,399,2026-07-27
Rachelle_Crona@yahoo.com,Resistance Bands Set,3,799,2026-07-04
Rachelle_Crona@yahoo.com,Shaker Bottle,1,399,2026-08-02
Rachelle_Crona@yahoo.com,Omega-3 Fish Oil,2,999,2026-06-19
Diamond.Hilpert@yahoo.com,Creatine Monohydrate,3,1499,2026-06-05
Diamond.Hilpert@yahoo.com,Omega-3 Fish Oil,2,999,2026-06-11
Diamond.Hilpert@yahoo.com,Yoga Mat Premium,1,1499,2026-06-12
Diamond.Hilpert@yahoo.com,Whey Protein Powder,2,2999,2026-06-07
Diamond.Hilpert@yahoo.com,Creatine Monohydrate,2,1499,2026-06-30
Diamond.Hilpert@yahoo.com,Whey Protein Powder,1,2999,2026-05-29
Diamond.Hilpert@yahoo.com,Resistance Bands Set,3,799,2026-06-08
Diamond.Hilpert@yahoo.com,Pre-Workout Formula,3,2499,2026-06-02
Diamond.Hilpert@yahoo.com,Omega-3 Fish Oil,1,999,2026-07-22
Diamond.Hilpert@yahoo.com,Shaker Bottle,1,399,2026-05-31
Diamond.Hilpert@yahoo.com,Pre-Workout Formula,3,2499,2026-05-20
Diamond.Hilpert@yahoo.com,Pre-Workout Formula,1,2499,2026-06-22
Diamond.Hilpert@yahoo.com,Omega-3 Fish Oil,1,999,2026-07-01
Diamond.Hilpert@yahoo.com,Pre-Workout Formula,2,2499,2026-07-22
Diamond.Hilpert@yahoo.com,Resistance Bands Set,2,799,2026-06-03
Diamond.Hilpert@yahoo.com,Whey Protein Powder,3,2999,2026-05-19
Diamond.Hilpert@yahoo.com,Creatine Monohydrate,2,1499,2026-07-05
Diamond.Hilpert@yahoo.com,Omega-3 Fish Oil,2,999,2026-04-28
Diamond.Hilpert@yahoo.com,Pre-Workout Formula,3,2499,2026-04-29
Diamond.Hilpert@yahoo.com,Creatine Monohydrate,3,1499,2026-05-20
Diamond.Hilpert@yahoo.com,Yoga Mat Premium,2,1499,2026-05-18
Diamond.Hilpert@yahoo.com,Shaker Bottle,3,399,2026-05-12
Diamond.Hilpert@yahoo.com,Whey Protein Powder,1,2999,2026-05-10
Diamond.Hilpert@yahoo.com,Shaker Bottle,2,399,2026-07-23
Diamond.Hilpert@yahoo.com,Whey Protein Powder,1,2999,2026-06-23
Diamond.Hilpert@yahoo.com,Creatine Monohydrate,1,1499,2026-07-04
Diamond.Hilpert@yahoo.com,Pre-Workout Formula,1,2499,2026-07-16
Diamond.Hilpert@yahoo.com,Whey Protein Powder,1,2999,2026-07-01
Diamond.Hilpert@yahoo.com,Yoga Mat Premium,1,1499,2026-04-25
Diamond.Hilpert@yahoo.com,Pre-Workout Formula,2,2499,2026-05-23
Diamond.Hilpert@yahoo.com,Whey Protein Powder,3,2999,2026-04-25
Diamond.Hilpert@yahoo.com,Yoga Mat Premium,3,1499,2026-05-07
Diamond.Hilpert@yahoo.com,Omega-3 Fish Oil,3,999,2026-05-13
Diamond.Hilpert@yahoo.com,Resistance Bands Set,2,799,2026-07-04
Diamond.Hilpert@yahoo.com,Pre-Workout Formula,1,2499,2026-07-09
Diamond.Hilpert@yahoo.com,Shaker Bottle,2,399,2026-05-21
Diamond.Hilpert@yahoo.com,Whey Protein Powder,2,2999,2026-07-04
Diamond.Hilpert@yahoo.com,Pre-Workout Formula,3,2499,2026-06-28
Diamond.Hilpert@yahoo.com,Pre-Workout Formula,3,2499,2026-06-10
Diamond.Hilpert@yahoo.com,Whey Protein Powder,3,2999,2026-05-27
Diamond.Hilpert@yahoo.com,Yoga Mat Premium,1,1499,2026-06-27
Diamond.Hilpert@yahoo.com,Creatine Monohydrate,3,1499,2026-07-12
Diamond.Hilpert@yahoo.com,Shaker Bottle,3,399,2026-05-12
Diamond.Hilpert@yahoo.com,Pre-Workout Formula,2,2499,2026-07-13
Diamond.Hilpert@yahoo.com,Yoga Mat Premium,3,1499,2026-07-11
Diamond.Hilpert@yahoo.com,Whey Protein Powder,3,2999,2026-05-24
Diamond.Hilpert@yahoo.com,Shaker Bottle,2,399,2026-06-13
Diamond.Hilpert@yahoo.com,Yoga Mat Premium,3,1499,2026-06-27
Diamond.Hilpert@yahoo.com,Shaker Bottle,1,399,2026-04-27
Diamond.Hilpert@yahoo.com,Resistance Bands Set,1,799,2026-05-11
Diamond.Hilpert@yahoo.com,Yoga Mat Premium,2,1499,2026-07-09
Diamond.Hilpert@yahoo.com,Omega-3 Fish Oil,3,999,2026-06-05
Diamond.Hilpert@yahoo.com,Yoga Mat Premium,1,1499,2026-05-31
Diamond.Hilpert@yahoo.com,Whey Protein Powder,1,2999,2026-06-25
Diamond.Hilpert@yahoo.com,Shaker Bottle,2,399,2026-04-28
Diamond.Hilpert@yahoo.com,Yoga Mat Premium,2,1499,2026-06-29
Diamond.Hilpert@yahoo.com,Omega-3 Fish Oil,2,999,2026-06-02
Diamond.Hilpert@yahoo.com,Whey Protein Powder,1,2999,2026-05-12
Diamond.Hilpert@yahoo.com,Shaker Bottle,1,399,2026-07-16
Diamond.Hilpert@yahoo.com,Whey Protein Powder,1,2999,2026-06-09
Diamond.Hilpert@yahoo.com,Yoga Mat Premium,1,1499,2026-06-18
Diamond.Hilpert@yahoo.com,Resistance Bands Set,3,799,2026-05-20
Diamond.Hilpert@yahoo.com,Shaker Bottle,2,399,2026-05-10
Diamond.Hilpert@yahoo.com,Resistance Bands Set,3,799,2026-05-15
Diamond.Hilpert@yahoo.com,Omega-3 Fish Oil,2,999,2026-07-16
Diamond.Hilpert@yahoo.com,Resistance Bands Set,1,799,2026-07-07
Diamond.Hilpert@yahoo.com,Yoga Mat Premium,3,1499,2026-06-28
Diamond.Hilpert@yahoo.com,Shaker Bottle,1,399,2026-07-07
Diamond.Hilpert@yahoo.com,Pre-Workout Formula,2,2499,2026-06-08
Diamond.Hilpert@yahoo.com,Omega-3 Fish Oil,1,999,2026-07-03
Diamond.Hilpert@yahoo.com,Yoga Mat Premium,2,1499,2026-04-24
Diamond.Hilpert@yahoo.com,Pre-Workout Formula,1,2499,2026-06-10
Diamond.Hilpert@yahoo.com,Whey Protein Powder,2,2999,2026-05-12
Diamond.Hilpert@yahoo.com,Shaker Bottle,1,399,2026-06-08
Diamond.Hilpert@yahoo.com,Creatine Monohydrate,1,1499,2026-05-15
Diamond.Hilpert@yahoo.com,Whey Protein Powder,1,2999,2026-04-25
Diamond.Hilpert@yahoo.com,Whey Protein Powder,1,2999,2026-04-23
Diamond.Hilpert@yahoo.com,Yoga Mat Premium,2,1499,2026-06-05
Diamond.Hilpert@yahoo.com,Pre-Workout Formula,3,2499,2026-05-10
Diamond.Hilpert@yahoo.com,Shaker Bottle,3,399,2026-05-21
Diamond.Hilpert@yahoo.com,Yoga Mat Premium,2,1499,2026-04-27
Diamond.Hilpert@yahoo.com,Whey Protein Powder,2,2999,2026-05-11
Diamond.Hilpert@yahoo.com,Creatine Monohydrate,3,1499,2026-07-16
Diamond.Hilpert@yahoo.com,Pre-Workout Formula,1,2499,2026-07-07
Diamond.Hilpert@yahoo.com,Creatine Monohydrate,2,1499,2026-05-30
Diamond.Hilpert@yahoo.com,Shaker Bottle,3,399,2026-06-28
Diamond.Hilpert@yahoo.com,Omega-3 Fish Oil,3,999,2026-05-01
Diamond.Hilpert@yahoo.com,Creatine Monohydrate,1,1499,2026-07-25
Diamond.Hilpert@yahoo.com,Omega-3 Fish Oil,1,999,2026-06-21
Diamond.Hilpert@yahoo.com,Whey Protein Powder,3,2999,2026-06-26
Winston_Larkin@hotmail.com,Whey Protein Powder,3,2999,2026-03-12
Winston_Larkin@hotmail.com,Whey Protein Powder,3,2999,2025-05-11
Winston_Larkin@hotmail.com,Yoga Mat Premium,1,1499,2025-10-27
Winston_Larkin@hotmail.com,Shaker Bottle,3,399,2025-11-16
Winston_Larkin@hotmail.com,Resistance Bands Set,3,799,2025-08-03
Winston_Larkin@hotmail.com,Creatine Monohydrate,1,1499,2025-08-12
Winston_Larkin@hotmail.com,Yoga Mat Premium,1,1499,2025-09-13
Winston_Larkin@hotmail.com,Shaker Bottle,2,399,2025-12-03
Winston_Larkin@hotmail.com,Yoga Mat Premium,2,1499,2025-05-30
Winston_Larkin@hotmail.com,Resistance Bands Set,2,799,2026-03-08
Winston_Larkin@hotmail.com,Shaker Bottle,1,399,2025-05-14
Winston_Larkin@hotmail.com,Pre-Workout Formula,1,2499,2025-07-08
Dortha_Sipes@yahoo.com,Whey Protein Powder,1,2999,2026-04-12
Dortha_Sipes@yahoo.com,Shaker Bottle,1,399,2026-06-19
Dortha_Sipes@yahoo.com,Omega-3 Fish Oil,3,999,2026-02-07
Dortha_Sipes@yahoo.com,Omega-3 Fish Oil,1,999,2025-12-12
Dortha_Sipes@yahoo.com,Shaker Bottle,2,399,2026-02-01
Dortha_Sipes@yahoo.com,Pre-Workout Formula,2,2499,2025-12-17
Dortha_Sipes@yahoo.com,Yoga Mat Premium,1,1499,2025-10-22
Dortha_Sipes@yahoo.com,Shaker Bottle,3,399,2026-03-01
Dortha_Sipes@yahoo.com,Pre-Workout Formula,2,2499,2025-05-19
Dortha_Sipes@yahoo.com,Resistance Bands Set,2,799,2025-09-30
Dortha_Sipes@yahoo.com,Yoga Mat Premium,1,1499,2025-08-14
Dortha_Sipes@yahoo.com,Pre-Workout Formula,2,2499,2026-07-15
Dortha_Sipes@yahoo.com,Shaker Bottle,1,399,2026-01-23
Dortha_Sipes@yahoo.com,Resistance Bands Set,3,799,2025-09-20
Dortha_Sipes@yahoo.com,Creatine Monohydrate,3,1499,2025-08-12
Dortha_Sipes@yahoo.com,Shaker Bottle,3,399,2026-04-03
Dortha_Sipes@yahoo.com,Whey Protein Powder,3,2999,2025-08-21
Dortha_Sipes@yahoo.com,Yoga Mat Premium,2,1499,2025-11-20
Dortha_Sipes@yahoo.com,Shaker Bottle,3,399,2026-07-30
Dortha_Sipes@yahoo.com,Creatine Monohydrate,3,1499,2026-06-11
Dortha_Sipes@yahoo.com,Yoga Mat Premium,2,1499,2026-04-27
Dortha_Sipes@yahoo.com,Creatine Monohydrate,3,1499,2025-11-16
Dortha_Sipes@yahoo.com,Omega-3 Fish Oil,1,999,2025-05-20
Dortha_Sipes@yahoo.com,Yoga Mat Premium,3,1499,2026-01-11
Dortha_Sipes@yahoo.com,Resistance Bands Set,1,799,2025-12-23
Dortha_Sipes@yahoo.com,Shaker Bottle,2,399,2025-09-04
Dortha_Sipes@yahoo.com,Whey Protein Powder,2,2999,2025-05-21
Dortha_Sipes@yahoo.com,Creatine Monohydrate,2,1499,2025-12-04
Dortha_Sipes@yahoo.com,Resistance Bands Set,3,799,2026-07-22
Dortha_Sipes@yahoo.com,Whey Protein Powder,2,2999,2025-11-08
Dortha_Sipes@yahoo.com,Shaker Bottle,3,399,2026-02-19
Dortha_Sipes@yahoo.com,Resistance Bands Set,1,799,2025-07-13
Dortha_Sipes@yahoo.com,Creatine Monohydrate,3,1499,2026-01-28
Dortha_Sipes@yahoo.com,Pre-Workout Formula,1,2499,2026-08-01
Noemi64@hotmail.com,Shaker Bottle,1,399,2026-06-20
Noemi64@hotmail.com,Creatine Monohydrate,1,1499,2026-04-08
Noemi64@hotmail.com,Pre-Workout Formula,2,2499,2025-08-27
Noemi64@hotmail.com,Omega-3 Fish Oil,3,999,2025-08-03
Noemi64@hotmail.com,Resistance Bands Set,3,799,2026-07-23
Noemi64@hotmail.com,Yoga Mat Premium,3,1499,2025-10-13
Noemi64@hotmail.com,Yoga Mat Premium,1,1499,2026-02-23
Noemi64@hotmail.com,Creatine Monohydrate,3,1499,2026-04-11
Noemi64@hotmail.com,Yoga Mat Premium,1,1499,2026-03-27
Noemi64@hotmail.com,Shaker Bottle,1,399,2026-06-18
Noemi64@hotmail.com,Whey Protein Powder,2,2999,2026-01-12
Noemi64@hotmail.com,Yoga Mat Premium,1,1499,2026-06-03
Lois.Kunze85@hotmail.com,Creatine Monohydrate,1,1499,2025-07-08
Lois.Kunze85@hotmail.com,Resistance Bands Set,2,799,2025-09-30
Lois.Kunze85@hotmail.com,Whey Protein Powder,3,2999,2025-08-22
Lois.Kunze85@hotmail.com,Whey Protein Powder,1,2999,2025-12-18
Lois.Kunze85@hotmail.com,Omega-3 Fish Oil,3,999,2025-12-10
Lois.Kunze85@hotmail.com,Pre-Workout Formula,1,2499,2026-07-28
Lois.Kunze85@hotmail.com,Shaker Bottle,3,399,2026-01-24
Lois.Kunze85@hotmail.com,Omega-3 Fish Oil,2,999,2026-04-14
Lois.Kunze85@hotmail.com,Omega-3 Fish Oil,3,999,2026-07-15
Lois.Kunze85@hotmail.com,Whey Protein Powder,2,2999,2026-04-21
Lois.Kunze85@hotmail.com,Creatine Monohydrate,1,1499,2026-06-21
Lois.Kunze85@hotmail.com,Omega-3 Fish Oil,2,999,2025-05-14
Lois.Kunze85@hotmail.com,Yoga Mat Premium,2,1499,2026-03-12
Lois.Kunze85@hotmail.com,Resistance Bands Set,1,799,2025-09-25
Lois.Kunze85@hotmail.com,Creatine Monohydrate,2,1499,2026-04-02
Lois.Kunze85@hotmail.com,Pre-Workout Formula,3,2499,2026-05-21
Lois.Kunze85@hotmail.com,Shaker Bottle,1,399,2026-01-30
Lois.Kunze85@hotmail.com,Creatine Monohydrate,2,1499,2026-02-15
Lois.Kunze85@hotmail.com,Whey Protein Powder,2,2999,2025-10-20
Lois.Kunze85@hotmail.com,Shaker Bottle,3,399,2026-05-30
Lois.Kunze85@hotmail.com,Whey Protein Powder,3,2999,2026-02-10
Lois.Kunze85@hotmail.com,Yoga Mat Premium,2,1499,2026-05-16
Lois.Kunze85@hotmail.com,Resistance Bands Set,3,799,2025-11-23
Lois.Kunze85@hotmail.com,Omega-3 Fish Oil,2,999,2025-07-18
Lois.Kunze85@hotmail.com,Shaker Bottle,2,399,2026-03-12
Lois.Kunze85@hotmail.com,Omega-3 Fish Oil,3,999,2025-12-17
Lois.Kunze85@hotmail.com,Creatine Monohydrate,3,1499,2026-04-21
Lois.Kunze85@hotmail.com,Creatine Monohydrate,1,1499,2026-06-24
Lois.Kunze85@hotmail.com,Resistance Bands Set,3,799,2025-12-15
Lois.Kunze85@hotmail.com,Shaker Bottle,2,399,2025-09-11
Lois.Kunze85@hotmail.com,Resistance Bands Set,3,799,2025-06-16
Lois.Kunze85@hotmail.com,Creatine Monohydrate,1,1499,2025-10-03
Lois.Kunze85@hotmail.com,Yoga Mat Premium,2,1499,2025-06-23
Lois.Kunze85@hotmail.com,Omega-3 Fish Oil,2,999,2026-07-03
Lois.Kunze85@hotmail.com,Pre-Workout Formula,2,2499,2025-05-05
Lois.Kunze85@hotmail.com,Whey Protein Powder,2,2999,2026-06-02
Lois.Kunze85@hotmail.com,Pre-Workout Formula,3,2499,2026-06-02
Lois.Kunze85@hotmail.com,Omega-3 Fish Oil,2,999,2026-03-05
Lois.Kunze85@hotmail.com,Yoga Mat Premium,3,1499,2025-05-02
Lois.Kunze85@hotmail.com,Pre-Workout Formula,2,2499,2026-02-21
Lois.Kunze85@hotmail.com,Yoga Mat Premium,2,1499,2026-02-23
Lois.Kunze85@hotmail.com,Omega-3 Fish Oil,3,999,2025-06-30
Lois.Kunze85@hotmail.com,Whey Protein Powder,3,2999,2026-05-27
Lois.Kunze85@hotmail.com,Creatine Monohydrate,2,1499,2025-10-16
Lois.Kunze85@hotmail.com,Whey Protein Powder,3,2999,2026-07-18
Lois.Kunze85@hotmail.com,Pre-Workout Formula,3,2499,2026-04-01
Thea57@gmail.com,Shaker Bottle,3,399,2025-06-03
Thea57@gmail.com,Resistance Bands Set,1,799,2025-08-10
Thea57@gmail.com,Pre-Workout Formula,1,2499,2025-03-26
Thea57@gmail.com,Omega-3 Fish Oil,1,999,2025-12-07
Thea57@gmail.com,Resistance Bands Set,1,799,2024-12-10
Thea57@gmail.com,Omega-3 Fish Oil,3,999,2025-09-09
Thea57@gmail.com,Pre-Workout Formula,1,2499,2025-05-13
Thea57@gmail.com,Creatine Monohydrate,3,1499,2026-05-29
Thea57@gmail.com,Creatine Monohydrate,2,1499,2026-03-24
Thea57@gmail.com,Shaker Bottle,2,399,2025-11-12
Thea57@gmail.com,Omega-3 Fish Oil,3,999,2025-04-02
Thea57@gmail.com,Shaker Bottle,3,399,2026-07-19
Thea57@gmail.com,Creatine Monohydrate,3,1499,2026-03-08
Thea57@gmail.com,Omega-3 Fish Oil,1,999,2026-05-19
Thea57@gmail.com,Shaker Bottle,1,399,2025-07-09
Thea57@gmail.com,Omega-3 Fish Oil,3,999,2025-06-02
Thea57@gmail.com,Whey Protein Powder,2,2999,2025-06-29
Thea57@gmail.com,Pre-Workout Formula,2,2499,2025-09-06
Thea57@gmail.com,Resistance Bands Set,3,799,2025-03-06
Thea57@gmail.com,Creatine Monohydrate,1,1499,2026-07-05
Thea57@gmail.com,Shaker Bottle,1,399,2026-04-22
Thea57@gmail.com,Omega-3 Fish Oil,3,999,2026-03-02
Thea57@gmail.com,Omega-3 Fish Oil,1,999,2025-05-10
Thea57@gmail.com,Omega-3 Fish Oil,3,999,2025-09-03
Thea57@gmail.com,Yoga Mat Premium,1,1499,2025-10-20
Thea57@gmail.com,Whey Protein Powder,1,2999,2025-09-07
Thea57@gmail.com,Omega-3 Fish Oil,3,999,2026-06-28
Thea57@gmail.com,Yoga Mat Premium,1,1499,2025-07-07
Thea57@gmail.com,Shaker Bottle,3,399,2025-08-10
Thea57@gmail.com,Omega-3 Fish Oil,1,999,2025-08-06
Thea57@gmail.com,Whey Protein Powder,2,2999,2025-05-09
Thea57@gmail.com,Yoga Mat Premium,1,1499,2025-02-11
Thea57@gmail.com,Shaker Bottle,2,399,2025-02-03
Thea57@gmail.com,Whey Protein Powder,2,2999,2026-04-29
Thea57@gmail.com,Creatine Monohydrate,1,1499,2025-06-06
Thea57@gmail.com,Resistance Bands Set,3,799,2025-04-17
Thea57@gmail.com,Omega-3 Fish Oil,3,999,2024-12-09
Gail.Collier@hotmail.com,Resistance Bands Set,1,799,2026-03-08
Gail.Collier@hotmail.com,Creatine Monohydrate,2,1499,2025-12-09
Gail.Collier@hotmail.com,Yoga Mat Premium,1,1499,2025-11-17
Gail.Collier@hotmail.com,Creatine Monohydrate,3,1499,2025-12-03
Gail.Collier@hotmail.com,Shaker Bottle,3,399,2026-05-26
Gail.Collier@hotmail.com,Yoga Mat Premium,1,1499,2026-03-14
Gail.Collier@hotmail.com,Whey Protein Powder,2,2999,2026-05-26
Gail.Collier@hotmail.com,Pre-Workout Formula,2,2499,2026-01-05
Gail.Collier@hotmail.com,Shaker Bottle,3,399,2026-06-21
Gail.Collier@hotmail.com,Yoga Mat Premium,2,1499,2026-03-15
Gail.Collier@hotmail.com,Omega-3 Fish Oil,2,999,2026-01-25
Gail.Collier@hotmail.com,Shaker Bottle,1,399,2025-11-05
Gail.Collier@hotmail.com,Omega-3 Fish Oil,3,999,2026-06-25
Gail.Collier@hotmail.com,Whey Protein Powder,2,2999,2026-06-08
Gail.Collier@hotmail.com,Whey Protein Powder,3,2999,2026-06-12
Gail.Collier@hotmail.com,Resistance Bands Set,2,799,2026-01-01
Gail.Collier@hotmail.com,Creatine Monohydrate,2,1499,2026-03-19
Gail.Collier@hotmail.com,Creatine Monohydrate,3,1499,2026-06-13
Gail.Collier@hotmail.com,Pre-Workout Formula,2,2499,2025-10-24
Gail.Collier@hotmail.com,Pre-Workout Formula,3,2499,2025-11-20
Gail.Collier@hotmail.com,Whey Protein Powder,1,2999,2026-02-15
Gail.Collier@hotmail.com,Omega-3 Fish Oil,3,999,2026-05-07
Gail.Collier@hotmail.com,Shaker Bottle,3,399,2026-03-05
Gail.Collier@hotmail.com,Omega-3 Fish Oil,1,999,2026-07-22
Gail.Collier@hotmail.com,Resistance Bands Set,3,799,2026-01-17
Gail.Collier@hotmail.com,Omega-3 Fish Oil,3,999,2025-12-04
Gail.Collier@hotmail.com,Creatine Monohydrate,2,1499,2026-06-20
Gail.Collier@hotmail.com,Whey Protein Powder,2,2999,2026-02-09
Gail.Collier@hotmail.com,Pre-Workout Formula,3,2499,2026-06-14
Gail.Collier@hotmail.com,Yoga Mat Premium,1,1499,2026-04-29
Faith.Runte@gmail.com,Pre-Workout Formula,1,2499,2026-03-14
Faith.Runte@gmail.com,Creatine Monohydrate,1,1499,2026-07-06
Faith.Runte@gmail.com,Resistance Bands Set,3,799,2025-09-25
Faith.Runte@gmail.com,Whey Protein Powder,3,2999,2026-05-02
Faith.Runte@gmail.com,Resistance Bands Set,1,799,2026-01-30
Faith.Runte@gmail.com,Omega-3 Fish Oil,1,999,2025-12-09
Faith.Runte@gmail.com,Resistance Bands Set,3,799,2025-12-20
Faith.Runte@gmail.com,Yoga Mat Premium,3,1499,2025-11-20
Faith.Runte@gmail.com,Omega-3 Fish Oil,2,999,2026-03-19
Faith.Runte@gmail.com,Creatine Monohydrate,1,1499,2026-02-06
Faith.Runte@gmail.com,Yoga Mat Premium,3,1499,2025-12-04
Faith.Runte@gmail.com,Omega-3 Fish Oil,1,999,2025-11-01
Faith.Runte@gmail.com,Whey Protein Powder,1,2999,2026-07-19
Faith.Runte@gmail.com,Pre-Workout Formula,3,2499,2026-07-31
Faith.Runte@gmail.com,Creatine Monohydrate,2,1499,2026-07-26
Faith.Runte@gmail.com,Resistance Bands Set,2,799,2025-12-26
Faith.Runte@gmail.com,Omega-3 Fish Oil,1,999,2026-05-27
Faith.Runte@gmail.com,Resistance Bands Set,2,799,2025-10-02
Faith.Runte@gmail.com,Omega-3 Fish Oil,1,999,2025-09-23
Faith.Runte@gmail.com,Creatine Monohydrate,2,1499,2026-02-06
Faith.Runte@gmail.com,Whey Protein Powder,3,2999,2026-05-24
Faith.Runte@gmail.com,Shaker Bottle,2,399,2026-04-28
Faith.Runte@gmail.com,Whey Protein Powder,3,2999,2026-04-29
Faith.Runte@gmail.com,Omega-3 Fish Oil,1,999,2026-07-04
Faith.Runte@gmail.com,Resistance Bands Set,3,799,2025-12-15
Faith.Runte@gmail.com,Creatine Monohydrate,3,1499,2026-07-03
Faith.Runte@gmail.com,Whey Protein Powder,2,2999,2026-06-13
Faith.Runte@gmail.com,Shaker Bottle,2,399,2026-03-24
Faith.Runte@gmail.com,Whey Protein Powder,2,2999,2025-09-24
Faith.Runte@gmail.com,Pre-Workout Formula,2,2499,2025-11-09
Faith.Runte@gmail.com,Creatine Monohydrate,3,1499,2025-10-10
Faith.Runte@gmail.com,Omega-3 Fish Oil,2,999,2026-03-06
Faith.Runte@gmail.com,Whey Protein Powder,2,2999,2026-07-22
Faith.Runte@gmail.com,Resistance Bands Set,2,799,2026-03-01
Faith.Runte@gmail.com,Yoga Mat Premium,1,1499,2026-07-15
Faith.Runte@gmail.com,Whey Protein Powder,2,2999,2026-04-09
Lavonne.Dickens@yahoo.com,Omega-3 Fish Oil,1,999,2025-07-27
Lavonne.Dickens@yahoo.com,Creatine Monohydrate,3,1499,2025-08-01
Lavonne.Dickens@yahoo.com,Pre-Workout Formula,2,2499,2025-11-01
Lavonne.Dickens@yahoo.com,Pre-Workout Formula,2,2499,2025-12-31
Lavonne.Dickens@yahoo.com,Resistance Bands Set,2,799,2026-02-11
Lavonne.Dickens@yahoo.com,Pre-Workout Formula,3,2499,2026-06-27
Lavonne.Dickens@yahoo.com,Shaker Bottle,1,399,2025-09-15
Lavonne.Dickens@yahoo.com,Omega-3 Fish Oil,1,999,2026-05-16
Lavonne.Dickens@yahoo.com,Whey Protein Powder,3,2999,2025-12-04
Lavonne.Dickens@yahoo.com,Shaker Bottle,3,399,2025-12-14
Lavonne.Dickens@yahoo.com,Pre-Workout Formula,1,2499,2025-07-04
Lavonne.Dickens@yahoo.com,Shaker Bottle,1,399,2025-12-02
Lavonne.Dickens@yahoo.com,Omega-3 Fish Oil,2,999,2026-04-01
Lavonne.Dickens@yahoo.com,Pre-Workout Formula,1,2499,2026-04-10
Lavonne.Dickens@yahoo.com,Yoga Mat Premium,2,1499,2025-08-10
Lavonne.Dickens@yahoo.com,Omega-3 Fish Oil,1,999,2025-12-13
Lavonne.Dickens@yahoo.com,Shaker Bottle,3,399,2025-07-27
Lavonne.Dickens@yahoo.com,Pre-Workout Formula,1,2499,2026-03-09
Lavonne.Dickens@yahoo.com,Creatine Monohydrate,3,1499,2025-07-09
Lavonne.Dickens@yahoo.com,Omega-3 Fish Oil,3,999,2026-03-13
Lavonne.Dickens@yahoo.com,Shaker Bottle,1,399,2026-04-06
Lavonne.Dickens@yahoo.com,Resistance Bands Set,3,799,2026-05-27
Lavonne.Dickens@yahoo.com,Resistance Bands Set,3,799,2025-06-27
Lavonne.Dickens@yahoo.com,Shaker Bottle,3,399,2026-07-18
Lavonne.Dickens@yahoo.com,Yoga Mat Premium,3,1499,2025-11-12
Lavonne.Dickens@yahoo.com,Pre-Workout Formula,2,2499,2026-04-17
Lavonne.Dickens@yahoo.com,Omega-3 Fish Oil,1,999,2026-03-29
Lavonne.Dickens@yahoo.com,Omega-3 Fish Oil,1,999,2026-01-31
Lavonne.Dickens@yahoo.com,Pre-Workout Formula,1,2499,2026-06-23
Lavonne.Dickens@yahoo.com,Pre-Workout Formula,1,2499,2026-05-16
Fannie_Batz@yahoo.com,Omega-3 Fish Oil,1,999,2026-07-30
Fannie_Batz@yahoo.com,Omega-3 Fish Oil,2,999,2026-05-30
Fannie_Batz@yahoo.com,Omega-3 Fish Oil,2,999,2026-04-04
Fannie_Batz@yahoo.com,Omega-3 Fish Oil,1,999,2026-02-02
Fannie_Batz@yahoo.com,Omega-3 Fish Oil,1,999,2025-12-01
Fannie_Batz@yahoo.com,Omega-3 Fish Oil,1,999,2025-10-05
Fannie_Batz@yahoo.com,Pre-Workout Formula,2,2499,2025-10-04
Jayda.Lueilwitz@hotmail.com,Pre-Workout Formula,2,2499,2025-06-08
Jayda.Lueilwitz@hotmail.com,Creatine Monohydrate,3,1499,2025-06-04
Jayda.Lueilwitz@hotmail.com,Whey Protein Powder,2,2999,2026-01-11
Jayda.Lueilwitz@hotmail.com,Whey Protein Powder,3,2999,2026-05-28
Jayda.Lueilwitz@hotmail.com,Shaker Bottle,2,399,2025-06-20
Jayda.Lueilwitz@hotmail.com,Yoga Mat Premium,1,1499,2025-09-08
Jayda.Lueilwitz@hotmail.com,Pre-Workout Formula,1,2499,2026-02-17
Jayda.Lueilwitz@hotmail.com,Omega-3 Fish Oil,1,999,2025-08-16
Jayda.Lueilwitz@hotmail.com,Whey Protein Powder,2,2999,2025-10-30
Jayda.Lueilwitz@hotmail.com,Omega-3 Fish Oil,2,999,2026-03-18
Jayda.Lueilwitz@hotmail.com,Pre-Workout Formula,2,2499,2025-07-01
Jayda.Lueilwitz@hotmail.com,Omega-3 Fish Oil,3,999,2025-06-27
Jayda.Lueilwitz@hotmail.com,Omega-3 Fish Oil,1,999,2025-09-06
Jayda.Lueilwitz@hotmail.com,Creatine Monohydrate,1,1499,2026-05-05
Jayda.Lueilwitz@hotmail.com,Pre-Workout Formula,1,2499,2025-05-11
Jayda.Lueilwitz@hotmail.com,Creatine Monohydrate,3,1499,2026-03-29
Albina.Watsica-Goyette@yahoo.com,Omega-3 Fish Oil,3,999,2026-03-04
Albina.Watsica-Goyette@yahoo.com,Omega-3 Fish Oil,3,999,2025-07-10
Albina.Watsica-Goyette@yahoo.com,Creatine Monohydrate,1,1499,2025-06-26
Karson_McDermott10@gmail.com,Omega-3 Fish Oil,1,999,2026-07-30
Karson_McDermott10@gmail.com,Omega-3 Fish Oil,1,999,2026-05-27
Karson_McDermott10@gmail.com,Omega-3 Fish Oil,2,999,2026-04-01
Karson_McDermott10@gmail.com,Omega-3 Fish Oil,2,999,2026-01-31
Karson_McDermott10@gmail.com,Omega-3 Fish Oil,2,999,2025-11-28
Zita78@yahoo.com,Whey Protein Powder,1,2999,2026-07-25
Zita78@yahoo.com,Whey Protein Powder,2,2999,2026-06-24
Zita78@yahoo.com,Whey Protein Powder,2,2999,2026-05-29
Zita78@yahoo.com,Whey Protein Powder,2,2999,2026-05-01
Zita78@yahoo.com,Whey Protein Powder,1,2999,2026-03-26
Zita78@yahoo.com,Pre-Workout Formula,1,2499,2026-05-07
Zita78@yahoo.com,Yoga Mat Premium,1,1499,2026-05-06
Zita78@yahoo.com,Yoga Mat Premium,3,1499,2026-07-12
Zita78@yahoo.com,Resistance Bands Set,2,799,2026-07-13
Michael72@hotmail.com,Shaker Bottle,3,399,2026-01-14
Michael72@hotmail.com,Whey Protein Powder,2,2999,2026-04-07
Michael72@hotmail.com,Yoga Mat Premium,2,1499,2026-03-28
Michael72@hotmail.com,Resistance Bands Set,1,799,2026-03-10
Michael72@hotmail.com,Shaker Bottle,1,399,2026-08-03
Michael72@hotmail.com,Yoga Mat Premium,2,1499,2026-01-12
Michael72@hotmail.com,Whey Protein Powder,1,2999,2026-08-03
Michael72@hotmail.com,Creatine Monohydrate,1,1499,2026-07-14
Michael72@hotmail.com,Shaker Bottle,2,399,2026-01-23
Michael72@hotmail.com,Creatine Monohydrate,2,1499,2026-02-26
Michael72@hotmail.com,Resistance Bands Set,2,799,2026-01-12
Michael72@hotmail.com,Pre-Workout Formula,2,2499,2026-03-27
Michael72@hotmail.com,Yoga Mat Premium,2,1499,2026-04-23
Michael72@hotmail.com,Creatine Monohydrate,3,1499,2025-12-20
Michael72@hotmail.com,Pre-Workout Formula,2,2499,2026-05-20
Michael72@hotmail.com,Yoga Mat Premium,1,1499,2026-02-15
Michael72@hotmail.com,Creatine Monohydrate,3,1499,2025-11-22
Michael72@hotmail.com,Omega-3 Fish Oil,3,999,2026-05-27
Michael72@hotmail.com,Yoga Mat Premium,3,1499,2026-07-25
Michael72@hotmail.com,Creatine Monohydrate,1,1499,2026-04-29
Michael72@hotmail.com,Omega-3 Fish Oil,1,999,2026-04-20
Bernice34@gmail.com,Resistance Bands Set,3,799,2026-07-05
Bernice34@gmail.com,Pre-Workout Formula,2,2499,2026-06-04
Bernice34@gmail.com,Shaker Bottle,1,399,2026-05-03
Bernice34@gmail.com,Resistance Bands Set,2,799,2026-04-29
Bernice34@gmail.com,Omega-3 Fish Oil,3,999,2026-07-26
Bernice34@gmail.com,Yoga Mat Premium,2,1499,2026-06-03
Bernice34@gmail.com,Resistance Bands Set,3,799,2026-05-18
Bernice34@gmail.com,Pre-Workout Formula,2,2499,2026-06-03
Kent.McDermott74@yahoo.com,Pre-Workout Formula,2,2499,2025-11-17
Kent.McDermott74@yahoo.com,Creatine Monohydrate,2,1499,2026-04-30
Kent.McDermott74@yahoo.com,Yoga Mat Premium,1,1499,2026-01-29
Kent.McDermott74@yahoo.com,Creatine Monohydrate,2,1499,2025-11-01
Kent.McDermott74@yahoo.com,Shaker Bottle,2,399,2026-01-31
Kent.McDermott74@yahoo.com,Yoga Mat Premium,1,1499,2026-04-10
Kent.McDermott74@yahoo.com,Whey Protein Powder,2,2999,2026-07-29
Kent.McDermott74@yahoo.com,Pre-Workout Formula,3,2499,2025-12-02
Kent.McDermott74@yahoo.com,Yoga Mat Premium,2,1499,2026-07-16
Kent.McDermott74@yahoo.com,Creatine Monohydrate,3,1499,2025-10-16
Kent.McDermott74@yahoo.com,Pre-Workout Formula,1,2499,2025-11-29
Kent.McDermott74@yahoo.com,Resistance Bands Set,1,799,2026-06-08
Kent.McDermott74@yahoo.com,Shaker Bottle,2,399,2025-08-20
Kent.McDermott74@yahoo.com,Creatine Monohydrate,3,1499,2026-04-21
Kent.McDermott74@yahoo.com,Resistance Bands Set,2,799,2026-08-01
Kent.McDermott74@yahoo.com,Shaker Bottle,2,399,2026-04-07
Kent.McDermott74@yahoo.com,Whey Protein Powder,1,2999,2026-05-21
Kent.McDermott74@yahoo.com,Resistance Bands Set,1,799,2026-04-13
Kent.McDermott74@yahoo.com,Creatine Monohydrate,3,1499,2026-04-28
Kent.McDermott74@yahoo.com,Yoga Mat Premium,1,1499,2025-09-21
Kent.McDermott74@yahoo.com,Pre-Workout Formula,2,2499,2026-03-28
Kent.McDermott74@yahoo.com,Shaker Bottle,3,399,2025-12-24
Kent.McDermott74@yahoo.com,Shaker Bottle,1,399,2025-09-08
Kent.McDermott74@yahoo.com,Yoga Mat Premium,2,1499,2026-04-06
Kent.McDermott74@yahoo.com,Whey Protein Powder,1,2999,2026-05-20
Kent.McDermott74@yahoo.com,Whey Protein Powder,2,2999,2025-11-16
Kent.McDermott74@yahoo.com,Yoga Mat Premium,3,1499,2025-11-24
Kent.McDermott74@yahoo.com,Yoga Mat Premium,3,1499,2026-05-04
Kent.McDermott74@yahoo.com,Whey Protein Powder,3,2999,2025-11-24
Kent.McDermott74@yahoo.com,Creatine Monohydrate,2,1499,2026-02-21
Kent.McDermott74@yahoo.com,Shaker Bottle,2,399,2026-03-17
Kent.McDermott74@yahoo.com,Pre-Workout Formula,2,2499,2026-04-14
Diego_Moen@yahoo.com,Shaker Bottle,1,399,2026-05-11
Diego_Moen@yahoo.com,Yoga Mat Premium,3,1499,2026-05-12
Diego_Moen@yahoo.com,Whey Protein Powder,1,2999,2026-06-14
Diego_Moen@yahoo.com,Yoga Mat Premium,2,1499,2026-05-25
Diego_Moen@yahoo.com,Resistance Bands Set,1,799,2026-04-06
Myles2@yahoo.com,Resistance Bands Set,1,799,2026-06-25
Myles2@yahoo.com,Omega-3 Fish Oil,3,999,2026-07-08
Myles2@yahoo.com,Pre-Workout Formula,3,2499,2026-07-18
Myles2@yahoo.com,Shaker Bottle,3,399,2026-06-19
Jeramy.Roberts38@hotmail.com,Shaker Bottle,2,399,2026-04-20
Jeramy.Roberts38@hotmail.com,Creatine Monohydrate,3,1499,2026-06-23
Jeramy.Roberts38@hotmail.com,Pre-Workout Formula,3,2499,2026-07-14
Jeramy.Roberts38@hotmail.com,Pre-Workout Formula,2,2499,2026-07-18
Jeramy.Roberts38@hotmail.com,Whey Protein Powder,1,2999,2026-05-04
Jeramy.Roberts38@hotmail.com,Pre-Workout Formula,1,2499,2026-04-29
Jeramy.Roberts38@hotmail.com,Yoga Mat Premium,2,1499,2026-04-20
Jeramy.Roberts38@hotmail.com,Shaker Bottle,1,399,2026-06-05
Jeramy.Roberts38@hotmail.com,Shaker Bottle,1,399,2026-05-13
Jeramy.Roberts38@hotmail.com,Creatine Monohydrate,3,1499,2026-06-05
Jeramy.Roberts38@hotmail.com,Yoga Mat Premium,1,1499,2026-05-29
Jeramy.Roberts38@hotmail.com,Whey Protein Powder,1,2999,2026-04-12
Jeramy.Roberts38@hotmail.com,Omega-3 Fish Oil,1,999,2026-06-14
Jeramy.Roberts38@hotmail.com,Whey Protein Powder,2,2999,2026-06-11
Jeramy.Roberts38@hotmail.com,Yoga Mat Premium,1,1499,2026-05-11
Jeramy.Roberts38@hotmail.com,Omega-3 Fish Oil,2,999,2026-06-28
Jeramy.Roberts38@hotmail.com,Whey Protein Powder,2,2999,2026-07-13
Jeramy.Roberts38@hotmail.com,Creatine Monohydrate,3,1499,2026-04-17
Jeramy.Roberts38@hotmail.com,Pre-Workout Formula,3,2499,2026-05-13
Jeramy.Roberts38@hotmail.com,Shaker Bottle,2,399,2026-06-03
Jeramy.Roberts38@hotmail.com,Yoga Mat Premium,1,1499,2026-04-10
Jeramy.Roberts38@hotmail.com,Creatine Monohydrate,3,1499,2026-07-10
Chris93@yahoo.com,Pre-Workout Formula,2,2499,2026-07-21
Chris93@yahoo.com,Pre-Workout Formula,2,2499,2026-06-25
Chris93@yahoo.com,Pre-Workout Formula,2,2499,2026-05-22
Chris93@yahoo.com,Pre-Workout Formula,1,2499,2026-04-24
Chris93@yahoo.com,Pre-Workout Formula,2,2499,2026-03-23
Chris93@yahoo.com,Pre-Workout Formula,1,2499,2026-02-24
Chris93@yahoo.com,Pre-Workout Formula,1,2499,2026-01-28
Chris93@yahoo.com,Pre-Workout Formula,2,2499,2025-12-25
Ora.Parisian78@yahoo.com,Whey Protein Powder,2,2999,2026-08-02
Ora.Parisian78@yahoo.com,Whey Protein Powder,1,2999,2026-06-30
Ora.Parisian78@yahoo.com,Whey Protein Powder,2,2999,2026-06-02
Ora.Parisian78@yahoo.com,Whey Protein Powder,2,2999,2026-05-04
Ora.Parisian78@yahoo.com,Whey Protein Powder,2,2999,2026-04-03
Ora.Parisian78@yahoo.com,Shaker Bottle,3,399,2025-11-01
Ora.Parisian78@yahoo.com,Yoga Mat Premium,3,1499,2025-11-28
Ora.Parisian78@yahoo.com,Yoga Mat Premium,2,1499,2026-05-07
Ora.Parisian78@yahoo.com,Pre-Workout Formula,2,2499,2026-04-28
Ora.Parisian78@yahoo.com,Shaker Bottle,3,399,2026-07-06
Ora.Parisian78@yahoo.com,Shaker Bottle,1,399,2026-01-30
Ora.Parisian78@yahoo.com,Shaker Bottle,2,399,2026-05-06
Ora.Parisian78@yahoo.com,Creatine Monohydrate,1,1499,2026-06-12
Ora.Parisian78@yahoo.com,Yoga Mat Premium,3,1499,2026-06-12
Ora.Parisian78@yahoo.com,Pre-Workout Formula,3,2499,2026-04-24
Jerod.Terry-Marquardt@hotmail.com,Yoga Mat Premium,1,1499,2025-12-22
Jerod.Terry-Marquardt@hotmail.com,Yoga Mat Premium,2,1499,2026-03-01
Jerod.Terry-Marquardt@hotmail.com,Creatine Monohydrate,3,1499,2026-06-27
Jerod.Terry-Marquardt@hotmail.com,Whey Protein Powder,3,2999,2026-07-30
Jerod.Terry-Marquardt@hotmail.com,Pre-Workout Formula,3,2499,2025-11-07
Jerod.Terry-Marquardt@hotmail.com,Yoga Mat Premium,3,1499,2026-05-10
Jerod.Terry-Marquardt@hotmail.com,Resistance Bands Set,3,799,2025-10-04
Jerod.Terry-Marquardt@hotmail.com,Yoga Mat Premium,1,1499,2026-01-01
Jerod.Terry-Marquardt@hotmail.com,Pre-Workout Formula,2,2499,2025-12-08
Jerod.Terry-Marquardt@hotmail.com,Shaker Bottle,1,399,2026-07-26
Jerod.Terry-Marquardt@hotmail.com,Shaker Bottle,3,399,2025-11-12
Ludwig66@gmail.com,Shaker Bottle,2,399,2025-12-28
Ludwig66@gmail.com,Creatine Monohydrate,1,1499,2024-11-13
Ludwig66@gmail.com,Whey Protein Powder,3,2999,2025-10-06
Ludwig66@gmail.com,Creatine Monohydrate,2,1499,2025-07-09
Ludwig66@gmail.com,Resistance Bands Set,2,799,2026-03-21
Ludwig66@gmail.com,Whey Protein Powder,3,2999,2025-02-19
Ludwig66@gmail.com,Whey Protein Powder,2,2999,2025-01-13
Ludwig66@gmail.com,Resistance Bands Set,3,799,2024-12-08
Ludwig66@gmail.com,Creatine Monohydrate,1,1499,2026-06-23
Ludwig66@gmail.com,Shaker Bottle,3,399,2024-10-01
Ludwig66@gmail.com,Creatine Monohydrate,3,1499,2025-10-31
Ludwig66@gmail.com,Pre-Workout Formula,3,2499,2026-02-07
Ludwig66@gmail.com,Resistance Bands Set,2,799,2024-08-22
Ludwig66@gmail.com,Whey Protein Powder,3,2999,2026-04-06
Ludwig66@gmail.com,Whey Protein Powder,3,2999,2026-05-10
Ludwig66@gmail.com,Resistance Bands Set,3,799,2024-08-17
Ludwig66@gmail.com,Creatine Monohydrate,2,1499,2025-04-11
Ludwig66@gmail.com,Omega-3 Fish Oil,1,999,2026-01-06
Clare_Torphy1@yahoo.com,Whey Protein Powder,2,2999,2026-07-20
Clare_Torphy1@yahoo.com,Yoga Mat Premium,2,1499,2026-06-07
Clare_Torphy1@yahoo.com,Resistance Bands Set,3,799,2026-03-29
Clare_Torphy1@yahoo.com,Whey Protein Powder,2,2999,2026-04-17
Clare_Torphy1@yahoo.com,Omega-3 Fish Oil,3,999,2026-02-21
Clare_Torphy1@yahoo.com,Pre-Workout Formula,3,2499,2026-02-16
Clare_Torphy1@yahoo.com,Shaker Bottle,2,399,2026-04-10
Clare_Torphy1@yahoo.com,Pre-Workout Formula,1,2499,2026-02-18
Clare_Torphy1@yahoo.com,Creatine Monohydrate,1,1499,2026-01-27
Clare_Torphy1@yahoo.com,Whey Protein Powder,2,2999,2026-03-10
Clare_Torphy1@yahoo.com,Creatine Monohydrate,3,1499,2026-06-03
Clare_Torphy1@yahoo.com,Omega-3 Fish Oil,3,999,2026-04-27
Clare_Torphy1@yahoo.com,Shaker Bottle,2,399,2026-02-22
Clare_Torphy1@yahoo.com,Pre-Workout Formula,2,2499,2026-02-21
Clare_Torphy1@yahoo.com,Resistance Bands Set,1,799,2026-06-01
Clare_Torphy1@yahoo.com,Creatine Monohydrate,2,1499,2026-06-06
Clare_Torphy1@yahoo.com,Creatine Monohydrate,2,1499,2026-06-29
Clare_Torphy1@yahoo.com,Whey Protein Powder,1,2999,2026-04-18
Clare_Torphy1@yahoo.com,Resistance Bands Set,2,799,2026-06-11
Clare_Torphy1@yahoo.com,Shaker Bottle,3,399,2026-02-13
Clare_Torphy1@yahoo.com,Whey Protein Powder,1,2999,2026-05-08
Clare_Torphy1@yahoo.com,Omega-3 Fish Oil,3,999,2026-03-19
Clare_Torphy1@yahoo.com,Shaker Bottle,3,399,2026-05-16
Clare_Torphy1@yahoo.com,Whey Protein Powder,3,2999,2026-04-06
Clare_Torphy1@yahoo.com,Omega-3 Fish Oil,3,999,2026-06-03
Clare_Torphy1@yahoo.com,Whey Protein Powder,2,2999,2026-03-28
Clare_Torphy1@yahoo.com,Yoga Mat Premium,1,1499,2026-05-18
Clare_Torphy1@yahoo.com,Creatine Monohydrate,2,1499,2026-02-15
Clare_Torphy1@yahoo.com,Creatine Monohydrate,3,1499,2026-01-08
Clare_Torphy1@yahoo.com,Omega-3 Fish Oil,1,999,2026-07-19
Clare_Torphy1@yahoo.com,Whey Protein Powder,2,2999,2026-06-20
Clare_Torphy1@yahoo.com,Pre-Workout Formula,3,2499,2026-03-11
Clare_Torphy1@yahoo.com,Shaker Bottle,2,399,2026-03-07
Clare_Torphy1@yahoo.com,Resistance Bands Set,3,799,2026-04-08
Clare_Torphy1@yahoo.com,Omega-3 Fish Oil,2,999,2026-06-02
Dahlia.Lind80@hotmail.com,Resistance Bands Set,1,799,2026-04-23
Dahlia.Lind80@hotmail.com,Pre-Workout Formula,2,2499,2026-01-31
Dahlia.Lind80@hotmail.com,Whey Protein Powder,3,2999,2026-08-03
Dahlia.Lind80@hotmail.com,Shaker Bottle,1,399,2026-04-11
Dahlia.Lind80@hotmail.com,Pre-Workout Formula,2,2499,2026-07-05
Dahlia.Lind80@hotmail.com,Creatine Monohydrate,2,1499,2026-01-08
Dahlia.Lind80@hotmail.com,Yoga Mat Premium,2,1499,2026-05-11
Dahlia.Lind80@hotmail.com,Whey Protein Powder,1,2999,2026-06-29
Dahlia.Lind80@hotmail.com,Creatine Monohydrate,2,1499,2026-02-09
Dahlia.Lind80@hotmail.com,Pre-Workout Formula,2,2499,2026-02-20
Dahlia.Lind80@hotmail.com,Omega-3 Fish Oil,2,999,2026-02-09
Dahlia.Lind80@hotmail.com,Resistance Bands Set,3,799,2026-03-18
Dahlia.Lind80@hotmail.com,Creatine Monohydrate,2,1499,2026-02-17
Dahlia.Lind80@hotmail.com,Whey Protein Powder,1,2999,2025-11-25
Dahlia.Lind80@hotmail.com,Pre-Workout Formula,3,2499,2025-12-17
Dahlia.Lind80@hotmail.com,Whey Protein Powder,2,2999,2026-02-20
Dahlia.Lind80@hotmail.com,Omega-3 Fish Oil,2,999,2026-04-21
Dahlia.Lind80@hotmail.com,Pre-Workout Formula,2,2499,2026-06-08
Dahlia.Lind80@hotmail.com,Whey Protein Powder,3,2999,2026-03-03
Dahlia.Lind80@hotmail.com,Shaker Bottle,3,399,2026-03-27
Dahlia.Lind80@hotmail.com,Omega-3 Fish Oil,3,999,2026-04-05
Dahlia.Lind80@hotmail.com,Whey Protein Powder,3,2999,2026-01-20
Dahlia.Lind80@hotmail.com,Whey Protein Powder,2,2999,2026-08-11
Dahlia.Lind80@hotmail.com,Creatine Monohydrate,1,1499,2026-05-24
Dahlia.Lind80@hotmail.com,Resistance Bands Set,2,799,2026-06-14
Dahlia.Lind80@hotmail.com,Omega-3 Fish Oil,1,999,2025-12-18
Dahlia.Lind80@hotmail.com,Shaker Bottle,3,399,2026-06-06
Dahlia.Lind80@hotmail.com,Creatine Monohydrate,2,1499,2026-01-25
Dahlia.Lind80@hotmail.com,Pre-Workout Formula,3,2499,2026-04-26
Dahlia.Lind80@hotmail.com,Omega-3 Fish Oil,2,999,2025-12-11
Dahlia.Lind80@hotmail.com,Whey Protein Powder,1,2999,2026-01-20
Dahlia.Lind80@hotmail.com,Pre-Workout Formula,1,2499,2025-12-23
Dahlia.Lind80@hotmail.com,Resistance Bands Set,3,799,2026-04-03
Dahlia.Lind80@hotmail.com,Yoga Mat Premium,2,1499,2026-02-05
Travon.Bayer3@gmail.com,Resistance Bands Set,3,799,2026-07-07
Travon.Bayer3@gmail.com,Creatine Monohydrate,2,1499,2026-03-12
Travon.Bayer3@gmail.com,Yoga Mat Premium,3,1499,2026-03-05
Travon.Bayer3@gmail.com,Creatine Monohydrate,1,1499,2026-01-26
Travon.Bayer3@gmail.com,Whey Protein Powder,1,2999,2026-02-22
Travon.Bayer3@gmail.com,Resistance Bands Set,1,799,2026-02-04
Travon.Bayer3@gmail.com,Resistance Bands Set,2,799,2026-03-19
Travon.Bayer3@gmail.com,Shaker Bottle,1,399,2026-02-12
Travon.Bayer3@gmail.com,Whey Protein Powder,2,2999,2026-05-23
Travon.Bayer3@gmail.com,Pre-Workout Formula,2,2499,2026-07-06
Travon.Bayer3@gmail.com,Creatine Monohydrate,3,1499,2026-04-05
Travon.Bayer3@gmail.com,Resistance Bands Set,2,799,2026-06-27
Travon.Bayer3@gmail.com,Yoga Mat Premium,2,1499,2026-03-23
Travon.Bayer3@gmail.com,Shaker Bottle,3,399,2026-05-06
Travon.Bayer3@gmail.com,Shaker Bottle,1,399,2026-02-10
Travon.Bayer3@gmail.com,Resistance Bands Set,2,799,2026-06-24
Travon.Bayer3@gmail.com,Pre-Workout Formula,2,2499,2026-04-28
Travon.Bayer3@gmail.com,Whey Protein Powder,3,2999,2026-03-08
Travon.Bayer3@gmail.com,Pre-Workout Formula,1,2499,2026-01-13
Travon.Bayer3@gmail.com,Whey Protein Powder,3,2999,2026-04-22
Travon.Bayer3@gmail.com,Pre-Workout Formula,1,2499,2026-01-13
Travon.Bayer3@gmail.com,Shaker Bottle,2,399,2026-02-03
Sydney_Murray98@hotmail.com,Pre-Workout Formula,2,2499,2026-06-28
Sydney_Murray98@hotmail.com,Creatine Monohydrate,1,1499,2025-10-18
Sydney_Murray98@hotmail.com,Pre-Workout Formula,1,2499,2025-08-26
Sydney_Murray98@hotmail.com,Shaker Bottle,3,399,2025-05-23
Sydney_Murray98@hotmail.com,Creatine Monohydrate,1,1499,2026-02-08
Sydney_Murray98@hotmail.com,Yoga Mat Premium,1,1499,2025-07-12
Sydney_Murray98@hotmail.com,Omega-3 Fish Oil,1,999,2025-09-09
Sydney_Murray98@hotmail.com,Omega-3 Fish Oil,2,999,2025-07-29
Sydney_Murray98@hotmail.com,Pre-Workout Formula,2,2499,2025-08-23
Sydney_Murray98@hotmail.com,Whey Protein Powder,1,2999,2025-03-04
Sydney_Murray98@hotmail.com,Creatine Monohydrate,1,1499,2025-09-17
Sydney_Murray98@hotmail.com,Pre-Workout Formula,1,2499,2025-06-21
Sydney_Murray98@hotmail.com,Pre-Workout Formula,1,2499,2026-04-20
Sydney_Murray98@hotmail.com,Whey Protein Powder,2,2999,2026-03-09
Sydney_Murray98@hotmail.com,Creatine Monohydrate,2,1499,2025-06-06
Sydney_Murray98@hotmail.com,Omega-3 Fish Oil,2,999,2025-08-28
Sydney_Murray98@hotmail.com,Yoga Mat Premium,2,1499,2026-07-05
Sydney_Murray98@hotmail.com,Omega-3 Fish Oil,2,999,2026-02-14
Sydney_Murray98@hotmail.com,Yoga Mat Premium,2,1499,2025-10-19
Sydney_Murray98@hotmail.com,Shaker Bottle,3,399,2026-07-30
Sydney_Murray98@hotmail.com,Omega-3 Fish Oil,3,999,2025-09-19
Sydney_Murray98@hotmail.com,Whey Protein Powder,1,2999,2025-10-15
Sydney_Murray98@hotmail.com,Shaker Bottle,2,399,2025-12-22
Sydney_Murray98@hotmail.com,Creatine Monohydrate,2,1499,2025-06-29
Sydney_Murray98@hotmail.com,Omega-3 Fish Oil,3,999,2025-03-05
Sydney_Murray98@hotmail.com,Pre-Workout Formula,2,2499,2025-09-13
Sydney_Murray98@hotmail.com,Creatine Monohydrate,1,1499,2026-02-25
Sydney_Murray98@hotmail.com,Shaker Bottle,2,399,2025-11-09
Sydney_Murray98@hotmail.com,Pre-Workout Formula,3,2499,2026-01-05
Sydney_Murray98@hotmail.com,Pre-Workout Formula,2,2499,2025-07-08
Sydney_Murray98@hotmail.com,Yoga Mat Premium,3,1499,2026-04-01
Sydney_Murray98@hotmail.com,Whey Protein Powder,3,2999,2026-04-30
Sydney_Murray98@hotmail.com,Whey Protein Powder,3,2999,2025-07-22
Sydney_Murray98@hotmail.com,Yoga Mat Premium,3,1499,2025-04-01
Sydney_Murray98@hotmail.com,Resistance Bands Set,1,799,2025-12-28
Abigayle_Russel9@yahoo.com,Shaker Bottle,3,399,2025-07-08
Abigayle_Russel9@yahoo.com,Yoga Mat Premium,2,1499,2025-09-11
Abigayle_Russel9@yahoo.com,Whey Protein Powder,1,2999,2025-07-06
Abigayle_Russel9@yahoo.com,Omega-3 Fish Oil,2,999,2026-05-16
Abigayle_Russel9@yahoo.com,Creatine Monohydrate,3,1499,2025-08-05
Abigayle_Russel9@yahoo.com,Resistance Bands Set,1,799,2026-06-01
Abigayle_Russel9@yahoo.com,Pre-Workout Formula,1,2499,2025-10-09
Abigayle_Russel9@yahoo.com,Whey Protein Powder,1,2999,2025-11-10
Abigayle_Russel9@yahoo.com,Omega-3 Fish Oil,2,999,2026-01-09
Abigayle_Russel9@yahoo.com,Creatine Monohydrate,1,1499,2026-03-11
Pamela40@hotmail.com,Resistance Bands Set,1,799,2026-07-16
Pamela40@hotmail.com,Omega-3 Fish Oil,1,999,2026-07-17
Pamela40@hotmail.com,Pre-Workout Formula,2,2499,2026-07-26
Pamela40@hotmail.com,Yoga Mat Premium,2,1499,2026-07-25
Pamela40@hotmail.com,Whey Protein Powder,1,2999,2026-07-26
Jane_Beier@gmail.com,Resistance Bands Set,2,799,2025-12-11
Jane_Beier@gmail.com,Pre-Workout Formula,2,2499,2025-07-01
Jane_Beier@gmail.com,Shaker Bottle,1,399,2025-12-25
Jane_Beier@gmail.com,Omega-3 Fish Oil,3,999,2025-07-11
Jane_Beier@gmail.com,Yoga Mat Premium,2,1499,2026-01-01
Jane_Beier@gmail.com,Resistance Bands Set,3,799,2026-03-01
Jane_Beier@gmail.com,Whey Protein Powder,1,2999,2026-02-25
Jane_Beier@gmail.com,Creatine Monohydrate,1,1499,2026-01-01
Jane_Beier@gmail.com,Whey Protein Powder,1,2999,2026-02-19
Jane_Beier@gmail.com,Resistance Bands Set,1,799,2025-08-06
Jane_Beier@gmail.com,Yoga Mat Premium,1,1499,2026-01-20
Jane_Beier@gmail.com,Shaker Bottle,2,399,2025-07-22
Jane_Beier@gmail.com,Resistance Bands Set,1,799,2025-07-01
Jane_Beier@gmail.com,Whey Protein Powder,3,2999,2026-02-25
Jane_Beier@gmail.com,Yoga Mat Premium,3,1499,2026-04-08
Jane_Beier@gmail.com,Shaker Bottle,2,399,2026-02-11
Jane_Beier@gmail.com,Whey Protein Powder,1,2999,2026-05-01
Jane_Beier@gmail.com,Resistance Bands Set,2,799,2026-01-16
Jane_Beier@gmail.com,Creatine Monohydrate,2,1499,2025-06-20
Jane_Beier@gmail.com,Shaker Bottle,1,399,2025-12-01
Jane_Beier@gmail.com,Omega-3 Fish Oil,3,999,2025-12-08
Jane_Beier@gmail.com,Pre-Workout Formula,2,2499,2025-06-15
Jane_Beier@gmail.com,Whey Protein Powder,3,2999,2025-07-30
Jane_Beier@gmail.com,Whey Protein Powder,3,2999,2025-09-22
Jane_Beier@gmail.com,Pre-Workout Formula,1,2499,2025-11-10
Jane_Beier@gmail.com,Resistance Bands Set,3,799,2025-11-22
Jane_Beier@gmail.com,Whey Protein Powder,3,2999,2026-01-14
Jane_Beier@gmail.com,Yoga Mat Premium,2,1499,2025-07-01
Jane_Beier@gmail.com,Creatine Monohydrate,2,1499,2026-05-16
Jane_Beier@gmail.com,Omega-3 Fish Oil,1,999,2026-04-16
Jane_Beier@gmail.com,Whey Protein Powder,1,2999,2025-10-13
Jane_Beier@gmail.com,Shaker Bottle,1,399,2025-09-02
Jane_Beier@gmail.com,Creatine Monohydrate,3,1499,2025-10-14
Jane_Beier@gmail.com,Yoga Mat Premium,3,1499,2026-02-18
Jane_Beier@gmail.com,Pre-Workout Formula,3,2499,2025-12-24
Humberto_Jones@yahoo.com,Resistance Bands Set,1,799,2026-06-07
Humberto_Jones@yahoo.com,Omega-3 Fish Oil,3,999,2026-05-06
Humberto_Jones@yahoo.com,Creatine Monohydrate,3,1499,2026-08-09
Humberto_Jones@yahoo.com,Creatine Monohydrate,3,1499,2026-07-21
Humberto_Jones@yahoo.com,Shaker Bottle,1,399,2026-02-12
Humberto_Jones@yahoo.com,Omega-3 Fish Oil,3,999,2026-04-27
Humberto_Jones@yahoo.com,Yoga Mat Premium,3,1499,2026-04-28
Humberto_Jones@yahoo.com,Creatine Monohydrate,3,1499,2026-07-19
Humberto_Jones@yahoo.com,Whey Protein Powder,1,2999,2026-02-04
Luther.Bogisich13@yahoo.com,Whey Protein Powder,2,2999,2026-05-23
Luther.Bogisich13@yahoo.com,Shaker Bottle,3,399,2025-11-27
Luther.Bogisich13@yahoo.com,Pre-Workout Formula,1,2499,2026-01-21
Luther.Bogisich13@yahoo.com,Yoga Mat Premium,2,1499,2025-08-21
Luther.Bogisich13@yahoo.com,Omega-3 Fish Oil,3,999,2026-06-17
Luther.Bogisich13@yahoo.com,Yoga Mat Premium,2,1499,2025-11-17
Luther.Bogisich13@yahoo.com,Shaker Bottle,3,399,2026-01-12
Luther.Bogisich13@yahoo.com,Creatine Monohydrate,2,1499,2026-03-16
Luther.Bogisich13@yahoo.com,Omega-3 Fish Oil,2,999,2025-11-15
Luther.Bogisich13@yahoo.com,Omega-3 Fish Oil,2,999,2026-01-05
Luther.Bogisich13@yahoo.com,Pre-Workout Formula,1,2499,2025-07-05
Luther.Bogisich13@yahoo.com,Omega-3 Fish Oil,2,999,2026-01-22
Luther.Bogisich13@yahoo.com,Pre-Workout Formula,3,2499,2025-12-28
Luther.Bogisich13@yahoo.com,Omega-3 Fish Oil,2,999,2026-05-23
Luther.Bogisich13@yahoo.com,Yoga Mat Premium,3,1499,2026-07-26
Luther.Bogisich13@yahoo.com,Whey Protein Powder,3,2999,2026-07-17
Luther.Bogisich13@yahoo.com,Whey Protein Powder,2,2999,2025-06-15
Luther.Bogisich13@yahoo.com,Whey Protein Powder,2,2999,2025-12-10
Luther.Bogisich13@yahoo.com,Shaker Bottle,1,399,2026-03-19
Luther.Bogisich13@yahoo.com,Yoga Mat Premium,3,1499,2025-07-11
Luther.Bogisich13@yahoo.com,Omega-3 Fish Oil,3,999,2026-05-02
Luther.Bogisich13@yahoo.com,Shaker Bottle,2,399,2026-03-30
Luther.Bogisich13@yahoo.com,Pre-Workout Formula,1,2499,2025-06-26
Luther.Bogisich13@yahoo.com,Creatine Monohydrate,3,1499,2025-06-27
Luther.Bogisich13@yahoo.com,Pre-Workout Formula,2,2499,2026-01-21
Luther.Bogisich13@yahoo.com,Shaker Bottle,3,399,2025-07-09
Luther.Bogisich13@yahoo.com,Pre-Workout Formula,3,2499,2026-01-05
Luther.Bogisich13@yahoo.com,Whey Protein Powder,3,2999,2025-06-09
Luther.Bogisich13@yahoo.com,Shaker Bottle,3,399,2026-07-23
Luther.Bogisich13@yahoo.com,Creatine Monohydrate,2,1499,2025-11-25
Luther.Bogisich13@yahoo.com,Whey Protein Powder,1,2999,2025-11-14
Luther.Bogisich13@yahoo.com,Omega-3 Fish Oil,3,999,2025-11-14
Luther.Bogisich13@yahoo.com,Yoga Mat Premium,2,1499,2025-12-05
Luther.Bogisich13@yahoo.com,Pre-Workout Formula,3,2499,2026-07-19
Luther.Bogisich13@yahoo.com,Resistance Bands Set,3,799,2025-06-06
Luther.Bogisich13@yahoo.com,Shaker Bottle,1,399,2025-11-10
Luther.Bogisich13@yahoo.com,Pre-Workout Formula,3,2499,2026-02-07
Chasity.Jaskolski87@hotmail.com,Resistance Bands Set,2,799,2026-04-09
Chasity.Jaskolski87@hotmail.com,Creatine Monohydrate,1,1499,2026-02-14
Chasity.Jaskolski87@hotmail.com,Resistance Bands Set,2,799,2026-02-15
Chasity.Jaskolski87@hotmail.com,Whey Protein Powder,2,2999,2026-03-22
Chasity.Jaskolski87@hotmail.com,Pre-Workout Formula,2,2499,2026-06-03
Chasity.Jaskolski87@hotmail.com,Omega-3 Fish Oil,2,999,2026-02-13
Chasity.Jaskolski87@hotmail.com,Resistance Bands Set,2,799,2026-08-09
Chasity.Jaskolski87@hotmail.com,Pre-Workout Formula,1,2499,2026-05-18
Chasity.Jaskolski87@hotmail.com,Shaker Bottle,1,399,2026-07-21
Chasity.Jaskolski87@hotmail.com,Omega-3 Fish Oil,1,999,2026-04-04
Chasity.Jaskolski87@hotmail.com,Yoga Mat Premium,3,1499,2026-03-17
Chasity.Jaskolski87@hotmail.com,Omega-3 Fish Oil,3,999,2026-06-13
Chasity.Jaskolski87@hotmail.com,Pre-Workout Formula,1,2499,2026-07-30
Chasity.Jaskolski87@hotmail.com,Whey Protein Powder,1,2999,2026-04-24
Chasity.Jaskolski87@hotmail.com,Yoga Mat Premium,1,1499,2026-04-24
Chasity.Jaskolski87@hotmail.com,Creatine Monohydrate,3,1499,2026-04-07
Chasity.Jaskolski87@hotmail.com,Resistance Bands Set,3,799,2026-04-28
Chasity.Jaskolski87@hotmail.com,Pre-Workout Formula,1,2499,2026-04-14
Chasity.Jaskolski87@hotmail.com,Whey Protein Powder,3,2999,2026-06-29
Chasity.Jaskolski87@hotmail.com,Creatine Monohydrate,2,1499,2026-02-12
Chasity.Jaskolski87@hotmail.com,Creatine Monohydrate,1,1499,2026-08-06
Chasity.Jaskolski87@hotmail.com,Pre-Workout Formula,2,2499,2026-04-11
Chasity.Jaskolski87@hotmail.com,Omega-3 Fish Oil,3,999,2026-05-17
Chasity.Jaskolski87@hotmail.com,Shaker Bottle,1,399,2026-05-13
Chasity.Jaskolski87@hotmail.com,Whey Protein Powder,3,2999,2026-08-15
Chasity.Jaskolski87@hotmail.com,Creatine Monohydrate,1,1499,2026-06-28
Chasity.Jaskolski87@hotmail.com,Yoga Mat Premium,3,1499,2026-02-20
Chasity.Jaskolski87@hotmail.com,Pre-Workout Formula,2,2499,2026-08-13
Chasity.Jaskolski87@hotmail.com,Whey Protein Powder,2,2999,2026-07-23
Chasity.Jaskolski87@hotmail.com,Shaker Bottle,2,399,2026-06-23
Chelsey_Bins86@gmail.com,Whey Protein Powder,1,2999,2026-07-30
Chelsey_Bins86@gmail.com,Whey Protein Powder,2,2999,2026-06-27
Chelsey_Bins86@gmail.com,Whey Protein Powder,1,2999,2026-05-30
Chelsey_Bins86@gmail.com,Whey Protein Powder,1,2999,2026-04-28
Chelsey_Bins86@gmail.com,Whey Protein Powder,2,2999,2026-04-02
Chelsey_Bins86@gmail.com,Whey Protein Powder,1,2999,2026-03-02
Chelsey_Bins86@gmail.com,Whey Protein Powder,2,2999,2026-01-31
Horacio_Erdman77@gmail.com,Shaker Bottle,2,399,2025-01-12
Horacio_Erdman77@gmail.com,Resistance Bands Set,1,799,2025-08-19
Horacio_Erdman77@gmail.com,Whey Protein Powder,2,2999,2025-11-08
Horacio_Erdman77@gmail.com,Resistance Bands Set,2,799,2025-01-11
Horacio_Erdman77@gmail.com,Resistance Bands Set,3,799,2025-01-05
Horacio_Erdman77@gmail.com,Pre-Workout Formula,1,2499,2026-03-30
Horacio_Erdman77@gmail.com,Pre-Workout Formula,3,2499,2025-07-19
Horacio_Erdman77@gmail.com,Yoga Mat Premium,3,1499,2025-11-03
Horacio_Erdman77@gmail.com,Pre-Workout Formula,1,2499,2026-05-12
Horacio_Erdman77@gmail.com,Yoga Mat Premium,1,1499,2026-02-28
Horacio_Erdman77@gmail.com,Resistance Bands Set,2,799,2025-07-15
Horacio_Erdman77@gmail.com,Resistance Bands Set,1,799,2026-02-15
Horacio_Erdman77@gmail.com,Shaker Bottle,3,399,2025-01-23
Horacio_Erdman77@gmail.com,Yoga Mat Premium,1,1499,2026-05-22
Horacio_Erdman77@gmail.com,Omega-3 Fish Oil,3,999,2025-11-14
Horacio_Erdman77@gmail.com,Creatine Monohydrate,2,1499,2025-10-24
Carissa35@yahoo.com,Resistance Bands Set,1,799,2025-09-29
Carissa35@yahoo.com,Omega-3 Fish Oil,3,999,2026-04-07
Carissa35@yahoo.com,Shaker Bottle,2,399,2026-08-05
Carissa35@yahoo.com,Resistance Bands Set,3,799,2026-05-14
Carissa35@yahoo.com,Pre-Workout Formula,2,2499,2025-10-13
Carissa35@yahoo.com,Omega-3 Fish Oil,2,999,2025-08-12
Carissa35@yahoo.com,Creatine Monohydrate,2,1499,2026-06-17
Carissa35@yahoo.com,Whey Protein Powder,1,2999,2025-08-09
Carissa35@yahoo.com,Creatine Monohydrate,3,1499,2025-08-18
Carissa35@yahoo.com,Shaker Bottle,3,399,2026-04-28
Nicholas.Yost26@hotmail.com,Yoga Mat Premium,3,1499,2026-01-01
Nicholas.Yost26@hotmail.com,Shaker Bottle,3,399,2026-03-24
Nicholas.Yost26@hotmail.com,Pre-Workout Formula,3,2499,2025-09-19
Nicholas.Yost26@hotmail.com,Resistance Bands Set,2,799,2026-01-12
Nicholas.Yost26@hotmail.com,Yoga Mat Premium,3,1499,2026-04-15
Nicholas.Yost26@hotmail.com,Whey Protein Powder,3,2999,2025-06-23
Nicholas.Yost26@hotmail.com,Shaker Bottle,2,399,2025-09-09
Nicholas.Yost26@hotmail.com,Creatine Monohydrate,2,1499,2025-07-17
Nicholas.Yost26@hotmail.com,Shaker Bottle,1,399,2026-04-14
Nicholas.Yost26@hotmail.com,Creatine Monohydrate,1,1499,2025-12-03
Nicholas.Yost26@hotmail.com,Whey Protein Powder,3,2999,2025-06-30
Nicholas.Yost26@hotmail.com,Yoga Mat Premium,3,1499,2025-11-24
Nicholas.Yost26@hotmail.com,Shaker Bottle,3,399,2025-08-06
Nicholas.Yost26@hotmail.com,Whey Protein Powder,1,2999,2026-02-17
Nicholas.Yost26@hotmail.com,Shaker Bottle,1,399,2026-01-22
Nicholas.Yost26@hotmail.com,Omega-3 Fish Oil,3,999,2025-12-24
Nicholas.Yost26@hotmail.com,Pre-Workout Formula,1,2499,2026-02-17
Nicholas.Yost26@hotmail.com,Shaker Bottle,3,399,2025-09-30
Nicholas.Yost26@hotmail.com,Yoga Mat Premium,2,1499,2025-05-23
Karlee61@gmail.com,Omega-3 Fish Oil,2,999,2026-05-01
Karlee61@gmail.com,Resistance Bands Set,1,799,2026-06-08
Karlee61@gmail.com,Omega-3 Fish Oil,2,999,2026-07-18
Karlee61@gmail.com,Resistance Bands Set,3,799,2026-05-30
Karlee61@gmail.com,Shaker Bottle,1,399,2026-06-30
Karlee61@gmail.com,Omega-3 Fish Oil,1,999,2026-05-18
Adelle59@yahoo.com,Omega-3 Fish Oil,1,999,2025-07-04
Adelle59@yahoo.com,Omega-3 Fish Oil,3,999,2025-12-16
Adelle59@yahoo.com,Creatine Monohydrate,3,1499,2025-12-13
Adelle59@yahoo.com,Shaker Bottle,2,399,2025-02-15
Adelle59@yahoo.com,Whey Protein Powder,3,2999,2026-02-02
Adelle59@yahoo.com,Whey Protein Powder,3,2999,2026-02-09
Adelle59@yahoo.com,Whey Protein Powder,3,2999,2025-07-10
Dusty47@gmail.com,Omega-3 Fish Oil,2,999,2026-07-23
Dusty47@gmail.com,Omega-3 Fish Oil,1,999,2026-05-26
Dusty47@gmail.com,Omega-3 Fish Oil,2,999,2026-03-28
Dusty47@gmail.com,Omega-3 Fish Oil,1,999,2026-01-25
Dusty47@gmail.com,Omega-3 Fish Oil,1,999,2025-11-25
Dusty47@gmail.com,Omega-3 Fish Oil,1,999,2025-09-26
Dusty47@gmail.com,Omega-3 Fish Oil,2,999,2025-08-02
Dusty47@gmail.com,Omega-3 Fish Oil,1,999,2025-06-03
Dusty47@gmail.com,Shaker Bottle,1,399,2025-09-26
Dusty47@gmail.com,Pre-Workout Formula,1,2499,2025-04-28
Helena15@yahoo.com,Pre-Workout Formula,1,2499,2026-07-10
Helena15@yahoo.com,Omega-3 Fish Oil,2,999,2026-07-05
Helena15@yahoo.com,Creatine Monohydrate,1,1499,2026-03-24
Helena15@yahoo.com,Yoga Mat Premium,3,1499,2025-11-20
Helena15@yahoo.com,Whey Protein Powder,3,2999,2026-02-02
Helena15@yahoo.com,Shaker Bottle,1,399,2026-07-15
Helena15@yahoo.com,Omega-3 Fish Oil,1,999,2025-09-28
Helena15@yahoo.com,Whey Protein Powder,1,2999,2025-09-08
Helena15@yahoo.com,Creatine Monohydrate,1,1499,2025-05-04
Helena15@yahoo.com,Omega-3 Fish Oil,1,999,2026-06-26
Helena15@yahoo.com,Yoga Mat Premium,3,1499,2026-06-18
Helena15@yahoo.com,Whey Protein Powder,3,2999,2025-12-29
Helena15@yahoo.com,Resistance Bands Set,2,799,2026-03-24
Helena15@yahoo.com,Whey Protein Powder,2,2999,2026-08-14
Helena15@yahoo.com,Omega-3 Fish Oil,1,999,2025-07-24
Helena15@yahoo.com,Shaker Bottle,1,399,2025-09-12
Helena15@yahoo.com,Shaker Bottle,1,399,2025-09-18
Helena15@yahoo.com,Creatine Monohydrate,2,1499,2025-10-22
Helena15@yahoo.com,Yoga Mat Premium,2,1499,2025-03-01
Helena15@yahoo.com,Yoga Mat Premium,2,1499,2025-02-18
Helena15@yahoo.com,Omega-3 Fish Oil,1,999,2025-10-03
Helena15@yahoo.com,Resistance Bands Set,3,799,2025-12-17
Russell_Hilpert@gmail.com,Pre-Workout Formula,1,2499,2026-08-01
Russell_Hilpert@gmail.com,Pre-Workout Formula,1,2499,2026-07-04
Russell_Hilpert@gmail.com,Pre-Workout Formula,1,2499,2026-06-02
Russell_Hilpert@gmail.com,Pre-Workout Formula,1,2499,2026-04-30
Russell_Hilpert@gmail.com,Pre-Workout Formula,2,2499,2026-04-01
Russell_Hilpert@gmail.com,Pre-Workout Formula,1,2499,2026-03-01
Russell_Hilpert@gmail.com,Pre-Workout Formula,1,2499,2026-02-04
Russell_Hilpert@gmail.com,Pre-Workout Formula,2,2499,2026-01-01
Karson_Windler66@gmail.com,Whey Protein Powder,2,2999,2026-06-25
Karson_Windler66@gmail.com,Pre-Workout Formula,1,2499,2026-07-15
Karson_Windler66@gmail.com,Resistance Bands Set,2,799,2026-06-25
Karson_Windler66@gmail.com,Yoga Mat Premium,2,1499,2026-06-27
Karson_Windler66@gmail.com,Resistance Bands Set,2,799,2026-07-15
Karson_Windler66@gmail.com,Omega-3 Fish Oil,3,999,2026-07-21
Karson_Windler66@gmail.com,Shaker Bottle,1,399,2026-07-01
Karson_Windler66@gmail.com,Shaker Bottle,3,399,2026-07-01
Karson_Windler66@gmail.com,Creatine Monohydrate,2,1499,2026-07-19
Karson_Windler66@gmail.com,Pre-Workout Formula,3,2499,2026-07-19
Karson_Windler66@gmail.com,Creatine Monohydrate,3,1499,2026-07-11
Karson_Windler66@gmail.com,Omega-3 Fish Oil,3,999,2026-06-22
Karson_Windler66@gmail.com,Yoga Mat Premium,3,1499,2026-07-14
Karson_Windler66@gmail.com,Shaker Bottle,2,399,2026-07-08
Karson_Windler66@gmail.com,Shaker Bottle,3,399,2026-07-25
Karson_Windler66@gmail.com,Creatine Monohydrate,2,1499,2026-06-24
Karson_Windler66@gmail.com,Pre-Workout Formula,1,2499,2026-07-11
Karson_Windler66@gmail.com,Yoga Mat Premium,2,1499,2026-07-11
Karson_Windler66@gmail.com,Omega-3 Fish Oil,1,999,2026-07-04
Karson_Windler66@gmail.com,Resistance Bands Set,2,799,2026-07-03
Karson_Windler66@gmail.com,Shaker Bottle,2,399,2026-06-22
Karson_Windler66@gmail.com,Yoga Mat Premium,2,1499,2026-06-28
Karson_Windler66@gmail.com,Pre-Workout Formula,2,2499,2026-07-14
Karson_Windler66@gmail.com,Resistance Bands Set,1,799,2026-06-24
Karson_Windler66@gmail.com,Resistance Bands Set,3,799,2026-07-22
Karson_Windler66@gmail.com,Omega-3 Fish Oil,1,999,2026-06-26
Karson_Windler66@gmail.com,Shaker Bottle,2,399,2026-07-24
Karson_Windler66@gmail.com,Yoga Mat Premium,1,1499,2026-07-13
Karson_Windler66@gmail.com,Whey Protein Powder,1,2999,2026-07-21
Karson_Windler66@gmail.com,Yoga Mat Premium,1,1499,2026-07-03
Karson_Windler66@gmail.com,Resistance Bands Set,2,799,2026-07-22
Adeline48@hotmail.com,Yoga Mat Premium,3,1499,2026-08-16
Adeline48@hotmail.com,Shaker Bottle,2,399,2026-05-29
Adeline48@hotmail.com,Creatine Monohydrate,3,1499,2026-06-08
Adeline48@hotmail.com,Whey Protein Powder,3,2999,2026-04-26
Adeline48@hotmail.com,Shaker Bottle,2,399,2026-07-17
Adeline48@hotmail.com,Omega-3 Fish Oil,1,999,2026-08-18
Adeline48@hotmail.com,Omega-3 Fish Oil,3,999,2026-07-24
Adeline48@hotmail.com,Pre-Workout Formula,1,2499,2026-07-13
Maudie25@hotmail.com,Pre-Workout Formula,2,2499,2026-07-20
Maudie25@hotmail.com,Pre-Workout Formula,1,2499,2026-06-25
Maudie25@hotmail.com,Pre-Workout Formula,2,2499,2026-05-23
Maudie25@hotmail.com,Pre-Workout Formula,2,2499,2026-04-25
Maudie25@hotmail.com,Pre-Workout Formula,1,2499,2026-03-25
Maudie25@hotmail.com,Pre-Workout Formula,1,2499,2026-02-21
Maudie25@hotmail.com,Pre-Workout Formula,2,2499,2026-01-21
Jeffrey_Kuhic67@hotmail.com,Omega-3 Fish Oil,2,999,2026-07-25
Jeffrey_Kuhic67@hotmail.com,Omega-3 Fish Oil,2,999,2026-05-25
Jeffrey_Kuhic67@hotmail.com,Omega-3 Fish Oil,2,999,2026-03-25
Jeffrey_Kuhic67@hotmail.com,Omega-3 Fish Oil,1,999,2026-01-30
Jeffrey_Kuhic67@hotmail.com,Omega-3 Fish Oil,1,999,2025-11-27
Jeffrey_Kuhic67@hotmail.com,Omega-3 Fish Oil,1,999,2025-09-27
Jeffrey_Kuhic67@hotmail.com,Pre-Workout Formula,3,2499,2025-05-04
Jeffrey_Kuhic67@hotmail.com,Creatine Monohydrate,2,1499,2025-02-21
Jeffrey_Kuhic67@hotmail.com,Shaker Bottle,3,399,2026-06-29
Jeffrey_Kuhic67@hotmail.com,Resistance Bands Set,3,799,2025-12-28
Jeffrey_Kuhic67@hotmail.com,Pre-Workout Formula,2,2499,2025-06-19
Tabitha14@gmail.com,Omega-3 Fish Oil,2,999,2026-07-25
Tabitha14@gmail.com,Omega-3 Fish Oil,2,999,2026-05-31
Tabitha14@gmail.com,Omega-3 Fish Oil,1,999,2026-03-31
Tabitha14@gmail.com,Omega-3 Fish Oil,1,999,2026-01-30
Tabitha14@gmail.com,Omega-3 Fish Oil,2,999,2025-11-29
Tabitha14@gmail.com,Omega-3 Fish Oil,1,999,2025-09-28
Tabitha14@gmail.com,Yoga Mat Premium,3,1499,2026-08-07
Tabitha14@gmail.com,Whey Protein Powder,2,2999,2026-06-14
Tabitha14@gmail.com,Creatine Monohydrate,1,1499,2026-06-19
Tabitha14@gmail.com,Yoga Mat Premium,2,1499,2026-07-22
Allie_Deckow-Berge76@yahoo.com,Omega-3 Fish Oil,1,999,2026-02-18
Allie_Deckow-Berge76@yahoo.com,Whey Protein Powder,1,2999,2026-02-09
Allie_Deckow-Berge76@yahoo.com,Shaker Bottle,3,399,2026-06-04
Allie_Deckow-Berge76@yahoo.com,Creatine Monohydrate,1,1499,2026-01-27
Allie_Deckow-Berge76@yahoo.com,Creatine Monohydrate,1,1499,2025-11-03
Allie_Deckow-Berge76@yahoo.com,Whey Protein Powder,1,2999,2025-11-21
Allie_Deckow-Berge76@yahoo.com,Pre-Workout Formula,3,2499,2025-07-06
Allie_Deckow-Berge76@yahoo.com,Pre-Workout Formula,2,2499,2026-01-02
Felicity.Klocko-Kunze@gmail.com,Creatine Monohydrate,1,1499,2026-07-25
Felicity.Klocko-Kunze@gmail.com,Creatine Monohydrate,2,1499,2026-06-14
Felicity.Klocko-Kunze@gmail.com,Creatine Monohydrate,1,1499,2026-04-28
Felicity.Klocko-Kunze@gmail.com,Creatine Monohydrate,2,1499,2026-03-13
Felicity.Klocko-Kunze@gmail.com,Creatine Monohydrate,1,1499,2026-01-28
Felicity.Klocko-Kunze@gmail.com,Creatine Monohydrate,2,1499,2025-12-14
Felicity.Klocko-Kunze@gmail.com,Yoga Mat Premium,3,1499,2025-11-13
Felicity.Klocko-Kunze@gmail.com,Shaker Bottle,2,399,2026-06-02
Felicity.Klocko-Kunze@gmail.com,Whey Protein Powder,2,2999,2026-03-11
Felicity.Klocko-Kunze@gmail.com,Omega-3 Fish Oil,2,999,2026-04-17
Elton.Casper70@hotmail.com,Whey Protein Powder,1,2999,2025-08-27
Elton.Casper70@hotmail.com,Pre-Workout Formula,3,2499,2025-02-10
Elton.Casper70@hotmail.com,Omega-3 Fish Oil,1,999,2025-04-23
Elton.Casper70@hotmail.com,Whey Protein Powder,2,2999,2025-09-13
Elton.Casper70@hotmail.com,Yoga Mat Premium,1,1499,2024-10-15
Elton.Casper70@hotmail.com,Creatine Monohydrate,3,1499,2025-06-06
Elton.Casper70@hotmail.com,Yoga Mat Premium,3,1499,2025-04-13
Elton.Casper70@hotmail.com,Shaker Bottle,3,399,2025-03-16
Elton.Casper70@hotmail.com,Whey Protein Powder,3,2999,2025-08-27
Elton.Casper70@hotmail.com,Whey Protein Powder,1,2999,2025-09-05
Elton.Casper70@hotmail.com,Creatine Monohydrate,1,1499,2025-04-08
Elton.Casper70@hotmail.com,Pre-Workout Formula,2,2499,2025-05-05
Elton.Casper70@hotmail.com,Creatine Monohydrate,3,1499,2025-07-19
Elton.Casper70@hotmail.com,Shaker Bottle,1,399,2025-01-19
Elton.Casper70@hotmail.com,Omega-3 Fish Oil,2,999,2025-10-01
Elton.Casper70@hotmail.com,Creatine Monohydrate,3,1499,2024-10-26
Elton.Casper70@hotmail.com,Whey Protein Powder,3,2999,2025-08-09
Elton.Casper70@hotmail.com,Creatine Monohydrate,1,1499,2024-12-23
Elton.Casper70@hotmail.com,Yoga Mat Premium,2,1499,2025-05-06
Elton.Casper70@hotmail.com,Shaker Bottle,2,399,2025-04-20
Elton.Casper70@hotmail.com,Omega-3 Fish Oil,3,999,2024-12-14
Elton.Casper70@hotmail.com,Pre-Workout Formula,3,2499,2025-03-26
Elton.Casper70@hotmail.com,Whey Protein Powder,1,2999,2024-11-20
Elton.Casper70@hotmail.com,Resistance Bands Set,3,799,2024-11-06
Elton.Casper70@hotmail.com,Shaker Bottle,3,399,2025-09-01
Elton.Casper70@hotmail.com,Pre-Workout Formula,1,2499,2025-06-30
Elton.Casper70@hotmail.com,Creatine Monohydrate,1,1499,2025-02-16
Elton.Casper70@hotmail.com,Shaker Bottle,3,399,2025-04-17
Elton.Casper70@hotmail.com,Whey Protein Powder,3,2999,2025-05-14
Elton.Casper70@hotmail.com,Yoga Mat Premium,3,1499,2025-06-22
Elton.Casper70@hotmail.com,Resistance Bands Set,2,799,2025-02-11
Elton.Casper70@hotmail.com,Resistance Bands Set,2,799,2025-02-08
Elton.Casper70@hotmail.com,Shaker Bottle,3,399,2025-03-29
Elton.Casper70@hotmail.com,Shaker Bottle,2,399,2025-09-08
Elton.Casper70@hotmail.com,Shaker Bottle,2,399,2025-02-02
Elton.Casper70@hotmail.com,Shaker Bottle,2,399,2025-05-15
Elton.Casper70@hotmail.com,Creatine Monohydrate,2,1499,2025-05-04
Alexane.Lynch@hotmail.com,Whey Protein Powder,1,2999,2026-07-29
Alexane.Lynch@hotmail.com,Whey Protein Powder,1,2999,2026-06-29
Alexane.Lynch@hotmail.com,Whey Protein Powder,2,2999,2026-05-28
Alexane.Lynch@hotmail.com,Whey Protein Powder,1,2999,2026-04-27
Alexane.Lynch@hotmail.com,Whey Protein Powder,2,2999,2026-04-02
Alexane.Lynch@hotmail.com,Whey Protein Powder,1,2999,2026-03-03
Alexane.Lynch@hotmail.com,Creatine Monohydrate,2,1499,2026-08-15
Alexane.Lynch@hotmail.com,Omega-3 Fish Oil,3,999,2026-08-13
Alexane.Lynch@hotmail.com,Shaker Bottle,2,399,2026-08-24
Alexane.Lynch@hotmail.com,Pre-Workout Formula,2,2499,2026-08-09
Alexane.Lynch@hotmail.com,Omega-3 Fish Oil,3,999,2026-08-20
Alexane.Lynch@hotmail.com,Resistance Bands Set,3,799,2026-08-15
Alexane.Lynch@hotmail.com,Yoga Mat Premium,3,1499,2026-08-12
Alexane.Lynch@hotmail.com,Shaker Bottle,2,399,2026-08-11
Alexane.Lynch@hotmail.com,Omega-3 Fish Oil,1,999,2026-08-12
Alexane.Lynch@hotmail.com,Creatine Monohydrate,1,1499,2026-08-16
Alexane.Lynch@hotmail.com,Shaker Bottle,2,399,2026-08-17
Alexane.Lynch@hotmail.com,Shaker Bottle,1,399,2026-08-09
Johan_Hirthe54@yahoo.com,Yoga Mat Premium,1,1499,2025-12-02
Johan_Hirthe54@yahoo.com,Pre-Workout Formula,1,2499,2025-11-07
Johan_Hirthe54@yahoo.com,Omega-3 Fish Oil,2,999,2025-11-23
Johan_Hirthe54@yahoo.com,Shaker Bottle,3,399,2026-04-29
Johan_Hirthe54@yahoo.com,Resistance Bands Set,1,799,2026-01-31
Johan_Hirthe54@yahoo.com,Yoga Mat Premium,1,1499,2026-06-25
Johan_Hirthe54@yahoo.com,Whey Protein Powder,3,2999,2026-01-03
Johan_Hirthe54@yahoo.com,Resistance Bands Set,2,799,2026-04-17
Johan_Hirthe54@yahoo.com,Omega-3 Fish Oil,2,999,2026-06-04
Johan_Hirthe54@yahoo.com,Pre-Workout Formula,2,2499,2025-11-04
Johan_Hirthe54@yahoo.com,Whey Protein Powder,3,2999,2026-03-19
Johan_Hirthe54@yahoo.com,Omega-3 Fish Oil,1,999,2025-10-21
Johan_Hirthe54@yahoo.com,Whey Protein Powder,1,2999,2025-12-19
Johan_Hirthe54@yahoo.com,Yoga Mat Premium,1,1499,2025-10-30
Johan_Hirthe54@yahoo.com,Omega-3 Fish Oil,1,999,2025-12-15
Johan_Hirthe54@yahoo.com,Creatine Monohydrate,3,1499,2026-03-01
Johan_Hirthe54@yahoo.com,Pre-Workout Formula,3,2499,2026-03-01
Johan_Hirthe54@yahoo.com,Yoga Mat Premium,1,1499,2026-04-24
Johan_Hirthe54@yahoo.com,Creatine Monohydrate,3,1499,2026-03-26
Johan_Hirthe54@yahoo.com,Whey Protein Powder,3,2999,2025-10-26
Johan_Hirthe54@yahoo.com,Pre-Workout Formula,2,2499,2026-01-13
Johan_Hirthe54@yahoo.com,Shaker Bottle,2,399,2026-08-08
Gary_Murray@yahoo.com,Omega-3 Fish Oil,1,999,2026-07-24
Gary_Murray@yahoo.com,Omega-3 Fish Oil,2,999,2026-05-31
Gary_Murray@yahoo.com,Omega-3 Fish Oil,1,999,2026-03-27
Gary_Murray@yahoo.com,Omega-3 Fish Oil,2,999,2026-01-30
Gary_Murray@yahoo.com,Omega-3 Fish Oil,1,999,2025-12-02
Gary_Murray@yahoo.com,Omega-3 Fish Oil,1,999,2025-09-27
Gary_Murray@yahoo.com,Omega-3 Fish Oil,1,999,2025-07-31
Gary_Murray@yahoo.com,Omega-3 Fish Oil,1,999,2025-06-04
Gary_Murray@yahoo.com,Yoga Mat Premium,1,1499,2026-02-15
Gary_Murray@yahoo.com,Creatine Monohydrate,3,1499,2026-05-26
Gary_Murray@yahoo.com,Whey Protein Powder,2,2999,2026-03-05
Gary_Murray@yahoo.com,Creatine Monohydrate,2,1499,2025-12-17
Gary_Murray@yahoo.com,Whey Protein Powder,1,2999,2026-03-29
Gary_Murray@yahoo.com,Yoga Mat Premium,3,1499,2025-11-22
Gary_Murray@yahoo.com,Creatine Monohydrate,2,1499,2026-05-07
Gary_Murray@yahoo.com,Resistance Bands Set,1,799,2026-05-28
Gary_Murray@yahoo.com,Pre-Workout Formula,1,2499,2026-02-10
Gary_Murray@yahoo.com,Creatine Monohydrate,2,1499,2026-03-13
Curtis.Quitzon37@hotmail.com,Omega-3 Fish Oil,3,999,2026-03-31
Curtis.Quitzon37@hotmail.com,Omega-3 Fish Oil,1,999,2026-06-25
Curtis.Quitzon37@hotmail.com,Creatine Monohydrate,3,1499,2026-05-13
Curtis.Quitzon37@hotmail.com,Shaker Bottle,2,399,2026-02-08
Curtis.Quitzon37@hotmail.com,Yoga Mat Premium,1,1499,2026-02-27
Curtis.Quitzon37@hotmail.com,Yoga Mat Premium,1,1499,2026-06-28
Curtis.Quitzon37@hotmail.com,Whey Protein Powder,2,2999,2026-05-26
Curtis.Quitzon37@hotmail.com,Shaker Bottle,2,399,2025-10-02
Curtis.Quitzon37@hotmail.com,Whey Protein Powder,3,2999,2026-07-24
Curtis.Quitzon37@hotmail.com,Resistance Bands Set,3,799,2026-03-12
Curtis.Quitzon37@hotmail.com,Yoga Mat Premium,2,1499,2026-04-25
Curtis.Quitzon37@hotmail.com,Shaker Bottle,2,399,2025-12-17
Curtis.Quitzon37@hotmail.com,Whey Protein Powder,1,2999,2025-08-06
Curtis.Quitzon37@hotmail.com,Resistance Bands Set,3,799,2025-08-14
Curtis.Quitzon37@hotmail.com,Pre-Workout Formula,1,2499,2026-06-11
Curtis.Quitzon37@hotmail.com,Resistance Bands Set,3,799,2026-07-11
Curtis.Quitzon37@hotmail.com,Whey Protein Powder,1,2999,2025-12-23
Curtis.Quitzon37@hotmail.com,Omega-3 Fish Oil,2,999,2025-10-14
Curtis.Quitzon37@hotmail.com,Shaker Bottle,2,399,2026-01-07
Curtis.Quitzon37@hotmail.com,Pre-Workout Formula,2,2499,2026-07-25
Curtis.Quitzon37@hotmail.com,Shaker Bottle,1,399,2026-04-16
Curtis.Quitzon37@hotmail.com,Pre-Workout Formula,1,2499,2026-07-20
Curtis.Quitzon37@hotmail.com,Pre-Workout Formula,3,2499,2026-06-23
Curtis.Quitzon37@hotmail.com,Whey Protein Powder,2,2999,2026-05-17
Curtis.Quitzon37@hotmail.com,Yoga Mat Premium,2,1499,2025-12-19
Curtis.Quitzon37@hotmail.com,Pre-Workout Formula,3,2499,2025-09-21
Curtis.Quitzon37@hotmail.com,Shaker Bottle,3,399,2026-07-08
Taylor40@hotmail.com,Yoga Mat Premium,2,1499,2025-09-05
Taylor40@hotmail.com,Shaker Bottle,3,399,2025-08-02
Taylor40@hotmail.com,Shaker Bottle,3,399,2025-08-10
Taylor40@hotmail.com,Resistance Bands Set,3,799,2026-01-14
Taylor40@hotmail.com,Creatine Monohydrate,2,1499,2025-09-21
Taylor40@hotmail.com,Shaker Bottle,2,399,2025-12-28
Taylor40@hotmail.com,Omega-3 Fish Oil,2,999,2025-04-20
Taylor40@hotmail.com,Resistance Bands Set,2,799,2026-01-31
Taylor40@hotmail.com,Whey Protein Powder,1,2999,2025-12-24
Taylor40@hotmail.com,Pre-Workout Formula,2,2499,2025-07-13
Taylor40@hotmail.com,Yoga Mat Premium,1,1499,2026-01-10
Taylor40@hotmail.com,Resistance Bands Set,1,799,2025-12-21
Taylor40@hotmail.com,Omega-3 Fish Oil,3,999,2025-04-29
Taylor40@hotmail.com,Resistance Bands Set,1,799,2025-08-23
Taylor40@hotmail.com,Whey Protein Powder,2,2999,2025-05-04
Dora.Zulauf@hotmail.com,Whey Protein Powder,2,2999,2026-08-01
Dora.Zulauf@hotmail.com,Whey Protein Powder,2,2999,2026-07-01
Dora.Zulauf@hotmail.com,Whey Protein Powder,1,2999,2026-05-28
Dora.Zulauf@hotmail.com,Whey Protein Powder,2,2999,2026-04-28
Dora.Zulauf@hotmail.com,Whey Protein Powder,1,2999,2026-03-28
Dora.Zulauf@hotmail.com,Whey Protein Powder,1,2999,2026-02-26
Dora.Zulauf@hotmail.com,Yoga Mat Premium,2,1499,2025-01-19
Dora.Zulauf@hotmail.com,Yoga Mat Premium,1,1499,2026-06-05
Dora.Zulauf@hotmail.com,Omega-3 Fish Oil,1,999,2026-06-26
Martina_Bartell@yahoo.com,Yoga Mat Premium,3,1499,2026-07-27
Martina_Bartell@yahoo.com,Yoga Mat Premium,1,1499,2026-02-28
Martina_Bartell@yahoo.com,Omega-3 Fish Oil,1,999,2026-06-02
Martina_Bartell@yahoo.com,Whey Protein Powder,3,2999,2026-05-22
Martina_Bartell@yahoo.com,Omega-3 Fish Oil,3,999,2026-06-24
Martina_Bartell@yahoo.com,Pre-Workout Formula,3,2499,2026-02-20
Martina_Bartell@yahoo.com,Shaker Bottle,1,399,2026-02-27
Martina_Bartell@yahoo.com,Shaker Bottle,3,399,2026-05-18
Martina_Bartell@yahoo.com,Yoga Mat Premium,1,1499,2026-07-15
Martina_Bartell@yahoo.com,Resistance Bands Set,2,799,2026-04-13
Martina_Bartell@yahoo.com,Whey Protein Powder,1,2999,2026-07-26
Martina_Bartell@yahoo.com,Shaker Bottle,2,399,2026-06-06
Liam.Langosh@gmail.com,Omega-3 Fish Oil,3,999,2026-06-12
Liam.Langosh@gmail.com,Whey Protein Powder,2,2999,2026-06-09
Liam.Langosh@gmail.com,Creatine Monohydrate,3,1499,2025-11-19
Liam.Langosh@gmail.com,Whey Protein Powder,2,2999,2025-11-19
Liam.Langosh@gmail.com,Resistance Bands Set,2,799,2026-05-27
Liam.Langosh@gmail.com,Creatine Monohydrate,2,1499,2026-05-13
Liam.Langosh@gmail.com,Resistance Bands Set,1,799,2026-01-03
Liam.Langosh@gmail.com,Yoga Mat Premium,3,1499,2026-05-30
Liam.Langosh@gmail.com,Whey Protein Powder,1,2999,2026-04-30
Liam.Langosh@gmail.com,Resistance Bands Set,2,799,2025-12-02
Liam.Langosh@gmail.com,Creatine Monohydrate,3,1499,2025-11-11
Liam.Langosh@gmail.com,Resistance Bands Set,3,799,2025-11-17
Liam.Langosh@gmail.com,Shaker Bottle,3,399,2026-03-27
Liam.Langosh@gmail.com,Pre-Workout Formula,3,2499,2026-03-02
Liam.Langosh@gmail.com,Omega-3 Fish Oil,1,999,2026-08-08
Liam.Langosh@gmail.com,Resistance Bands Set,3,799,2026-07-07
Liam.Langosh@gmail.com,Whey Protein Powder,2,2999,2026-04-08
Liam.Langosh@gmail.com,Omega-3 Fish Oil,2,999,2026-04-25
Liam.Langosh@gmail.com,Whey Protein Powder,1,2999,2025-11-24
Liam.Langosh@gmail.com,Resistance Bands Set,3,799,2025-11-07
Liam.Langosh@gmail.com,Shaker Bottle,1,399,2025-11-26
Liam.Langosh@gmail.com,Omega-3 Fish Oil,1,999,2026-08-01
Liam.Langosh@gmail.com,Whey Protein Powder,1,2999,2025-10-02
Kay_Walker88@hotmail.com,Pre-Workout Formula,1,2499,2026-07-30
Kay_Walker88@hotmail.com,Pre-Workout Formula,1,2499,2026-07-05
Kay_Walker88@hotmail.com,Pre-Workout Formula,2,2499,2026-06-04
Kay_Walker88@hotmail.com,Pre-Workout Formula,1,2499,2026-05-04
Kay_Walker88@hotmail.com,Pre-Workout Formula,1,2499,2026-04-07
Kay_Walker88@hotmail.com,Pre-Workout Formula,1,2499,2026-03-05
Ivah66@yahoo.com,Whey Protein Powder,2,2999,2026-07-29
Ivah66@yahoo.com,Whey Protein Powder,1,2999,2026-06-27
Ivah66@yahoo.com,Whey Protein Powder,2,2999,2026-05-31
Ivah66@yahoo.com,Whey Protein Powder,1,2999,2026-05-01
Ivah66@yahoo.com,Resistance Bands Set,2,799,2026-01-29
Ivah66@yahoo.com,Yoga Mat Premium,3,1499,2026-07-16
Ivah66@yahoo.com,Creatine Monohydrate,3,1499,2025-11-03
Ivah66@yahoo.com,Pre-Workout Formula,2,2499,2025-09-30
Ivah66@yahoo.com,Shaker Bottle,2,399,2025-12-22
Ivah66@yahoo.com,Yoga Mat Premium,3,1499,2025-10-03
Ivah66@yahoo.com,Yoga Mat Premium,2,1499,2025-10-28
Ivah66@yahoo.com,Pre-Workout Formula,2,2499,2025-10-12
Ivah66@yahoo.com,Yoga Mat Premium,2,1499,2025-10-29
Ivah66@yahoo.com,Shaker Bottle,3,399,2026-06-14
Ivah66@yahoo.com,Yoga Mat Premium,3,1499,2026-01-30
Jude.Russel@hotmail.com,Whey Protein Powder,1,2999,2026-07-21
Jude.Russel@hotmail.com,Whey Protein Powder,2,2999,2026-06-25
Jude.Russel@hotmail.com,Whey Protein Powder,2,2999,2026-05-22
Jude.Russel@hotmail.com,Whey Protein Powder,2,2999,2026-04-23
Jude.Russel@hotmail.com,Whey Protein Powder,2,2999,2026-03-26
Jude.Russel@hotmail.com,Whey Protein Powder,1,2999,2026-02-24
Sammy14@yahoo.com,Resistance Bands Set,2,799,2026-01-16
Sammy14@yahoo.com,Pre-Workout Formula,1,2499,2025-10-11
Sammy14@yahoo.com,Omega-3 Fish Oil,1,999,2026-01-04
Sammy14@yahoo.com,Creatine Monohydrate,2,1499,2025-12-11
Sammy14@yahoo.com,Shaker Bottle,2,399,2025-09-07
Sammy14@yahoo.com,Pre-Workout Formula,3,2499,2026-08-12
Sammy14@yahoo.com,Omega-3 Fish Oil,2,999,2026-02-25
Sammy14@yahoo.com,Yoga Mat Premium,1,1499,2025-07-04
Sammy14@yahoo.com,Yoga Mat Premium,2,1499,2026-07-06
Sammy14@yahoo.com,Resistance Bands Set,2,799,2025-08-06
Sammy14@yahoo.com,Omega-3 Fish Oil,3,999,2025-12-13
Sammy14@yahoo.com,Resistance Bands Set,3,799,2025-06-24
Sammy14@yahoo.com,Resistance Bands Set,3,799,2026-03-16
Sammy14@yahoo.com,Omega-3 Fish Oil,3,999,2025-07-22
Sammy14@yahoo.com,Pre-Workout Formula,2,2499,2026-04-22
Kacie65@gmail.com,Pre-Workout Formula,1,2499,2026-07-23
Kacie65@gmail.com,Pre-Workout Formula,2,2499,2026-06-27
Kacie65@gmail.com,Pre-Workout Formula,1,2499,2026-05-23
Kacie65@gmail.com,Pre-Workout Formula,2,2499,2026-04-27
Kacie65@gmail.com,Pre-Workout Formula,1,2499,2026-03-27
Kacie65@gmail.com,Pre-Workout Formula,1,2499,2026-02-24
Kacie65@gmail.com,Whey Protein Powder,2,2999,2026-07-02
Kacie65@gmail.com,Yoga Mat Premium,3,1499,2026-01-11
Kacie65@gmail.com,Omega-3 Fish Oil,3,999,2026-08-07
Kacie65@gmail.com,Yoga Mat Premium,2,1499,2026-01-30
Kacie65@gmail.com,Resistance Bands Set,3,799,2026-01-31
Kacie65@gmail.com,Creatine Monohydrate,2,1499,2026-03-14
Kacie65@gmail.com,Creatine Monohydrate,2,1499,2026-07-16
Kacie65@gmail.com,Resistance Bands Set,2,799,2026-05-07
Kacie65@gmail.com,Omega-3 Fish Oil,1,999,2026-06-24
Kacie65@gmail.com,Omega-3 Fish Oil,2,999,2026-06-06
Kacie65@gmail.com,Resistance Bands Set,3,799,2026-07-17
Kacie65@gmail.com,Whey Protein Powder,3,2999,2026-04-18
Gertrude.Weber@hotmail.com,Shaker Bottle,2,399,2025-08-20
Gertrude.Weber@hotmail.com,Pre-Workout Formula,1,2499,2026-07-18
Gertrude.Weber@hotmail.com,Resistance Bands Set,2,799,2025-04-02
Gertrude.Weber@hotmail.com,Omega-3 Fish Oil,3,999,2026-05-16
Gertrude.Weber@hotmail.com,Yoga Mat Premium,1,1499,2025-06-24
Gertrude.Weber@hotmail.com,Resistance Bands Set,1,799,2026-02-18
Gertrude.Weber@hotmail.com,Omega-3 Fish Oil,3,999,2025-10-03
Gertrude.Weber@hotmail.com,Resistance Bands Set,2,799,2026-05-06
Mariah87@hotmail.com,Omega-3 Fish Oil,2,999,2026-03-05
Mariah87@hotmail.com,Pre-Workout Formula,3,2499,2026-06-01
Mariah87@hotmail.com,Shaker Bottle,2,399,2026-01-22
Mariah87@hotmail.com,Shaker Bottle,3,399,2025-08-24
Mariah87@hotmail.com,Pre-Workout Formula,3,2499,2025-10-04
Mariah87@hotmail.com,Resistance Bands Set,3,799,2026-02-02
Mariah87@hotmail.com,Yoga Mat Premium,1,1499,2026-05-19
Mariah87@hotmail.com,Shaker Bottle,3,399,2025-08-06
Mariah87@hotmail.com,Pre-Workout Formula,2,2499,2026-06-29
Mariah87@hotmail.com,Creatine Monohydrate,1,1499,2026-05-28
Mariah87@hotmail.com,Whey Protein Powder,3,2999,2025-09-20
Mariah87@hotmail.com,Yoga Mat Premium,2,1499,2025-10-21
Mariah87@hotmail.com,Yoga Mat Premium,2,1499,2026-02-03
Mariah87@hotmail.com,Creatine Monohydrate,2,1499,2025-10-07
Mariah87@hotmail.com,Creatine Monohydrate,1,1499,2026-07-18
Mariah87@hotmail.com,Whey Protein Powder,1,2999,2025-09-09
Mariah87@hotmail.com,Shaker Bottle,1,399,2026-02-26
Mariah87@hotmail.com,Resistance Bands Set,2,799,2026-05-27
Mariah87@hotmail.com,Shaker Bottle,3,399,2026-07-26
Mariah87@hotmail.com,Whey Protein Powder,3,2999,2026-04-22
Mariah87@hotmail.com,Yoga Mat Premium,3,1499,2025-09-15
Mariah87@hotmail.com,Whey Protein Powder,2,2999,2026-03-06
Mariah87@hotmail.com,Whey Protein Powder,3,2999,2026-05-03
Khalid.Keebler51@gmail.com,Omega-3 Fish Oil,2,999,2026-07-30
Khalid.Keebler51@gmail.com,Omega-3 Fish Oil,2,999,2026-05-29
Khalid.Keebler51@gmail.com,Omega-3 Fish Oil,1,999,2026-04-02
Khalid.Keebler51@gmail.com,Omega-3 Fish Oil,1,999,2026-02-02
Khalid.Keebler51@gmail.com,Omega-3 Fish Oil,1,999,2025-12-01
Khalid.Keebler51@gmail.com,Resistance Bands Set,1,799,2026-06-03
Khalid.Keebler51@gmail.com,Whey Protein Powder,1,2999,2026-05-26
Khalid.Keebler51@gmail.com,Creatine Monohydrate,3,1499,2026-03-22
Barton_Jaskolski24@gmail.com,Whey Protein Powder,2,2999,2026-07-26
Barton_Jaskolski24@gmail.com,Whey Protein Powder,2,2999,2026-06-27
Barton_Jaskolski24@gmail.com,Whey Protein Powder,1,2999,2026-05-27
Barton_Jaskolski24@gmail.com,Whey Protein Powder,2,2999,2026-04-28
Barton_Jaskolski24@gmail.com,Shaker Bottle,3,399,2025-08-17
Barton_Jaskolski24@gmail.com,Creatine Monohydrate,3,1499,2026-02-12
Barton_Jaskolski24@gmail.com,Shaker Bottle,1,399,2025-10-11
Barton_Jaskolski24@gmail.com,Pre-Workout Formula,2,2499,2026-06-08
Keith.Wintheiser17@yahoo.com,Resistance Bands Set,3,799,2025-07-17
Keith.Wintheiser17@yahoo.com,Pre-Workout Formula,3,2499,2025-12-18
Keith.Wintheiser17@yahoo.com,Resistance Bands Set,1,799,2025-03-15
Keith.Wintheiser17@yahoo.com,Shaker Bottle,2,399,2025-10-29
Keith.Wintheiser17@yahoo.com,Creatine Monohydrate,1,1499,2025-11-03
Keith.Wintheiser17@yahoo.com,Whey Protein Powder,1,2999,2025-04-10
Keith.Wintheiser17@yahoo.com,Shaker Bottle,1,399,2025-12-15
Keith.Wintheiser17@yahoo.com,Creatine Monohydrate,2,1499,2025-12-25
Keith.Wintheiser17@yahoo.com,Creatine Monohydrate,2,1499,2025-05-27
Keith.Wintheiser17@yahoo.com,Resistance Bands Set,3,799,2025-11-23
Keith.Wintheiser17@yahoo.com,Resistance Bands Set,2,799,2025-07-23
Keith.Wintheiser17@yahoo.com,Resistance Bands Set,1,799,2025-08-23
Madge.Toy@hotmail.com,Creatine Monohydrate,1,1499,2026-06-04
Madge.Toy@hotmail.com,Omega-3 Fish Oil,3,999,2026-02-14
Madge.Toy@hotmail.com,Whey Protein Powder,3,2999,2026-01-05
Madge.Toy@hotmail.com,Yoga Mat Premium,2,1499,2026-03-23
Madge.Toy@hotmail.com,Creatine Monohydrate,1,1499,2026-01-20
Madge.Toy@hotmail.com,Omega-3 Fish Oil,3,999,2026-02-04
Madge.Toy@hotmail.com,Pre-Workout Formula,3,2499,2026-03-24
Madge.Toy@hotmail.com,Omega-3 Fish Oil,1,999,2025-08-22
Madge.Toy@hotmail.com,Resistance Bands Set,2,799,2026-04-06
Madge.Toy@hotmail.com,Omega-3 Fish Oil,2,999,2025-09-26
Madge.Toy@hotmail.com,Omega-3 Fish Oil,3,999,2026-06-20
Madge.Toy@hotmail.com,Shaker Bottle,2,399,2025-11-19
Madge.Toy@hotmail.com,Creatine Monohydrate,2,1499,2025-11-15
Madge.Toy@hotmail.com,Shaker Bottle,2,399,2026-05-07
Madge.Toy@hotmail.com,Resistance Bands Set,2,799,2025-09-11
Madge.Toy@hotmail.com,Creatine Monohydrate,3,1499,2026-07-06
Zander_Conroy72@yahoo.com,Resistance Bands Set,1,799,2025-10-13
Beulah.Kshlerin11@hotmail.com,Omega-3 Fish Oil,1,999,2025-12-18
Beulah.Kshlerin11@hotmail.com,Omega-3 Fish Oil,1,999,2025-11-08
Beulah.Kshlerin11@hotmail.com,Omega-3 Fish Oil,1,999,2025-07-08
Beulah.Kshlerin11@hotmail.com,Shaker Bottle,3,399,2025-03-21
Beulah.Kshlerin11@hotmail.com,Resistance Bands Set,2,799,2025-10-26
Beulah.Kshlerin11@hotmail.com,Yoga Mat Premium,2,1499,2025-03-24
Beulah.Kshlerin11@hotmail.com,Pre-Workout Formula,3,2499,2025-06-07
Beulah.Kshlerin11@hotmail.com,Omega-3 Fish Oil,2,999,2025-11-19
Beulah.Kshlerin11@hotmail.com,Shaker Bottle,1,399,2025-02-12
Beulah.Kshlerin11@hotmail.com,Shaker Bottle,3,399,2025-02-17
Beulah.Kshlerin11@hotmail.com,Resistance Bands Set,3,799,2025-11-18
Beulah.Kshlerin11@hotmail.com,Creatine Monohydrate,2,1499,2025-11-09
Beulah.Kshlerin11@hotmail.com,Whey Protein Powder,3,2999,2025-12-02
Beulah.Kshlerin11@hotmail.com,Shaker Bottle,2,399,2025-03-30
Beulah.Kshlerin11@hotmail.com,Shaker Bottle,3,399,2025-08-03
Beulah.Kshlerin11@hotmail.com,Resistance Bands Set,2,799,2026-01-02
Beulah.Kshlerin11@hotmail.com,Shaker Bottle,3,399,2025-12-23
Beulah.Kshlerin11@hotmail.com,Yoga Mat Premium,3,1499,2025-12-15
Giovanni_Barton@hotmail.com,Pre-Workout Formula,3,2499,2025-08-08
Giovanni_Barton@hotmail.com,Yoga Mat Premium,1,1499,2024-11-18
Giovanni_Barton@hotmail.com,Creatine Monohydrate,3,1499,2024-10-12
Giovanni_Barton@hotmail.com,Yoga Mat Premium,2,1499,2025-10-11
Giovanni_Barton@hotmail.com,Shaker Bottle,1,399,2024-11-07
Giovanni_Barton@hotmail.com,Omega-3 Fish Oil,1,999,2025-09-16
Giovanni_Barton@hotmail.com,Pre-Workout Formula,3,2499,2025-03-15
Giovanni_Barton@hotmail.com,Pre-Workout Formula,2,2499,2025-07-13
Cedric.Ward26@yahoo.com,Yoga Mat Premium,1,1499,2025-08-04
Cedric.Ward26@yahoo.com,Resistance Bands Set,1,799,2024-12-13
Cedric.Ward26@yahoo.com,Resistance Bands Set,1,799,2024-12-06
Cedric.Ward26@yahoo.com,Pre-Workout Formula,1,2499,2025-07-30
Cedric.Ward26@yahoo.com,Shaker Bottle,1,399,2024-10-10
Cedric.Ward26@yahoo.com,Creatine Monohydrate,3,1499,2024-12-27
Cedric.Ward26@yahoo.com,Omega-3 Fish Oil,3,999,2025-08-06
Cedric.Ward26@yahoo.com,Pre-Workout Formula,3,2499,2025-08-16
Cedric.Ward26@yahoo.com,Pre-Workout Formula,3,2499,2025-01-25
Cedric.Ward26@yahoo.com,Pre-Workout Formula,3,2499,2024-10-02
Cedric.Ward26@yahoo.com,Yoga Mat Premium,3,1499,2025-05-28
Cedric.Ward26@yahoo.com,Resistance Bands Set,2,799,2025-07-20
Cedric.Ward26@yahoo.com,Yoga Mat Premium,1,1499,2025-05-22
Cedric.Ward26@yahoo.com,Whey Protein Powder,3,2999,2025-02-14
Cedric.Ward26@yahoo.com,Pre-Workout Formula,1,2499,2025-01-09
Cedric.Ward26@yahoo.com,Resistance Bands Set,3,799,2025-05-26
Cedric.Ward26@yahoo.com,Whey Protein Powder,1,2999,2025-03-29
Cedric.Ward26@yahoo.com,Creatine Monohydrate,2,1499,2025-01-28
Deangelo_Davis16@yahoo.com,Resistance Bands Set,3,799,2025-03-26
Deangelo_Davis16@yahoo.com,Creatine Monohydrate,3,1499,2025-07-09
Deangelo_Davis16@yahoo.com,Whey Protein Powder,2,2999,2025-07-27
Deangelo_Davis16@yahoo.com,Shaker Bottle,3,399,2025-03-02
Deangelo_Davis16@yahoo.com,Pre-Workout Formula,3,2499,2025-04-20
Deangelo_Davis16@yahoo.com,Shaker Bottle,2,399,2025-06-09
Deangelo_Davis16@yahoo.com,Creatine Monohydrate,1,1499,2025-06-30
Deangelo_Davis16@yahoo.com,Pre-Workout Formula,3,2499,2025-02-04
Deangelo_Davis16@yahoo.com,Whey Protein Powder,2,2999,2025-07-30
Deangelo_Davis16@yahoo.com,Pre-Workout Formula,3,2499,2025-02-13
Deangelo_Davis16@yahoo.com,Creatine Monohydrate,1,1499,2024-12-19
Deangelo_Davis16@yahoo.com,Shaker Bottle,2,399,2025-01-11
Deangelo_Davis16@yahoo.com,Whey Protein Powder,2,2999,2025-02-22
Deangelo_Davis16@yahoo.com,Resistance Bands Set,1,799,2025-06-21
Deangelo_Davis16@yahoo.com,Resistance Bands Set,1,799,2024-12-02
Deangelo_Davis16@yahoo.com,Whey Protein Powder,3,2999,2025-04-19
Deangelo_Davis16@yahoo.com,Whey Protein Powder,3,2999,2025-04-17
Deangelo_Davis16@yahoo.com,Pre-Workout Formula,2,2499,2025-02-28
Deangelo_Davis16@yahoo.com,Omega-3 Fish Oil,1,999,2024-11-03
Deangelo_Davis16@yahoo.com,Resistance Bands Set,2,799,2024-10-03
Deangelo_Davis16@yahoo.com,Pre-Workout Formula,3,2499,2025-05-22
Deangelo_Davis16@yahoo.com,Shaker Bottle,2,399,2025-03-18
Deangelo_Davis16@yahoo.com,Yoga Mat Premium,2,1499,2025-01-10
Deangelo_Davis16@yahoo.com,Creatine Monohydrate,2,1499,2024-10-18
Deangelo_Davis16@yahoo.com,Resistance Bands Set,3,799,2025-03-04
Deangelo_Davis16@yahoo.com,Yoga Mat Premium,2,1499,2024-09-17
Deangelo_Davis16@yahoo.com,Resistance Bands Set,3,799,2025-08-03
Deangelo_Davis16@yahoo.com,Yoga Mat Premium,2,1499,2025-02-25
Deangelo_Davis16@yahoo.com,Resistance Bands Set,3,799,2024-09-01
Deangelo_Davis16@yahoo.com,Creatine Monohydrate,3,1499,2025-08-06
Deangelo_Davis16@yahoo.com,Pre-Workout Formula,2,2499,2024-08-31
Deangelo_Davis16@yahoo.com,Pre-Workout Formula,2,2499,2025-02-15
Deangelo_Davis16@yahoo.com,Shaker Bottle,2,399,2025-04-09
Deangelo_Davis16@yahoo.com,Omega-3 Fish Oil,3,999,2025-01-26
Deangelo_Davis16@yahoo.com,Yoga Mat Premium,2,1499,2024-11-14
Deangelo_Davis16@yahoo.com,Shaker Bottle,2,399,2024-11-29
Deangelo_Davis16@yahoo.com,Creatine Monohydrate,1,1499,2025-04-07
Deangelo_Davis16@yahoo.com,Shaker Bottle,3,399,2024-09-21
Deangelo_Davis16@yahoo.com,Creatine Monohydrate,1,1499,2024-12-21
Deangelo_Davis16@yahoo.com,Yoga Mat Premium,3,1499,2024-12-23
Deangelo_Davis16@yahoo.com,Pre-Workout Formula,2,2499,2025-02-13
Deangelo_Davis16@yahoo.com,Resistance Bands Set,1,799,2024-10-04
Josiane95@gmail.com,Pre-Workout Formula,3,2499,2026-02-24
Josiane95@gmail.com,Yoga Mat Premium,3,1499,2026-07-21
Josiane95@gmail.com,Resistance Bands Set,3,799,2026-06-10
Josiane95@gmail.com,Omega-3 Fish Oil,1,999,2026-02-03
Josiane95@gmail.com,Yoga Mat Premium,1,1499,2026-07-09
Josiane95@gmail.com,Whey Protein Powder,3,2999,2025-12-10
Josiane95@gmail.com,Resistance Bands Set,2,799,2025-07-31
Josiane95@gmail.com,Shaker Bottle,3,399,2025-05-20
Josiane95@gmail.com,Pre-Workout Formula,2,2499,2026-02-11
Josiane95@gmail.com,Pre-Workout Formula,3,2499,2026-03-17
Josiane95@gmail.com,Whey Protein Powder,1,2999,2026-03-16
Josiane95@gmail.com,Pre-Workout Formula,2,2499,2026-01-19
Josiane95@gmail.com,Creatine Monohydrate,2,1499,2025-06-26
Josiane95@gmail.com,Whey Protein Powder,3,2999,2026-02-10
Josiane95@gmail.com,Creatine Monohydrate,1,1499,2025-05-21
Josiane95@gmail.com,Yoga Mat Premium,3,1499,2026-08-01
Josiane95@gmail.com,Omega-3 Fish Oil,2,999,2025-11-23
Sydney.Anderson@hotmail.com,Shaker Bottle,2,399,2025-11-09
Sydney.Anderson@hotmail.com,Shaker Bottle,1,399,2025-09-24
Sydney.Anderson@hotmail.com,Whey Protein Powder,2,2999,2025-09-22
Sydney.Anderson@hotmail.com,Resistance Bands Set,1,799,2026-01-31
Sydney.Anderson@hotmail.com,Resistance Bands Set,1,799,2025-11-28
Sydney.Anderson@hotmail.com,Shaker Bottle,1,399,2025-10-22
Sydney.Anderson@hotmail.com,Omega-3 Fish Oil,1,999,2026-06-09
Sydney.Anderson@hotmail.com,Whey Protein Powder,2,2999,2025-12-02
Sydney.Anderson@hotmail.com,Shaker Bottle,3,399,2026-01-07
Sydney.Anderson@hotmail.com,Creatine Monohydrate,3,1499,2026-08-10
Sydney.Anderson@hotmail.com,Omega-3 Fish Oil,1,999,2026-04-18
Sydney.Anderson@hotmail.com,Omega-3 Fish Oil,2,999,2026-02-19
Sydney.Anderson@hotmail.com,Pre-Workout Formula,2,2499,2025-10-09
Sydney.Anderson@hotmail.com,Whey Protein Powder,1,2999,2025-12-17
Wilhelm.Kemmer51@yahoo.com,Creatine Monohydrate,2,1499,2026-08-04
Wilhelm.Kemmer51@yahoo.com,Creatine Monohydrate,1,1499,2026-06-15
Wilhelm.Kemmer51@yahoo.com,Creatine Monohydrate,2,1499,2026-05-06
Wilhelm.Kemmer51@yahoo.com,Creatine Monohydrate,2,1499,2026-03-17
Wilhelm.Kemmer51@yahoo.com,Creatine Monohydrate,1,1499,2026-01-31
Brent_Kulas@gmail.com,Pre-Workout Formula,2,2499,2026-07-24
Brent_Kulas@gmail.com,Creatine Monohydrate,3,1499,2026-04-29
Brent_Kulas@gmail.com,Shaker Bottle,2,399,2025-11-05
Brent_Kulas@gmail.com,Whey Protein Powder,3,2999,2026-05-26
Brent_Kulas@gmail.com,Creatine Monohydrate,1,1499,2026-07-30
Brent_Kulas@gmail.com,Shaker Bottle,2,399,2026-04-15
Brent_Kulas@gmail.com,Whey Protein Powder,2,2999,2026-07-18
Brent_Kulas@gmail.com,Omega-3 Fish Oil,1,999,2025-10-02
Brent_Kulas@gmail.com,Yoga Mat Premium,3,1499,2025-10-28
Brent_Kulas@gmail.com,Creatine Monohydrate,2,1499,2026-01-22
Brent_Kulas@gmail.com,Yoga Mat Premium,2,1499,2026-06-20
Brent_Kulas@gmail.com,Shaker Bottle,2,399,2026-05-16
Brent_Kulas@gmail.com,Resistance Bands Set,2,799,2026-05-22
Brent_Kulas@gmail.com,Yoga Mat Premium,3,1499,2026-05-26
Brent_Kulas@gmail.com,Pre-Workout Formula,1,2499,2025-12-29
Brent_Kulas@gmail.com,Whey Protein Powder,1,2999,2026-05-29
Brent_Kulas@gmail.com,Resistance Bands Set,3,799,2025-12-30
Brent_Kulas@gmail.com,Shaker Bottle,2,399,2026-05-22
Brent_Kulas@gmail.com,Creatine Monohydrate,3,1499,2026-05-02
Brent_Kulas@gmail.com,Omega-3 Fish Oil,3,999,2026-05-09
Brent_Kulas@gmail.com,Pre-Workout Formula,1,2499,2026-03-10
Brent_Kulas@gmail.com,Whey Protein Powder,3,2999,2025-11-19
Brent_Kulas@gmail.com,Omega-3 Fish Oil,1,999,2026-05-05
Brent_Kulas@gmail.com,Pre-Workout Formula,3,2499,2025-10-03
Brent_Kulas@gmail.com,Omega-3 Fish Oil,2,999,2025-10-26
Brent_Kulas@gmail.com,Shaker Bottle,2,399,2025-11-07
Brent_Kulas@gmail.com,Shaker Bottle,2,399,2026-06-06
Brent_Kulas@gmail.com,Resistance Bands Set,3,799,2026-08-10
Brent_Kulas@gmail.com,Creatine Monohydrate,2,1499,2026-07-07
Brent_Kulas@gmail.com,Resistance Bands Set,1,799,2025-11-05
Brent_Kulas@gmail.com,Omega-3 Fish Oil,3,999,2025-10-10
Brent_Kulas@gmail.com,Omega-3 Fish Oil,3,999,2026-07-05
Brent_Kulas@gmail.com,Yoga Mat Premium,1,1499,2026-01-12
Brent_Kulas@gmail.com,Resistance Bands Set,2,799,2025-12-02
Brent_Kulas@gmail.com,Omega-3 Fish Oil,2,999,2026-01-09
Brent_Kulas@gmail.com,Pre-Workout Formula,1,2499,2025-09-11
Corey97@hotmail.com,Omega-3 Fish Oil,2,999,2025-12-13
Gene_Marvin28@yahoo.com,Whey Protein Powder,3,2999,2026-03-29
Gene_Marvin28@yahoo.com,Creatine Monohydrate,2,1499,2026-02-26
Gene_Marvin28@yahoo.com,Omega-3 Fish Oil,1,999,2026-07-30
Gene_Marvin28@yahoo.com,Shaker Bottle,1,399,2026-03-22
Gene_Marvin28@yahoo.com,Yoga Mat Premium,3,1499,2026-02-26
Gene_Marvin28@yahoo.com,Whey Protein Powder,1,2999,2026-07-26
Gene_Marvin28@yahoo.com,Omega-3 Fish Oil,2,999,2026-05-20
Gene_Marvin28@yahoo.com,Whey Protein Powder,3,2999,2026-02-06
Gene_Marvin28@yahoo.com,Shaker Bottle,2,399,2026-04-11
Gene_Marvin28@yahoo.com,Creatine Monohydrate,1,1499,2026-05-21
Gene_Marvin28@yahoo.com,Whey Protein Powder,2,2999,2026-04-04
Gene_Marvin28@yahoo.com,Omega-3 Fish Oil,3,999,2026-06-04
Gene_Marvin28@yahoo.com,Shaker Bottle,2,399,2026-08-06
Gene_Marvin28@yahoo.com,Creatine Monohydrate,1,1499,2026-02-05
Gene_Marvin28@yahoo.com,Omega-3 Fish Oil,2,999,2026-05-29
Gene_Marvin28@yahoo.com,Shaker Bottle,1,399,2026-06-02
Gene_Marvin28@yahoo.com,Creatine Monohydrate,1,1499,2026-08-10
Gene_Marvin28@yahoo.com,Omega-3 Fish Oil,3,999,2026-08-05
Gene_Marvin28@yahoo.com,Resistance Bands Set,3,799,2026-06-29
Gene_Marvin28@yahoo.com,Creatine Monohydrate,2,1499,2026-06-03
Gene_Marvin28@yahoo.com,Creatine Monohydrate,2,1499,2026-05-15
Gene_Marvin28@yahoo.com,Yoga Mat Premium,3,1499,2026-03-20
Gene_Marvin28@yahoo.com,Yoga Mat Premium,2,1499,2026-04-15
Gene_Marvin28@yahoo.com,Pre-Workout Formula,1,2499,2026-03-13
Gene_Marvin28@yahoo.com,Creatine Monohydrate,3,1499,2026-04-22
Gene_Marvin28@yahoo.com,Yoga Mat Premium,3,1499,2026-06-15
Gene_Marvin28@yahoo.com,Resistance Bands Set,3,799,2026-07-28
Gene_Marvin28@yahoo.com,Creatine Monohydrate,3,1499,2026-05-05
Gene_Marvin28@yahoo.com,Whey Protein Powder,3,2999,2026-04-13
Gene_Marvin28@yahoo.com,Pre-Workout Formula,2,2499,2026-07-19
Gene_Marvin28@yahoo.com,Yoga Mat Premium,3,1499,2026-07-20
Kay50@yahoo.com,Creatine Monohydrate,2,1499,2026-07-31
Kay50@yahoo.com,Creatine Monohydrate,1,1499,2026-06-12
Kay50@yahoo.com,Creatine Monohydrate,1,1499,2026-04-29
Kay50@yahoo.com,Creatine Monohydrate,2,1499,2026-03-14
Kay50@yahoo.com,Creatine Monohydrate,2,1499,2026-02-01
Kay50@yahoo.com,Creatine Monohydrate,2,1499,2025-12-15
Kay50@yahoo.com,Creatine Monohydrate,1,1499,2025-11-02
Joy_Upton@gmail.com,Creatine Monohydrate,2,1499,2026-07-25
Joy_Upton@gmail.com,Creatine Monohydrate,1,1499,2026-06-11
Joy_Upton@gmail.com,Creatine Monohydrate,2,1499,2026-04-27
Joy_Upton@gmail.com,Creatine Monohydrate,1,1499,2026-03-15
Joy_Upton@gmail.com,Creatine Monohydrate,2,1499,2026-01-27
Joy_Upton@gmail.com,Creatine Monohydrate,1,1499,2025-12-11
Joy_Upton@gmail.com,Resistance Bands Set,2,799,2026-03-12
Joy_Upton@gmail.com,Resistance Bands Set,3,799,2025-08-16
Joy_Upton@gmail.com,Shaker Bottle,3,399,2025-05-18
Joy_Upton@gmail.com,Whey Protein Powder,1,2999,2025-05-08
Joy_Upton@gmail.com,Resistance Bands Set,2,799,2026-05-09
Joy_Upton@gmail.com,Omega-3 Fish Oil,2,999,2025-11-15
Joy_Upton@gmail.com,Yoga Mat Premium,3,1499,2025-10-25
Joy_Upton@gmail.com,Pre-Workout Formula,3,2499,2025-10-16
Joy_Upton@gmail.com,Whey Protein Powder,2,2999,2025-04-30
Joy_Upton@gmail.com,Pre-Workout Formula,2,2499,2025-07-06
Joy_Upton@gmail.com,Yoga Mat Premium,2,1499,2026-06-17
Chris70@gmail.com,Whey Protein Powder,2,2999,2025-09-07
Burdette.Abernathy@gmail.com,Pre-Workout Formula,1,2499,2026-07-25
Burdette.Abernathy@gmail.com,Pre-Workout Formula,2,2499,2026-06-27
Burdette.Abernathy@gmail.com,Pre-Workout Formula,1,2499,2026-05-29
Burdette.Abernathy@gmail.com,Pre-Workout Formula,1,2499,2026-04-25
Burdette.Abernathy@gmail.com,Pre-Workout Formula,2,2499,2026-03-26
Burdette.Abernathy@gmail.com,Pre-Workout Formula,1,2499,2026-03-01
Burdette.Abernathy@gmail.com,Pre-Workout Formula,1,2499,2026-01-25
Burdette.Abernathy@gmail.com,Pre-Workout Formula,2,2499,2025-12-27
Laisha_Kuvalis20@hotmail.com,Yoga Mat Premium,3,1499,2025-12-21
Laisha_Kuvalis20@hotmail.com,Omega-3 Fish Oil,1,999,2025-03-08
Laisha_Kuvalis20@hotmail.com,Pre-Workout Formula,1,2499,2025-05-21
Laisha_Kuvalis20@hotmail.com,Omega-3 Fish Oil,1,999,2025-09-11
Laisha_Kuvalis20@hotmail.com,Shaker Bottle,2,399,2025-04-16
Laisha_Kuvalis20@hotmail.com,Whey Protein Powder,1,2999,2025-08-17
Korey98@gmail.com,Whey Protein Powder,1,2999,2026-07-02
Korey98@gmail.com,Pre-Workout Formula,1,2499,2026-04-08
Korey98@gmail.com,Whey Protein Powder,3,2999,2026-02-10
Korey98@gmail.com,Shaker Bottle,3,399,2026-02-22
Korey98@gmail.com,Whey Protein Powder,2,2999,2026-06-05
Korey98@gmail.com,Shaker Bottle,3,399,2026-03-19
Korey98@gmail.com,Shaker Bottle,2,399,2026-06-06
Korey98@gmail.com,Shaker Bottle,3,399,2026-02-26
Elton_Veum@hotmail.com,Yoga Mat Premium,2,1499,2025-12-12
Elton_Veum@hotmail.com,Resistance Bands Set,2,799,2026-01-31
Elton_Veum@hotmail.com,Whey Protein Powder,1,2999,2026-03-28
Elton_Veum@hotmail.com,Shaker Bottle,2,399,2026-05-25
Elton_Veum@hotmail.com,Pre-Workout Formula,3,2499,2026-04-15
Lorene_Kulas@gmail.com,Whey Protein Powder,2,2999,2026-07-20
Lorene_Kulas@gmail.com,Pre-Workout Formula,2,2499,2026-07-01
Lorene_Kulas@gmail.com,Shaker Bottle,3,399,2026-07-10
Lorene_Kulas@gmail.com,Whey Protein Powder,2,2999,2026-06-11
Lorene_Kulas@gmail.com,Creatine Monohydrate,3,1499,2026-06-01
Lorene_Kulas@gmail.com,Shaker Bottle,1,399,2026-06-15
Lorene_Kulas@gmail.com,Creatine Monohydrate,2,1499,2026-07-15
Lorene_Kulas@gmail.com,Shaker Bottle,2,399,2026-07-02
Lorene_Kulas@gmail.com,Pre-Workout Formula,3,2499,2026-05-24
Lorene_Kulas@gmail.com,Shaker Bottle,3,399,2026-07-03
Lorene_Kulas@gmail.com,Resistance Bands Set,2,799,2026-06-13
Lorene_Kulas@gmail.com,Omega-3 Fish Oil,3,999,2026-06-09
Lorene_Kulas@gmail.com,Whey Protein Powder,3,2999,2026-06-25
Lorene_Kulas@gmail.com,Resistance Bands Set,3,799,2026-07-21
Lorene_Kulas@gmail.com,Omega-3 Fish Oil,1,999,2026-07-01
Lorene_Kulas@gmail.com,Creatine Monohydrate,3,1499,2026-08-04
Lorene_Kulas@gmail.com,Resistance Bands Set,3,799,2026-07-19
Lorene_Kulas@gmail.com,Creatine Monohydrate,2,1499,2026-06-03
Lorene_Kulas@gmail.com,Whey Protein Powder,3,2999,2026-07-07
Lorene_Kulas@gmail.com,Yoga Mat Premium,1,1499,2026-06-20
Price.Heidenreich@hotmail.com,Yoga Mat Premium,1,1499,2026-01-07
Price.Heidenreich@hotmail.com,Whey Protein Powder,1,2999,2025-07-18
Price.Heidenreich@hotmail.com,Creatine Monohydrate,3,1499,2026-02-28
Price.Heidenreich@hotmail.com,Shaker Bottle,1,399,2025-10-14
Price.Heidenreich@hotmail.com,Omega-3 Fish Oil,2,999,2025-04-27
Price.Heidenreich@hotmail.com,Omega-3 Fish Oil,3,999,2025-06-15
Price.Heidenreich@hotmail.com,Omega-3 Fish Oil,2,999,2025-08-19
Shemar.Beer@gmail.com,Yoga Mat Premium,3,1499,2025-12-20
Shemar.Beer@gmail.com,Shaker Bottle,1,399,2026-04-05
Shemar.Beer@gmail.com,Whey Protein Powder,1,2999,2025-07-10
Shemar.Beer@gmail.com,Resistance Bands Set,1,799,2025-07-13
Shemar.Beer@gmail.com,Creatine Monohydrate,3,1499,2025-06-29
Shemar.Beer@gmail.com,Whey Protein Powder,3,2999,2025-07-14
Shemar.Beer@gmail.com,Creatine Monohydrate,2,1499,2024-12-22
Shemar.Beer@gmail.com,Pre-Workout Formula,1,2499,2025-01-08
Shemar.Beer@gmail.com,Omega-3 Fish Oil,2,999,2026-06-13
Shemar.Beer@gmail.com,Pre-Workout Formula,3,2499,2024-12-08
Shemar.Beer@gmail.com,Creatine Monohydrate,1,1499,2025-03-01
Shemar.Beer@gmail.com,Shaker Bottle,2,399,2025-03-03
Shemar.Beer@gmail.com,Shaker Bottle,1,399,2025-01-26
Shemar.Beer@gmail.com,Yoga Mat Premium,3,1499,2026-07-01
Shemar.Beer@gmail.com,Creatine Monohydrate,3,1499,2025-05-11
Shemar.Beer@gmail.com,Omega-3 Fish Oil,3,999,2024-12-18
Shemar.Beer@gmail.com,Shaker Bottle,1,399,2026-02-16
Shemar.Beer@gmail.com,Whey Protein Powder,3,2999,2025-08-03
Shemar.Beer@gmail.com,Pre-Workout Formula,2,2499,2026-07-06
Shemar.Beer@gmail.com,Shaker Bottle,3,399,2025-12-23
Shemar.Beer@gmail.com,Resistance Bands Set,2,799,2026-03-29
Shemar.Beer@gmail.com,Resistance Bands Set,2,799,2025-02-06
Shemar.Beer@gmail.com,Creatine Monohydrate,1,1499,2025-07-12
Shemar.Beer@gmail.com,Omega-3 Fish Oil,1,999,2025-09-15
Shemar.Beer@gmail.com,Resistance Bands Set,1,799,2025-02-27
Shemar.Beer@gmail.com,Whey Protein Powder,3,2999,2026-08-14
Shemar.Beer@gmail.com,Pre-Workout Formula,1,2499,2025-06-06
Shemar.Beer@gmail.com,Creatine Monohydrate,1,1499,2025-06-08
Zoey_Lemke52@hotmail.com,Creatine Monohydrate,2,1499,2026-04-10
Zoey_Lemke52@hotmail.com,Pre-Workout Formula,2,2499,2026-03-01
Zoey_Lemke52@hotmail.com,Whey Protein Powder,3,2999,2026-02-25
Zoey_Lemke52@hotmail.com,Whey Protein Powder,3,2999,2026-07-09
Zoey_Lemke52@hotmail.com,Whey Protein Powder,2,2999,2026-03-11
Zoey_Lemke52@hotmail.com,Yoga Mat Premium,1,1499,2026-07-18
Zoey_Lemke52@hotmail.com,Yoga Mat Premium,3,1499,2026-05-16
Zoey_Lemke52@hotmail.com,Resistance Bands Set,1,799,2026-04-13
Zoey_Lemke52@hotmail.com,Whey Protein Powder,3,2999,2026-05-19
Zoey_Lemke52@hotmail.com,Yoga Mat Premium,2,1499,2026-05-12
Zoey_Lemke52@hotmail.com,Pre-Workout Formula,2,2499,2026-07-23
Zoey_Lemke52@hotmail.com,Resistance Bands Set,2,799,2026-07-06
Zoey_Lemke52@hotmail.com,Resistance Bands Set,2,799,2026-06-29
Zoey_Lemke52@hotmail.com,Pre-Workout Formula,3,2499,2026-06-04
Zoey_Lemke52@hotmail.com,Omega-3 Fish Oil,1,999,2026-06-21
Zoey_Lemke52@hotmail.com,Yoga Mat Premium,3,1499,2026-04-24
Zoey_Lemke52@hotmail.com,Whey Protein Powder,1,2999,2026-06-07
Zoey_Lemke52@hotmail.com,Shaker Bottle,3,399,2026-04-08
Carter_Runte42@yahoo.com,Whey Protein Powder,1,2999,2026-06-04
Carter_Runte42@yahoo.com,Resistance Bands Set,1,799,2026-01-07
Carter_Runte42@yahoo.com,Shaker Bottle,3,399,2026-01-19
Carter_Runte42@yahoo.com,Omega-3 Fish Oil,1,999,2025-12-08
Carter_Runte42@yahoo.com,Shaker Bottle,3,399,2025-12-12
Carter_Runte42@yahoo.com,Pre-Workout Formula,2,2499,2025-11-24
Zoey_Russel@yahoo.com,Pre-Workout Formula,1,2499,2025-10-22
Zoey_Russel@yahoo.com,Omega-3 Fish Oil,3,999,2026-02-07
Zoey_Russel@yahoo.com,Yoga Mat Premium,1,1499,2025-07-31
Zoey_Russel@yahoo.com,Omega-3 Fish Oil,1,999,2026-03-18
Zoey_Russel@yahoo.com,Shaker Bottle,2,399,2026-01-21
Zoey_Russel@yahoo.com,Shaker Bottle,2,399,2026-02-07
Zoey_Russel@yahoo.com,Resistance Bands Set,1,799,2025-04-07
Zoey_Russel@yahoo.com,Creatine Monohydrate,1,1499,2026-06-27
Zoey_Russel@yahoo.com,Omega-3 Fish Oil,2,999,2026-08-17
Zoey_Russel@yahoo.com,Creatine Monohydrate,1,1499,2026-07-04
Zoey_Russel@yahoo.com,Pre-Workout Formula,1,2499,2025-03-26
Zoey_Russel@yahoo.com,Shaker Bottle,2,399,2025-04-09
Zoey_Russel@yahoo.com,Whey Protein Powder,1,2999,2026-04-12
Zoey_Russel@yahoo.com,Yoga Mat Premium,3,1499,2026-02-20
Zoey_Russel@yahoo.com,Creatine Monohydrate,2,1499,2025-03-13
Zoey_Russel@yahoo.com,Pre-Workout Formula,3,2499,2025-10-30
Kayley_Conroy84@gmail.com,Pre-Workout Formula,2,2499,2025-03-27
Kayley_Conroy84@gmail.com,Creatine Monohydrate,1,1499,2024-11-27
Kayley_Conroy84@gmail.com,Pre-Workout Formula,1,2499,2025-11-25
Kayley_Conroy84@gmail.com,Resistance Bands Set,1,799,2024-10-03
Kayley_Conroy84@gmail.com,Yoga Mat Premium,2,1499,2025-11-22
Kayley_Conroy84@gmail.com,Shaker Bottle,3,399,2025-07-28
Kayley_Conroy84@gmail.com,Shaker Bottle,2,399,2025-03-25
Kayley_Conroy84@gmail.com,Creatine Monohydrate,3,1499,2025-05-29
Kayley_Conroy84@gmail.com,Yoga Mat Premium,1,1499,2024-10-27
Tasha_Moore@yahoo.com,Resistance Bands Set,2,799,2026-05-14
Tasha_Moore@yahoo.com,Shaker Bottle,2,399,2026-06-01
Tasha_Moore@yahoo.com,Whey Protein Powder,1,2999,2026-05-23
Tasha_Moore@yahoo.com,Resistance Bands Set,1,799,2026-04-21
Tasha_Moore@yahoo.com,Pre-Workout Formula,3,2499,2026-04-28
Tasha_Moore@yahoo.com,Omega-3 Fish Oil,1,999,2026-06-18
Tasha_Moore@yahoo.com,Shaker Bottle,2,399,2026-07-17
Tasha_Moore@yahoo.com,Whey Protein Powder,1,2999,2026-06-18
Tasha_Moore@yahoo.com,Creatine Monohydrate,2,1499,2026-07-11
Tasha_Moore@yahoo.com,Omega-3 Fish Oil,1,999,2026-06-14
Tasha_Moore@yahoo.com,Shaker Bottle,1,399,2026-06-18
Tasha_Moore@yahoo.com,Yoga Mat Premium,2,1499,2026-05-14
Tasha_Moore@yahoo.com,Whey Protein Powder,2,2999,2026-06-14
Tasha_Moore@yahoo.com,Pre-Workout Formula,2,2499,2026-06-26
Tasha_Moore@yahoo.com,Creatine Monohydrate,2,1499,2026-05-10
Tasha_Moore@yahoo.com,Resistance Bands Set,1,799,2026-07-02
Tasha_Moore@yahoo.com,Creatine Monohydrate,3,1499,2026-05-24
Tasha_Moore@yahoo.com,Shaker Bottle,3,399,2026-04-27
Tasha_Moore@yahoo.com,Yoga Mat Premium,3,1499,2026-07-05
Tasha_Moore@yahoo.com,Omega-3 Fish Oil,2,999,2026-06-10
Tasha_Moore@yahoo.com,Omega-3 Fish Oil,1,999,2026-07-01
Tasha_Moore@yahoo.com,Whey Protein Powder,1,2999,2026-06-04
Tasha_Moore@yahoo.com,Resistance Bands Set,2,799,2026-04-16
Norris.Klocko49@gmail.com,Omega-3 Fish Oil,3,999,2026-03-17
Norris.Klocko49@gmail.com,Creatine Monohydrate,1,1499,2025-11-30
Norris.Klocko49@gmail.com,Yoga Mat Premium,3,1499,2025-07-28
Norris.Klocko49@gmail.com,Shaker Bottle,3,399,2025-12-05
Norris.Klocko49@gmail.com,Resistance Bands Set,2,799,2026-03-10
Norris.Klocko49@gmail.com,Pre-Workout Formula,3,2499,2026-05-15
Norris.Klocko49@gmail.com,Whey Protein Powder,1,2999,2025-06-24
Norris.Klocko49@gmail.com,Resistance Bands Set,1,799,2025-12-05
Norris.Klocko49@gmail.com,Creatine Monohydrate,3,1499,2026-04-07
Norris.Klocko49@gmail.com,Creatine Monohydrate,3,1499,2025-07-13
Norris.Klocko49@gmail.com,Omega-3 Fish Oil,1,999,2025-09-27
Norris.Klocko49@gmail.com,Yoga Mat Premium,1,1499,2025-07-10
Norris.Klocko49@gmail.com,Resistance Bands Set,1,799,2026-04-06
Norris.Klocko49@gmail.com,Yoga Mat Premium,1,1499,2026-03-09
Norris.Klocko49@gmail.com,Omega-3 Fish Oil,2,999,2026-03-26
Norris.Klocko49@gmail.com,Yoga Mat Premium,2,1499,2025-11-06
Norris.Klocko49@gmail.com,Pre-Workout Formula,3,2499,2025-11-24
Norris.Klocko49@gmail.com,Yoga Mat Premium,2,1499,2025-08-06
Kianna_Kling@gmail.com,Resistance Bands Set,1,799,2026-04-02
Kianna_Kling@gmail.com,Pre-Workout Formula,1,2499,2025-05-23
Kianna_Kling@gmail.com,Whey Protein Powder,2,2999,2026-04-20
Kianna_Kling@gmail.com,Resistance Bands Set,1,799,2026-07-01
Kianna_Kling@gmail.com,Yoga Mat Premium,1,1499,2025-03-26
Kianna_Kling@gmail.com,Shaker Bottle,1,399,2026-02-17
Kianna_Kling@gmail.com,Shaker Bottle,2,399,2025-08-22
Kianna_Kling@gmail.com,Omega-3 Fish Oil,1,999,2025-11-13
Kianna_Kling@gmail.com,Whey Protein Powder,2,2999,2026-02-19
Kianna_Kling@gmail.com,Shaker Bottle,3,399,2025-09-28
Kianna_Kling@gmail.com,Yoga Mat Premium,3,1499,2026-01-02
Kianna_Kling@gmail.com,Whey Protein Powder,3,2999,2025-12-24
Kianna_Kling@gmail.com,Resistance Bands Set,3,799,2026-06-19
Kianna_Kling@gmail.com,Yoga Mat Premium,1,1499,2025-11-03
Kianna_Kling@gmail.com,Omega-3 Fish Oil,1,999,2025-11-30
Myles38@yahoo.com,Pre-Workout Formula,2,2499,2025-09-30
Myles38@yahoo.com,Yoga Mat Premium,3,1499,2026-04-08
Myles38@yahoo.com,Pre-Workout Formula,2,2499,2026-06-25
Myles38@yahoo.com,Creatine Monohydrate,2,1499,2026-07-08
Myles38@yahoo.com,Resistance Bands Set,2,799,2025-10-26
Myles38@yahoo.com,Omega-3 Fish Oil,2,999,2026-03-21
Myles38@yahoo.com,Yoga Mat Premium,2,1499,2026-04-18
Myles38@yahoo.com,Whey Protein Powder,3,2999,2025-08-18
Scottie.Schaden80@yahoo.com,Yoga Mat Premium,2,1499,2026-03-15
Scottie.Schaden80@yahoo.com,Omega-3 Fish Oil,1,999,2025-09-02
Scottie.Schaden80@yahoo.com,Whey Protein Powder,2,2999,2026-07-28
Scottie.Schaden80@yahoo.com,Omega-3 Fish Oil,1,999,2026-02-03
Scottie.Schaden80@yahoo.com,Shaker Bottle,2,399,2025-10-02
Scottie.Schaden80@yahoo.com,Whey Protein Powder,1,2999,2026-07-21
Scottie.Schaden80@yahoo.com,Whey Protein Powder,2,2999,2025-10-10
Scottie.Schaden80@yahoo.com,Pre-Workout Formula,2,2499,2025-08-12
Scottie.Schaden80@yahoo.com,Creatine Monohydrate,2,1499,2025-09-12
Scottie.Schaden80@yahoo.com,Whey Protein Powder,2,2999,2025-08-21
Scottie.Schaden80@yahoo.com,Resistance Bands Set,2,799,2025-11-20
Scottie.Schaden80@yahoo.com,Shaker Bottle,3,399,2025-09-17
Scottie.Schaden80@yahoo.com,Omega-3 Fish Oil,2,999,2026-01-29
Scottie.Schaden80@yahoo.com,Pre-Workout Formula,2,2499,2026-04-28
Scottie.Schaden80@yahoo.com,Creatine Monohydrate,3,1499,2026-05-15
Scottie.Schaden80@yahoo.com,Omega-3 Fish Oil,1,999,2025-09-10
Scottie.Schaden80@yahoo.com,Creatine Monohydrate,3,1499,2026-06-27
Scottie.Schaden80@yahoo.com,Resistance Bands Set,1,799,2026-03-23
Scottie.Schaden80@yahoo.com,Whey Protein Powder,1,2999,2025-12-03
Scottie.Schaden80@yahoo.com,Yoga Mat Premium,2,1499,2026-07-22
Scottie.Schaden80@yahoo.com,Shaker Bottle,3,399,2026-05-12
Scottie.Schaden80@yahoo.com,Yoga Mat Premium,1,1499,2026-04-21
Scottie.Schaden80@yahoo.com,Pre-Workout Formula,1,2499,2026-07-13
Scottie.Schaden80@yahoo.com,Omega-3 Fish Oil,2,999,2025-08-14
Scottie.Schaden80@yahoo.com,Pre-Workout Formula,3,2499,2026-03-06
Scottie.Schaden80@yahoo.com,Omega-3 Fish Oil,1,999,2025-08-15
Scottie.Schaden80@yahoo.com,Whey Protein Powder,1,2999,2025-10-25
Scottie.Schaden80@yahoo.com,Shaker Bottle,1,399,2026-06-10
Scottie.Schaden80@yahoo.com,Whey Protein Powder,2,2999,2025-08-23
Mohammad9@gmail.com,Omega-3 Fish Oil,3,999,2025-08-25
Mohammad9@gmail.com,Resistance Bands Set,2,799,2026-04-04
Mohammad9@gmail.com,Shaker Bottle,3,399,2026-04-06
Mohammad9@gmail.com,Pre-Workout Formula,1,2499,2026-06-09
Mohammad9@gmail.com,Yoga Mat Premium,3,1499,2026-07-20
Mohammad9@gmail.com,Omega-3 Fish Oil,2,999,2026-04-06
Mohammad9@gmail.com,Shaker Bottle,2,399,2025-12-04
Mohammad9@gmail.com,Creatine Monohydrate,2,1499,2025-11-04
Mohammad9@gmail.com,Pre-Workout Formula,3,2499,2026-02-11
Mohammad9@gmail.com,Resistance Bands Set,1,799,2025-10-13
Mohammad9@gmail.com,Shaker Bottle,1,399,2026-01-22
Gregorio77@hotmail.com,Resistance Bands Set,3,799,2026-03-09
Gregorio77@hotmail.com,Pre-Workout Formula,1,2499,2025-12-25
Gregorio77@hotmail.com,Pre-Workout Formula,3,2499,2026-05-26
Gregorio77@hotmail.com,Pre-Workout Formula,3,2499,2026-03-21
Gregorio77@hotmail.com,Shaker Bottle,2,399,2025-09-01
Gregorio77@hotmail.com,Creatine Monohydrate,2,1499,2025-08-04
Gregorio77@hotmail.com,Resistance Bands Set,2,799,2025-10-10
Gregorio77@hotmail.com,Pre-Workout Formula,1,2499,2026-05-04
Gregorio77@hotmail.com,Whey Protein Powder,3,2999,2026-07-01
Gregorio77@hotmail.com,Creatine Monohydrate,1,1499,2026-01-13
Gregorio77@hotmail.com,Shaker Bottle,3,399,2026-02-19
Gregorio77@hotmail.com,Creatine Monohydrate,3,1499,2026-05-06
Gregorio77@hotmail.com,Shaker Bottle,2,399,2025-07-30
Gregorio77@hotmail.com,Yoga Mat Premium,3,1499,2025-09-17
Gregorio77@hotmail.com,Shaker Bottle,2,399,2026-07-02
Gregorio77@hotmail.com,Shaker Bottle,3,399,2025-09-18
Gregorio77@hotmail.com,Whey Protein Powder,1,2999,2026-03-06
Elenor72@gmail.com,Omega-3 Fish Oil,2,999,2026-07-26
Elenor72@gmail.com,Omega-3 Fish Oil,2,999,2026-05-27
Elenor72@gmail.com,Omega-3 Fish Oil,1,999,2026-03-23
Elenor72@gmail.com,Omega-3 Fish Oil,1,999,2026-01-27
Elenor72@gmail.com,Omega-3 Fish Oil,1,999,2025-11-23
Elenor72@gmail.com,Creatine Monohydrate,3,1499,2026-06-19
Elenor72@gmail.com,Whey Protein Powder,3,2999,2026-04-21
Elenor72@gmail.com,Pre-Workout Formula,1,2499,2026-05-07
Elenor72@gmail.com,Yoga Mat Premium,3,1499,2026-03-13
Elenor72@gmail.com,Shaker Bottle,2,399,2026-02-17
Elenor72@gmail.com,Pre-Workout Formula,3,2499,2026-07-17
Elenor72@gmail.com,Creatine Monohydrate,2,1499,2026-05-22
Elenor72@gmail.com,Resistance Bands Set,1,799,2026-05-06
Elenor72@gmail.com,Whey Protein Powder,1,2999,2026-04-17
Elenor72@gmail.com,Resistance Bands Set,2,799,2026-05-06
Elenor72@gmail.com,Shaker Bottle,3,399,2026-05-09
Elenor72@gmail.com,Yoga Mat Premium,3,1499,2026-04-13
Elenor72@gmail.com,Creatine Monohydrate,2,1499,2026-07-16
Elenor72@gmail.com,Creatine Monohydrate,1,1499,2026-05-17
Elenor72@gmail.com,Pre-Workout Formula,1,2499,2026-03-05
Elenor72@gmail.com,Pre-Workout Formula,1,2499,2026-05-26
Elenor72@gmail.com,Whey Protein Powder,2,2999,2026-06-03
Elenor72@gmail.com,Pre-Workout Formula,1,2499,2026-03-20
Elenor72@gmail.com,Pre-Workout Formula,3,2499,2026-05-28
Elenor72@gmail.com,Creatine Monohydrate,1,1499,2026-03-15
Elenor72@gmail.com,Whey Protein Powder,1,2999,2026-06-06
Elenor72@gmail.com,Pre-Workout Formula,1,2499,2026-07-06
Elenor72@gmail.com,Pre-Workout Formula,2,2499,2026-07-03
Elenor72@gmail.com,Pre-Workout Formula,1,2499,2026-04-03
Elenor72@gmail.com,Shaker Bottle,2,399,2026-05-01
Elenor72@gmail.com,Shaker Bottle,3,399,2026-03-24
Elenor72@gmail.com,Shaker Bottle,1,399,2026-02-27
Elenor72@gmail.com,Pre-Workout Formula,1,2499,2026-02-15
Elenor72@gmail.com,Shaker Bottle,2,399,2026-06-17
Elenor72@gmail.com,Pre-Workout Formula,2,2499,2026-04-23
Elenor72@gmail.com,Shaker Bottle,2,399,2026-02-28
Elenor72@gmail.com,Whey Protein Powder,1,2999,2026-02-23
Neil.Kihn@gmail.com,Whey Protein Powder,2,2999,2026-07-28
Neil.Kihn@gmail.com,Whey Protein Powder,1,2999,2026-07-04
Neil.Kihn@gmail.com,Whey Protein Powder,2,2999,2026-06-01
Neil.Kihn@gmail.com,Whey Protein Powder,1,2999,2026-05-03
Neil.Kihn@gmail.com,Whey Protein Powder,2,2999,2026-04-01
Neil.Kihn@gmail.com,Whey Protein Powder,1,2999,2026-03-03
Neil.Kihn@gmail.com,Whey Protein Powder,1,2999,2026-01-31
Neil.Kihn@gmail.com,Whey Protein Powder,1,2999,2025-12-31
Neoma.Stracke-Parisian@yahoo.com,Shaker Bottle,1,399,2026-07-28
Neoma.Stracke-Parisian@yahoo.com,Yoga Mat Premium,3,1499,2026-07-14
Neoma.Stracke-Parisian@yahoo.com,Pre-Workout Formula,1,2499,2026-01-19
Claudie64@hotmail.com,Pre-Workout Formula,2,2499,2026-07-26
Claudie64@hotmail.com,Pre-Workout Formula,2,2499,2026-06-22
Claudie64@hotmail.com,Pre-Workout Formula,2,2499,2026-05-22
Claudie64@hotmail.com,Pre-Workout Formula,2,2499,2026-04-27
Claudie64@hotmail.com,Pre-Workout Formula,1,2499,2026-03-26
Claudie64@hotmail.com,Pre-Workout Formula,1,2499,2026-02-24
Claudie64@hotmail.com,Pre-Workout Formula,2,2499,2026-01-24
Claudie64@hotmail.com,Pre-Workout Formula,1,2499,2025-12-23
Claudie64@hotmail.com,Omega-3 Fish Oil,1,999,2025-10-09
Claudie64@hotmail.com,Whey Protein Powder,3,2999,2025-09-01
Claudie64@hotmail.com,Shaker Bottle,3,399,2025-11-19
Claudie64@hotmail.com,Shaker Bottle,1,399,2025-09-09
Claudie64@hotmail.com,Yoga Mat Premium,1,1499,2026-01-04
Claudie64@hotmail.com,Creatine Monohydrate,3,1499,2025-08-16
Fredy_Keebler11@yahoo.com,Whey Protein Powder,2,2999,2025-09-11
Fredy_Keebler11@yahoo.com,Creatine Monohydrate,3,1499,2026-03-30
Fredy_Keebler11@yahoo.com,Shaker Bottle,3,399,2025-08-31
Fredy_Keebler11@yahoo.com,Yoga Mat Premium,3,1499,2026-07-25
Fredy_Keebler11@yahoo.com,Resistance Bands Set,2,799,2025-10-07
Fredy_Keebler11@yahoo.com,Pre-Workout Formula,3,2499,2025-11-25
Fredy_Keebler11@yahoo.com,Resistance Bands Set,1,799,2025-10-24
Fredy_Keebler11@yahoo.com,Whey Protein Powder,1,2999,2026-06-10
Fredy_Keebler11@yahoo.com,Pre-Workout Formula,1,2499,2026-05-30
Fredy_Keebler11@yahoo.com,Omega-3 Fish Oil,3,999,2026-03-04
Fredy_Keebler11@yahoo.com,Resistance Bands Set,3,799,2026-06-13
Fredy_Keebler11@yahoo.com,Creatine Monohydrate,2,1499,2026-01-20
Fredy_Keebler11@yahoo.com,Shaker Bottle,3,399,2026-03-24
Fredy_Keebler11@yahoo.com,Resistance Bands Set,1,799,2025-11-29
Fredy_Keebler11@yahoo.com,Pre-Workout Formula,2,2499,2026-01-05
Fredy_Keebler11@yahoo.com,Resistance Bands Set,3,799,2026-05-06
Fredy_Keebler11@yahoo.com,Creatine Monohydrate,2,1499,2026-03-11
Fredy_Keebler11@yahoo.com,Creatine Monohydrate,3,1499,2026-05-25
Rico.Hauck@yahoo.com,Creatine Monohydrate,2,1499,2026-07-26
Rico.Hauck@yahoo.com,Creatine Monohydrate,2,1499,2026-06-13
Rico.Hauck@yahoo.com,Creatine Monohydrate,2,1499,2026-04-28
Rico.Hauck@yahoo.com,Creatine Monohydrate,2,1499,2026-03-12
Rico.Hauck@yahoo.com,Creatine Monohydrate,2,1499,2026-01-30
Rico.Hauck@yahoo.com,Creatine Monohydrate,2,1499,2025-12-13
Rico.Hauck@yahoo.com,Creatine Monohydrate,2,1499,2025-10-31
Rico.Hauck@yahoo.com,Creatine Monohydrate,1,1499,2025-09-15
Syble.Stracke56@gmail.com,Whey Protein Powder,2,2999,2026-08-01
Syble.Stracke56@gmail.com,Whey Protein Powder,2,2999,2026-07-04
Syble.Stracke56@gmail.com,Whey Protein Powder,1,2999,2026-05-30
Syble.Stracke56@gmail.com,Whey Protein Powder,1,2999,2026-05-03
Caden.Jacobi@hotmail.com,Omega-3 Fish Oil,2,999,2026-06-18
Caden.Jacobi@hotmail.com,Yoga Mat Premium,2,1499,2026-06-19
Caden.Jacobi@hotmail.com,Whey Protein Powder,1,2999,2026-05-31
Caden.Jacobi@hotmail.com,Pre-Workout Formula,3,2499,2026-06-29
Caden.Jacobi@hotmail.com,Shaker Bottle,2,399,2026-07-12
Caden.Jacobi@hotmail.com,Shaker Bottle,1,399,2026-07-12
Caden.Jacobi@hotmail.com,Shaker Bottle,3,399,2026-06-23
Caden.Jacobi@hotmail.com,Whey Protein Powder,2,2999,2026-06-30
Caden.Jacobi@hotmail.com,Omega-3 Fish Oil,1,999,2026-06-06
Caden.Jacobi@hotmail.com,Yoga Mat Premium,1,1499,2026-07-13
Caden.Jacobi@hotmail.com,Pre-Workout Formula,1,2499,2026-07-05
Caden.Jacobi@hotmail.com,Omega-3 Fish Oil,2,999,2026-06-02
Caden.Jacobi@hotmail.com,Yoga Mat Premium,2,1499,2026-07-17
Caden.Jacobi@hotmail.com,Pre-Workout Formula,2,2499,2026-06-30
Caden.Jacobi@hotmail.com,Creatine Monohydrate,3,1499,2026-06-28
Caden.Jacobi@hotmail.com,Pre-Workout Formula,2,2499,2026-06-11
Caden.Jacobi@hotmail.com,Shaker Bottle,2,399,2026-06-03
Caden.Jacobi@hotmail.com,Creatine Monohydrate,2,1499,2026-06-04
Caden.Jacobi@hotmail.com,Resistance Bands Set,3,799,2026-07-01
Caden.Jacobi@hotmail.com,Shaker Bottle,3,399,2026-07-02
Caden.Jacobi@hotmail.com,Omega-3 Fish Oil,1,999,2026-07-01
Caden.Jacobi@hotmail.com,Yoga Mat Premium,3,1499,2026-07-08
Caden.Jacobi@hotmail.com,Resistance Bands Set,1,799,2026-05-26
Caden.Jacobi@hotmail.com,Omega-3 Fish Oil,2,999,2026-06-20
Caden.Jacobi@hotmail.com,Creatine Monohydrate,1,1499,2026-07-09
Caden.Jacobi@hotmail.com,Omega-3 Fish Oil,1,999,2026-07-04
Caden.Jacobi@hotmail.com,Creatine Monohydrate,2,1499,2026-06-15
Caden.Jacobi@hotmail.com,Creatine Monohydrate,1,1499,2026-07-10
Arlo.Langworth@hotmail.com,Omega-3 Fish Oil,3,999,2026-02-24
Arlo.Langworth@hotmail.com,Creatine Monohydrate,1,1499,2025-10-14
Arlo.Langworth@hotmail.com,Pre-Workout Formula,1,2499,2026-02-08
Arlo.Langworth@hotmail.com,Resistance Bands Set,2,799,2026-06-17
Arlo.Langworth@hotmail.com,Whey Protein Powder,2,2999,2026-05-30
Arlo.Langworth@hotmail.com,Omega-3 Fish Oil,3,999,2025-12-06
Arlo.Langworth@hotmail.com,Creatine Monohydrate,2,1499,2026-04-24
Arlo.Langworth@hotmail.com,Yoga Mat Premium,2,1499,2025-11-06
Arlo.Langworth@hotmail.com,Shaker Bottle,2,399,2026-04-25
Arlo.Langworth@hotmail.com,Resistance Bands Set,1,799,2026-01-06
Arlo.Langworth@hotmail.com,Whey Protein Powder,2,2999,2026-04-26
Arlo.Langworth@hotmail.com,Resistance Bands Set,3,799,2026-05-09
Arlo.Langworth@hotmail.com,Shaker Bottle,1,399,2026-01-24
Arlo.Langworth@hotmail.com,Whey Protein Powder,3,2999,2026-03-22
Arlo.Langworth@hotmail.com,Pre-Workout Formula,1,2499,2026-02-24
Arlo.Langworth@hotmail.com,Yoga Mat Premium,3,1499,2026-04-15
Arlo.Langworth@hotmail.com,Yoga Mat Premium,2,1499,2026-02-14
Arlo.Langworth@hotmail.com,Yoga Mat Premium,2,1499,2025-10-14
Arlo.Langworth@hotmail.com,Shaker Bottle,3,399,2026-02-01
Arlo.Langworth@hotmail.com,Omega-3 Fish Oil,2,999,2025-11-05
Arlo.Langworth@hotmail.com,Omega-3 Fish Oil,3,999,2026-01-21
Arlo.Langworth@hotmail.com,Shaker Bottle,1,399,2026-04-23
Arlo.Langworth@hotmail.com,Resistance Bands Set,3,799,2025-11-01
Arlo.Langworth@hotmail.com,Creatine Monohydrate,2,1499,2026-03-17
Arlo.Langworth@hotmail.com,Omega-3 Fish Oil,1,999,2026-01-21
Arlo.Langworth@hotmail.com,Omega-3 Fish Oil,2,999,2025-12-29
Arlo.Langworth@hotmail.com,Omega-3 Fish Oil,3,999,2025-12-14
Arlo.Langworth@hotmail.com,Yoga Mat Premium,1,1499,2025-10-22
Antonia.Towne87@hotmail.com,Pre-Workout Formula,2,2499,2026-07-28
Antonia.Towne87@hotmail.com,Pre-Workout Formula,2,2499,2026-06-27
Antonia.Towne87@hotmail.com,Pre-Workout Formula,1,2499,2026-05-26
Antonia.Towne87@hotmail.com,Pre-Workout Formula,2,2499,2026-04-26
Antonia.Towne87@hotmail.com,Omega-3 Fish Oil,2,999,2026-03-03
Antonia.Towne87@hotmail.com,Whey Protein Powder,1,2999,2026-05-20
Antonia.Towne87@hotmail.com,Yoga Mat Premium,1,1499,2026-01-10
Antonia.Towne87@hotmail.com,Shaker Bottle,3,399,2026-01-17
Antonia.Towne87@hotmail.com,Omega-3 Fish Oil,2,999,2026-01-11
Antonia.Towne87@hotmail.com,Resistance Bands Set,3,799,2026-03-12
Antonia.Towne87@hotmail.com,Shaker Bottle,1,399,2026-01-08
Antonia.Towne87@hotmail.com,Omega-3 Fish Oil,3,999,2026-02-27
Antonia.Towne87@hotmail.com,Resistance Bands Set,2,799,2026-05-07
Antonia.Towne87@hotmail.com,Yoga Mat Premium,3,1499,2026-05-29
Antonia.Towne87@hotmail.com,Creatine Monohydrate,1,1499,2026-01-05
Antonia.Towne87@hotmail.com,Yoga Mat Premium,2,1499,2026-06-24
Antonia.Towne87@hotmail.com,Shaker Bottle,2,399,2026-05-06
Frederick.Altenwerth87@hotmail.com,Whey Protein Powder,1,2999,2026-07-23
Frederick.Altenwerth87@hotmail.com,Whey Protein Powder,2,2999,2026-06-22
Frederick.Altenwerth87@hotmail.com,Whey Protein Powder,2,2999,2026-05-25
Frederick.Altenwerth87@hotmail.com,Whey Protein Powder,1,2999,2026-04-22
Frederick.Altenwerth87@hotmail.com,Shaker Bottle,1,399,2025-08-19
Abdiel.Stoltenberg-Bartell60@gmail.com,Whey Protein Powder,1,2999,2025-11-05
Abdiel.Stoltenberg-Bartell60@gmail.com,Omega-3 Fish Oil,3,999,2025-07-10
Abdiel.Stoltenberg-Bartell60@gmail.com,Pre-Workout Formula,3,2499,2025-01-25
Kariane62@yahoo.com,Omega-3 Fish Oil,2,999,2026-06-05
Kariane62@yahoo.com,Creatine Monohydrate,2,1499,2026-06-12
Kariane62@yahoo.com,Whey Protein Powder,1,2999,2026-07-11
Kariane62@yahoo.com,Omega-3 Fish Oil,2,999,2026-06-05
Kariane62@yahoo.com,Resistance Bands Set,2,799,2026-07-04
Kariane62@yahoo.com,Shaker Bottle,2,399,2026-05-15
Kariane62@yahoo.com,Pre-Workout Formula,2,2499,2026-06-27
Kariane62@yahoo.com,Omega-3 Fish Oil,1,999,2026-07-08
Kariane62@yahoo.com,Shaker Bottle,1,399,2026-07-09
Kariane62@yahoo.com,Pre-Workout Formula,2,2499,2026-06-02
Kariane62@yahoo.com,Omega-3 Fish Oil,1,999,2026-05-17
Kariane62@yahoo.com,Whey Protein Powder,1,2999,2026-05-17
Kariane62@yahoo.com,Omega-3 Fish Oil,3,999,2026-07-20
Kariane62@yahoo.com,Whey Protein Powder,2,2999,2026-07-04
Kariane62@yahoo.com,Resistance Bands Set,2,799,2026-06-08
Kariane62@yahoo.com,Shaker Bottle,2,399,2026-05-17
Kariane62@yahoo.com,Resistance Bands Set,1,799,2026-07-09
Kariane62@yahoo.com,Resistance Bands Set,1,799,2026-07-11
Kariane62@yahoo.com,Pre-Workout Formula,3,2499,2026-05-23
Kariane62@yahoo.com,Omega-3 Fish Oil,2,999,2026-06-03
Kariane62@yahoo.com,Resistance Bands Set,1,799,2026-07-04
Kariane62@yahoo.com,Yoga Mat Premium,3,1499,2026-05-24
Kariane62@yahoo.com,Resistance Bands Set,2,799,2026-05-22
Kariane62@yahoo.com,Shaker Bottle,3,399,2026-06-28
Kariane62@yahoo.com,Whey Protein Powder,1,2999,2026-07-22
Kariane62@yahoo.com,Pre-Workout Formula,3,2499,2026-06-09
Kariane62@yahoo.com,Omega-3 Fish Oil,3,999,2026-06-20
Kariane62@yahoo.com,Pre-Workout Formula,2,2499,2026-06-02
Kariane62@yahoo.com,Omega-3 Fish Oil,2,999,2026-07-09
Kariane62@yahoo.com,Shaker Bottle,2,399,2026-07-14
Kariane62@yahoo.com,Resistance Bands Set,1,799,2026-07-15
Kariane62@yahoo.com,Whey Protein Powder,2,2999,2026-06-26
Kariane62@yahoo.com,Shaker Bottle,1,399,2026-05-24
Kariane62@yahoo.com,Yoga Mat Premium,2,1499,2026-07-18
Kariane62@yahoo.com,Resistance Bands Set,2,799,2026-06-21
Kariane62@yahoo.com,Shaker Bottle,2,399,2026-06-14
Kariane62@yahoo.com,Resistance Bands Set,3,799,2026-05-29
Kariane62@yahoo.com,Creatine Monohydrate,1,1499,2026-06-16
Kariane62@yahoo.com,Resistance Bands Set,3,799,2026-05-20
Kariane62@yahoo.com,Shaker Bottle,3,399,2026-07-14
Kariane62@yahoo.com,Yoga Mat Premium,2,1499,2026-06-21
Kariane62@yahoo.com,Whey Protein Powder,2,2999,2026-05-09
Kariane62@yahoo.com,Creatine Monohydrate,1,1499,2026-06-16
Kariane62@yahoo.com,Yoga Mat Premium,1,1499,2026-05-31
Kariane62@yahoo.com,Shaker Bottle,1,399,2026-06-09
Kariane62@yahoo.com,Pre-Workout Formula,3,2499,2026-05-30
Kariane62@yahoo.com,Resistance Bands Set,1,799,2026-07-11
Kariane62@yahoo.com,Omega-3 Fish Oil,3,999,2026-07-09
Kariane62@yahoo.com,Resistance Bands Set,2,799,2026-05-21
Kariane62@yahoo.com,Creatine Monohydrate,2,1499,2026-06-17
Kariane62@yahoo.com,Pre-Workout Formula,3,2499,2026-06-07
Kariane62@yahoo.com,Shaker Bottle,1,399,2026-06-02
Kariane62@yahoo.com,Creatine Monohydrate,3,1499,2026-06-18
Trudie66@hotmail.com,Omega-3 Fish Oil,1,999,2026-08-01
Trudie66@hotmail.com,Omega-3 Fish Oil,2,999,2026-06-01
Trudie66@hotmail.com,Omega-3 Fish Oil,2,999,2026-04-06
Trudie66@hotmail.com,Omega-3 Fish Oil,1,999,2026-02-01
Trudie66@hotmail.com,Omega-3 Fish Oil,2,999,2025-12-01
Wilburn.Schiller-Torphy3@gmail.com,Omega-3 Fish Oil,1,999,2026-08-03
Wilburn.Schiller-Torphy3@gmail.com,Omega-3 Fish Oil,2,999,2026-06-01
Wilburn.Schiller-Torphy3@gmail.com,Omega-3 Fish Oil,1,999,2026-04-05
Wilburn.Schiller-Torphy3@gmail.com,Omega-3 Fish Oil,1,999,2026-02-06
Wilburn.Schiller-Torphy3@gmail.com,Omega-3 Fish Oil,2,999,2025-12-04
Ansley.Bergstrom@yahoo.com,Creatine Monohydrate,2,1499,2026-08-01
Ansley.Bergstrom@yahoo.com,Creatine Monohydrate,2,1499,2026-06-16
Ansley.Bergstrom@yahoo.com,Creatine Monohydrate,2,1499,2026-05-06
Ansley.Bergstrom@yahoo.com,Creatine Monohydrate,1,1499,2026-03-19
Ansley.Bergstrom@yahoo.com,Creatine Monohydrate,2,1499,2026-02-01
Ansley.Bergstrom@yahoo.com,Creatine Monohydrate,2,1499,2025-12-20
Ansley.Bergstrom@yahoo.com,Creatine Monohydrate,2,1499,2025-11-01
Ansley.Bergstrom@yahoo.com,Creatine Monohydrate,1,1499,2025-09-17
Ansley.Bergstrom@yahoo.com,Whey Protein Powder,1,2999,2026-04-14
Ansley.Bergstrom@yahoo.com,Shaker Bottle,3,399,2026-07-18
Ansley.Bergstrom@yahoo.com,Resistance Bands Set,2,799,2025-11-10
Ansley.Bergstrom@yahoo.com,Resistance Bands Set,1,799,2026-02-27
Ansley.Bergstrom@yahoo.com,Shaker Bottle,1,399,2026-03-17
Ansley.Bergstrom@yahoo.com,Pre-Workout Formula,1,2499,2026-04-19
Ansley.Bergstrom@yahoo.com,Shaker Bottle,2,399,2025-09-23
Ansley.Bergstrom@yahoo.com,Resistance Bands Set,1,799,2026-07-06
Ansley.Bergstrom@yahoo.com,Resistance Bands Set,2,799,2025-04-21
Ansley.Bergstrom@yahoo.com,Yoga Mat Premium,2,1499,2025-05-26
Ansley.Bergstrom@yahoo.com,Pre-Workout Formula,1,2499,2025-12-21
Ansley.Bergstrom@yahoo.com,Omega-3 Fish Oil,1,999,2025-12-26
Ansley.Bergstrom@yahoo.com,Pre-Workout Formula,3,2499,2025-04-22
Jason.Runolfsdottir@yahoo.com,Omega-3 Fish Oil,2,999,2026-01-10
Jason.Runolfsdottir@yahoo.com,Shaker Bottle,1,399,2026-07-05
Jason.Runolfsdottir@yahoo.com,Creatine Monohydrate,3,1499,2025-11-11
Jason.Runolfsdottir@yahoo.com,Creatine Monohydrate,2,1499,2026-07-14
Jason.Runolfsdottir@yahoo.com,Yoga Mat Premium,2,1499,2026-04-23
Jason.Runolfsdottir@yahoo.com,Creatine Monohydrate,3,1499,2025-11-10
Jason.Runolfsdottir@yahoo.com,Pre-Workout Formula,3,2499,2026-05-23
Jason.Runolfsdottir@yahoo.com,Omega-3 Fish Oil,3,999,2025-10-29
Jason.Runolfsdottir@yahoo.com,Whey Protein Powder,2,2999,2026-04-18
Jason.Runolfsdottir@yahoo.com,Pre-Workout Formula,3,2499,2026-02-05
Jason.Runolfsdottir@yahoo.com,Creatine Monohydrate,2,1499,2026-06-11
Jason.Runolfsdottir@yahoo.com,Pre-Workout Formula,3,2499,2026-06-21
Jason.Runolfsdottir@yahoo.com,Whey Protein Powder,1,2999,2026-07-06
Jason.Runolfsdottir@yahoo.com,Yoga Mat Premium,2,1499,2026-04-22
Jason.Runolfsdottir@yahoo.com,Pre-Workout Formula,1,2499,2025-11-06
Jason.Runolfsdottir@yahoo.com,Whey Protein Powder,1,2999,2025-11-12
Jason.Runolfsdottir@yahoo.com,Creatine Monohydrate,1,1499,2026-06-11
Jason.Runolfsdottir@yahoo.com,Shaker Bottle,3,399,2026-01-31
Jason.Runolfsdottir@yahoo.com,Creatine Monohydrate,3,1499,2026-01-04
Jason.Runolfsdottir@yahoo.com,Resistance Bands Set,1,799,2025-10-09
Jason.Runolfsdottir@yahoo.com,Creatine Monohydrate,2,1499,2026-02-15
Jason.Runolfsdottir@yahoo.com,Pre-Workout Formula,3,2499,2025-09-01
Jason.Runolfsdottir@yahoo.com,Whey Protein Powder,3,2999,2025-12-24
Jason.Runolfsdottir@yahoo.com,Resistance Bands Set,3,799,2026-05-20
Jason.Runolfsdottir@yahoo.com,Yoga Mat Premium,2,1499,2025-12-07
Jason.Runolfsdottir@yahoo.com,Pre-Workout Formula,2,2499,2026-01-30
Jason.Runolfsdottir@yahoo.com,Creatine Monohydrate,3,1499,2025-09-12
Jason.Runolfsdottir@yahoo.com,Whey Protein Powder,1,2999,2026-05-05
Jason.Runolfsdottir@yahoo.com,Shaker Bottle,2,399,2026-02-07
Jason.Runolfsdottir@yahoo.com,Pre-Workout Formula,3,2499,2026-01-26
Jason.Runolfsdottir@yahoo.com,Pre-Workout Formula,1,2499,2026-03-11
Jason.Runolfsdottir@yahoo.com,Pre-Workout Formula,2,2499,2025-12-01
Jason.Runolfsdottir@yahoo.com,Omega-3 Fish Oil,2,999,2025-10-26
Jason.Runolfsdottir@yahoo.com,Resistance Bands Set,2,799,2026-02-07
Jason.Runolfsdottir@yahoo.com,Omega-3 Fish Oil,3,999,2026-07-20
Jason.Runolfsdottir@yahoo.com,Omega-3 Fish Oil,2,999,2026-05-12
Jason.Runolfsdottir@yahoo.com,Pre-Workout Formula,1,2499,2025-12-28
Jason.Runolfsdottir@yahoo.com,Whey Protein Powder,3,2999,2026-05-31
Jason.Runolfsdottir@yahoo.com,Omega-3 Fish Oil,1,999,2026-02-16
Jason.Runolfsdottir@yahoo.com,Pre-Workout Formula,2,2499,2026-04-03
Jason.Runolfsdottir@yahoo.com,Yoga Mat Premium,2,1499,2026-01-20
Jason.Runolfsdottir@yahoo.com,Omega-3 Fish Oil,3,999,2026-04-06
Jason.Runolfsdottir@yahoo.com,Shaker Bottle,1,399,2026-05-29
Nickolas71@gmail.com,Resistance Bands Set,2,799,2025-10-22
Nickolas71@gmail.com,Omega-3 Fish Oil,1,999,2025-08-19
Nickolas71@gmail.com,Pre-Workout Formula,2,2499,2026-02-27
Nickolas71@gmail.com,Whey Protein Powder,2,2999,2026-01-29
Nickolas71@gmail.com,Resistance Bands Set,3,799,2026-01-29
Nickolas71@gmail.com,Shaker Bottle,2,399,2026-03-20
Nickolas71@gmail.com,Whey Protein Powder,1,2999,2025-09-04
Nickolas71@gmail.com,Pre-Workout Formula,2,2499,2025-07-25
Nickolas71@gmail.com,Pre-Workout Formula,2,2499,2026-07-15
Nickolas71@gmail.com,Pre-Workout Formula,2,2499,2026-03-15
Nickolas71@gmail.com,Shaker Bottle,1,399,2026-04-28
Nickolas71@gmail.com,Yoga Mat Premium,2,1499,2026-07-24
Nickolas71@gmail.com,Shaker Bottle,3,399,2025-11-04
Nickolas71@gmail.com,Yoga Mat Premium,2,1499,2026-04-03
Nickolas71@gmail.com,Omega-3 Fish Oil,1,999,2025-10-03
Demetrius.Vandervort@hotmail.com,Yoga Mat Premium,3,1499,2026-04-09
Demetrius.Vandervort@hotmail.com,Shaker Bottle,2,399,2026-04-08
Demetrius.Vandervort@hotmail.com,Omega-3 Fish Oil,2,999,2026-06-18
Demetrius.Vandervort@hotmail.com,Resistance Bands Set,2,799,2026-06-30
Demetrius.Vandervort@hotmail.com,Yoga Mat Premium,1,1499,2026-06-19
Demetrius.Vandervort@hotmail.com,Shaker Bottle,1,399,2026-07-18
Demetrius.Vandervort@hotmail.com,Omega-3 Fish Oil,3,999,2026-04-17
Demetrius.Vandervort@hotmail.com,Resistance Bands Set,3,799,2026-07-02
Demetrius.Vandervort@hotmail.com,Yoga Mat Premium,3,1499,2026-04-06
Demetrius.Vandervort@hotmail.com,Shaker Bottle,1,399,2026-05-31
Demetrius.Vandervort@hotmail.com,Omega-3 Fish Oil,2,999,2026-05-27
Demetrius.Vandervort@hotmail.com,Shaker Bottle,3,399,2026-04-02
Demetrius.Vandervort@hotmail.com,Whey Protein Powder,2,2999,2026-04-21
Demetrius.Vandervort@hotmail.com,Omega-3 Fish Oil,3,999,2026-07-12
Demetrius.Vandervort@hotmail.com,Yoga Mat Premium,3,1499,2026-04-20
Demetrius.Vandervort@hotmail.com,Creatine Monohydrate,2,1499,2026-04-15
Demetrius.Vandervort@hotmail.com,Whey Protein Powder,2,2999,2026-07-18
Demetrius.Vandervort@hotmail.com,Shaker Bottle,3,399,2026-05-12
Demetrius.Vandervort@hotmail.com,Creatine Monohydrate,2,1499,2026-04-10
Demetrius.Vandervort@hotmail.com,Whey Protein Powder,2,2999,2026-06-23
Demetrius.Vandervort@hotmail.com,Pre-Workout Formula,2,2499,2026-04-05
Demetrius.Vandervort@hotmail.com,Yoga Mat Premium,3,1499,2026-07-02
Demetrius.Vandervort@hotmail.com,Omega-3 Fish Oil,1,999,2026-07-14
Demetrius.Vandervort@hotmail.com,Pre-Workout Formula,2,2499,2026-07-24
Demetrius.Vandervort@hotmail.com,Resistance Bands Set,3,799,2026-06-12
Demetrius.Vandervort@hotmail.com,Creatine Monohydrate,2,1499,2026-04-18
Demetrius.Vandervort@hotmail.com,Yoga Mat Premium,2,1499,2026-06-11
Demetrius.Vandervort@hotmail.com,Whey Protein Powder,2,2999,2026-03-30
Demetrius.Vandervort@hotmail.com,Resistance Bands Set,3,799,2026-05-19
Demetrius.Vandervort@hotmail.com,Pre-Workout Formula,2,2499,2026-05-30
Neha93@yahoo.com,Creatine Monohydrate,2,1499,2026-07-02
Neha93@yahoo.com,Resistance Bands Set,2,799,2026-03-07
Neha93@yahoo.com,Omega-3 Fish Oil,2,999,2026-07-22
Neha93@yahoo.com,Yoga Mat Premium,2,1499,2026-03-22
Neha93@yahoo.com,Pre-Workout Formula,3,2499,2026-06-21
Neha93@yahoo.com,Resistance Bands Set,3,799,2026-04-07
Neha93@yahoo.com,Pre-Workout Formula,3,2499,2026-03-23
Neha93@yahoo.com,Creatine Monohydrate,3,1499,2026-04-19
Neha93@yahoo.com,Creatine Monohydrate,1,1499,2026-05-16
Neha93@yahoo.com,Pre-Workout Formula,3,2499,2026-03-27
Neha93@yahoo.com,Pre-Workout Formula,2,2499,2026-07-08
Neha93@yahoo.com,Resistance Bands Set,1,799,2026-05-27
Neha93@yahoo.com,Omega-3 Fish Oil,2,999,2026-03-13
Neha93@yahoo.com,Resistance Bands Set,1,799,2026-06-25
Neha93@yahoo.com,Creatine Monohydrate,2,1499,2026-06-17
Neha93@yahoo.com,Shaker Bottle,2,399,2026-05-07
Neha93@yahoo.com,Omega-3 Fish Oil,2,999,2026-06-17
Neha93@yahoo.com,Creatine Monohydrate,3,1499,2026-02-28
Neha93@yahoo.com,Whey Protein Powder,1,2999,2026-05-17
Neha93@yahoo.com,Shaker Bottle,2,399,2026-04-22
Neha93@yahoo.com,Creatine Monohydrate,3,1499,2026-05-10
Neha93@yahoo.com,Whey Protein Powder,2,2999,2026-07-09
Neha93@yahoo.com,Omega-3 Fish Oil,3,999,2026-08-06
Neha93@yahoo.com,Yoga Mat Premium,1,1499,2026-03-15
Neha93@yahoo.com,Creatine Monohydrate,1,1499,2026-07-13
Neha93@yahoo.com,Shaker Bottle,3,399,2026-04-18
Neha93@yahoo.com,Whey Protein Powder,1,2999,2026-05-26
Neha93@yahoo.com,Pre-Workout Formula,2,2499,2026-06-12
Neha93@yahoo.com,Creatine Monohydrate,1,1499,2026-07-30
Neha93@yahoo.com,Pre-Workout Formula,3,2499,2026-05-07
Neha93@yahoo.com,Creatine Monohydrate,1,1499,2026-07-27
Neha93@yahoo.com,Resistance Bands Set,1,799,2026-07-31
Neha93@yahoo.com,Whey Protein Powder,1,2999,2026-06-02
Neha93@yahoo.com,Whey Protein Powder,1,2999,2026-07-09
Neha93@yahoo.com,Resistance Bands Set,2,799,2026-07-09
Neha93@yahoo.com,Omega-3 Fish Oil,1,999,2026-04-27
Neha93@yahoo.com,Creatine Monohydrate,2,1499,2026-07-26
Neha93@yahoo.com,Yoga Mat Premium,2,1499,2026-03-31
Neha93@yahoo.com,Omega-3 Fish Oil,2,999,2026-07-07
Neha93@yahoo.com,Resistance Bands Set,2,799,2026-03-03
Neha93@yahoo.com,Creatine Monohydrate,1,1499,2026-06-30
Neha93@yahoo.com,Pre-Workout Formula,1,2499,2026-06-19
Neha93@yahoo.com,Resistance Bands Set,1,799,2026-08-06
Neha93@yahoo.com,Shaker Bottle,2,399,2026-03-08
Neha93@yahoo.com,Shaker Bottle,3,399,2026-06-25
Neha93@yahoo.com,Pre-Workout Formula,3,2499,2026-07-03
Neha93@yahoo.com,Whey Protein Powder,1,2999,2026-06-19
Neha93@yahoo.com,Omega-3 Fish Oil,1,999,2026-06-01
Neha93@yahoo.com,Yoga Mat Premium,3,1499,2026-05-15
Neha93@yahoo.com,Shaker Bottle,2,399,2026-07-12
Neha93@yahoo.com,Pre-Workout Formula,1,2499,2026-07-02
Neha93@yahoo.com,Omega-3 Fish Oil,3,999,2026-06-08
Neha93@yahoo.com,Whey Protein Powder,1,2999,2026-07-18
Rylan.Runolfsdottir48@gmail.com,Pre-Workout Formula,2,2499,2026-02-25
Rylan.Runolfsdottir48@gmail.com,Whey Protein Powder,1,2999,2026-08-12
Rylan.Runolfsdottir48@gmail.com,Creatine Monohydrate,2,1499,2026-06-27
Rylan.Runolfsdottir48@gmail.com,Creatine Monohydrate,1,1499,2026-05-15
Noemy_Keeling59@yahoo.com,Creatine Monohydrate,2,1499,2025-12-01
Noemy_Keeling59@yahoo.com,Yoga Mat Premium,1,1499,2026-01-30
Noemy_Keeling59@yahoo.com,Resistance Bands Set,2,799,2025-12-28
Noemy_Keeling59@yahoo.com,Resistance Bands Set,3,799,2026-02-02
Noemy_Keeling59@yahoo.com,Pre-Workout Formula,3,2499,2026-05-01
Noemy_Keeling59@yahoo.com,Omega-3 Fish Oil,3,999,2026-01-12
Noemy_Keeling59@yahoo.com,Shaker Bottle,2,399,2026-02-25
Noemy_Keeling59@yahoo.com,Pre-Workout Formula,3,2499,2026-06-12
Noemy_Keeling59@yahoo.com,Creatine Monohydrate,1,1499,2026-04-16
Noemy_Keeling59@yahoo.com,Whey Protein Powder,1,2999,2026-05-14
Noemy_Keeling59@yahoo.com,Yoga Mat Premium,3,1499,2025-12-07
Noemy_Keeling59@yahoo.com,Resistance Bands Set,1,799,2026-02-21
Noemy_Keeling59@yahoo.com,Pre-Workout Formula,3,2499,2026-07-09
Noemy_Keeling59@yahoo.com,Yoga Mat Premium,3,1499,2026-03-27
Noemy_Keeling59@yahoo.com,Omega-3 Fish Oil,2,999,2026-04-22
Noemy_Keeling59@yahoo.com,Yoga Mat Premium,3,1499,2026-04-04
Noemy_Keeling59@yahoo.com,Omega-3 Fish Oil,3,999,2026-06-28
Noemy_Keeling59@yahoo.com,Pre-Workout Formula,3,2499,2026-01-29
Noemy_Keeling59@yahoo.com,Whey Protein Powder,3,2999,2026-01-10
Noemy_Keeling59@yahoo.com,Omega-3 Fish Oil,2,999,2026-07-13
Noemy_Keeling59@yahoo.com,Pre-Workout Formula,1,2499,2026-03-03
Noemy_Keeling59@yahoo.com,Resistance Bands Set,1,799,2026-04-25
Noemy_Keeling59@yahoo.com,Whey Protein Powder,1,2999,2026-06-02
Noemy_Keeling59@yahoo.com,Creatine Monohydrate,2,1499,2026-05-30
Noemy_Keeling59@yahoo.com,Resistance Bands Set,3,799,2026-01-16
Noemy_Keeling59@yahoo.com,Yoga Mat Premium,3,1499,2026-01-24
Noemy_Keeling59@yahoo.com,Shaker Bottle,1,399,2026-06-10
Noemy_Keeling59@yahoo.com,Omega-3 Fish Oil,3,999,2025-12-01
Noemy_Keeling59@yahoo.com,Yoga Mat Premium,1,1499,2026-01-30
Noemy_Keeling59@yahoo.com,Shaker Bottle,1,399,2026-01-11
Noemy_Keeling59@yahoo.com,Resistance Bands Set,2,799,2026-03-21
Noemy_Keeling59@yahoo.com,Pre-Workout Formula,2,2499,2026-07-19
Noemy_Keeling59@yahoo.com,Resistance Bands Set,3,799,2026-01-30
Noemy_Keeling59@yahoo.com,Pre-Workout Formula,3,2499,2026-03-28
Noemy_Keeling59@yahoo.com,Omega-3 Fish Oil,3,999,2026-01-24
Noemy_Keeling59@yahoo.com,Shaker Bottle,2,399,2026-03-11
Noemy_Keeling59@yahoo.com,Pre-Workout Formula,3,2499,2026-05-24
Noemy_Keeling59@yahoo.com,Whey Protein Powder,2,2999,2026-04-04
Noemy_Keeling59@yahoo.com,Whey Protein Powder,1,2999,2025-12-15
Noemy_Keeling59@yahoo.com,Yoga Mat Premium,2,1499,2026-04-10
Noemy_Keeling59@yahoo.com,Resistance Bands Set,1,799,2026-02-27
Noemy_Keeling59@yahoo.com,Pre-Workout Formula,2,2499,2026-04-13
Noemy_Keeling59@yahoo.com,Yoga Mat Premium,3,1499,2026-01-03
Noemy_Keeling59@yahoo.com,Yoga Mat Premium,3,1499,2026-04-25
Horace16@gmail.com,Pre-Workout Formula,2,2499,2026-08-02
Horace16@gmail.com,Pre-Workout Formula,2,2499,2026-07-01
Horace16@gmail.com,Pre-Workout Formula,2,2499,2026-06-02
Horace16@gmail.com,Pre-Workout Formula,1,2499,2026-05-04
Horace16@gmail.com,Omega-3 Fish Oil,2,999,2026-05-29
Horace16@gmail.com,Yoga Mat Premium,3,1499,2026-04-01
Horace16@gmail.com,Whey Protein Powder,3,2999,2026-05-08
Horace16@gmail.com,Yoga Mat Premium,3,1499,2026-05-16
Horace16@gmail.com,Resistance Bands Set,1,799,2026-06-15
Horace16@gmail.com,Whey Protein Powder,2,2999,2026-04-12
Beaulah_Bruen@gmail.com,Pre-Workout Formula,3,2499,2026-06-17
Beaulah_Bruen@gmail.com,Creatine Monohydrate,2,1499,2026-06-04
Beaulah_Bruen@gmail.com,Creatine Monohydrate,2,1499,2026-06-15
Beaulah_Bruen@gmail.com,Omega-3 Fish Oil,1,999,2026-07-17
Beaulah_Bruen@gmail.com,Yoga Mat Premium,2,1499,2026-07-13
Beaulah_Bruen@gmail.com,Creatine Monohydrate,3,1499,2026-06-01
Beaulah_Bruen@gmail.com,Pre-Workout Formula,3,2499,2026-06-18
Beaulah_Bruen@gmail.com,Creatine Monohydrate,2,1499,2026-07-06
Beaulah_Bruen@gmail.com,Pre-Workout Formula,3,2499,2026-06-07
Beaulah_Bruen@gmail.com,Shaker Bottle,1,399,2026-06-21
Beaulah_Bruen@gmail.com,Pre-Workout Formula,1,2499,2026-07-10
Beaulah_Bruen@gmail.com,Whey Protein Powder,3,2999,2026-06-15
Beaulah_Bruen@gmail.com,Omega-3 Fish Oil,2,999,2026-06-07
Beaulah_Bruen@gmail.com,Pre-Workout Formula,1,2499,2026-07-20
Beaulah_Bruen@gmail.com,Yoga Mat Premium,1,1499,2026-06-28
Beaulah_Bruen@gmail.com,Shaker Bottle,1,399,2026-07-12
Beaulah_Bruen@gmail.com,Creatine Monohydrate,2,1499,2026-06-07
Beaulah_Bruen@gmail.com,Omega-3 Fish Oil,3,999,2026-07-22
Beaulah_Bruen@gmail.com,Yoga Mat Premium,1,1499,2026-06-16
Beaulah_Bruen@gmail.com,Creatine Monohydrate,3,1499,2026-07-09
Beaulah_Bruen@gmail.com,Omega-3 Fish Oil,1,999,2026-07-09
Beaulah_Bruen@gmail.com,Creatine Monohydrate,3,1499,2026-06-06
Beaulah_Bruen@gmail.com,Pre-Workout Formula,2,2499,2026-06-22
Beaulah_Bruen@gmail.com,Omega-3 Fish Oil,2,999,2026-06-09
Beaulah_Bruen@gmail.com,Resistance Bands Set,3,799,2026-07-09
Beaulah_Bruen@gmail.com,Pre-Workout Formula,1,2499,2026-07-03
Beaulah_Bruen@gmail.com,Resistance Bands Set,1,799,2026-06-09
Beaulah_Bruen@gmail.com,Whey Protein Powder,3,2999,2026-07-06
Beaulah_Bruen@gmail.com,Omega-3 Fish Oil,1,999,2026-07-13
Beaulah_Bruen@gmail.com,Pre-Workout Formula,3,2499,2026-07-11
Beaulah_Bruen@gmail.com,Whey Protein Powder,1,2999,2026-07-07
Beaulah_Bruen@gmail.com,Pre-Workout Formula,2,2499,2026-06-03
Beaulah_Bruen@gmail.com,Shaker Bottle,2,399,2026-06-30
Beaulah_Bruen@gmail.com,Whey Protein Powder,1,2999,2026-06-10
Beaulah_Bruen@gmail.com,Pre-Workout Formula,1,2499,2026-07-21
Beaulah_Bruen@gmail.com,Shaker Bottle,3,399,2026-06-27
Denise_Morissette25@yahoo.com,Creatine Monohydrate,1,1499,2026-07-28
Denise_Morissette25@yahoo.com,Creatine Monohydrate,2,1499,2026-06-12
Denise_Morissette25@yahoo.com,Creatine Monohydrate,1,1499,2026-05-01
Denise_Morissette25@yahoo.com,Creatine Monohydrate,1,1499,2026-03-16
Denise_Morissette25@yahoo.com,Yoga Mat Premium,3,1499,2026-07-16
Denise_Morissette25@yahoo.com,Pre-Workout Formula,1,2499,2026-02-19
Nikolas98@hotmail.com,Omega-3 Fish Oil,1,999,2026-08-01
Nikolas98@hotmail.com,Omega-3 Fish Oil,1,999,2026-06-03
Nikolas98@hotmail.com,Omega-3 Fish Oil,2,999,2026-04-05
Nikolas98@hotmail.com,Omega-3 Fish Oil,1,999,2026-01-30
Nikolas98@hotmail.com,Resistance Bands Set,2,799,2026-04-01
Nikolas98@hotmail.com,Yoga Mat Premium,2,1499,2026-04-30
Nikolas98@hotmail.com,Resistance Bands Set,3,799,2026-02-17
Nikolas98@hotmail.com,Creatine Monohydrate,2,1499,2026-02-19
Nikolas98@hotmail.com,Pre-Workout Formula,2,2499,2026-07-25
Nikolas98@hotmail.com,Pre-Workout Formula,2,2499,2026-06-25
Nikolas98@hotmail.com,Shaker Bottle,2,399,2026-07-17
Nikolas98@hotmail.com,Yoga Mat Premium,2,1499,2026-05-20
Nikolas98@hotmail.com,Yoga Mat Premium,2,1499,2026-04-06
Nikolas98@hotmail.com,Yoga Mat Premium,2,1499,2026-07-19
Nikolas98@hotmail.com,Shaker Bottle,2,399,2026-07-06
Nikolas98@hotmail.com,Resistance Bands Set,2,799,2026-07-28
Porter23@yahoo.com,Whey Protein Powder,2,2999,2026-07-26
Porter23@yahoo.com,Whey Protein Powder,2,2999,2026-06-29
Porter23@yahoo.com,Whey Protein Powder,1,2999,2026-05-30
Porter23@yahoo.com,Whey Protein Powder,2,2999,2026-04-29
Porter23@yahoo.com,Whey Protein Powder,1,2999,2026-03-30
Porter23@yahoo.com,Whey Protein Powder,2,2999,2026-02-25
Porter23@yahoo.com,Whey Protein Powder,1,2999,2026-01-27
Porter23@yahoo.com,Whey Protein Powder,2,2999,2025-12-25
Porter23@yahoo.com,Yoga Mat Premium,2,1499,2025-11-20
Porter23@yahoo.com,Omega-3 Fish Oil,1,999,2026-04-10
Ralph.Ward@hotmail.com,Creatine Monohydrate,3,1499,2025-12-19
Ralph.Ward@hotmail.com,Omega-3 Fish Oil,3,999,2025-09-28
Ralph.Ward@hotmail.com,Omega-3 Fish Oil,3,999,2026-04-18
Ralph.Ward@hotmail.com,Pre-Workout Formula,3,2499,2024-12-15
Ralph.Ward@hotmail.com,Pre-Workout Formula,1,2499,2026-02-15
Ralph.Ward@hotmail.com,Pre-Workout Formula,1,2499,2025-11-19
Ralph.Ward@hotmail.com,Creatine Monohydrate,3,1499,2025-11-30
Ralph.Ward@hotmail.com,Resistance Bands Set,1,799,2025-09-28
Ralph.Ward@hotmail.com,Pre-Workout Formula,2,2499,2025-04-03
Ralph.Ward@hotmail.com,Shaker Bottle,1,399,2025-07-21
Ralph.Ward@hotmail.com,Yoga Mat Premium,2,1499,2025-03-31
Ralph.Ward@hotmail.com,Omega-3 Fish Oil,2,999,2025-05-05
Ralph.Ward@hotmail.com,Pre-Workout Formula,1,2499,2025-02-25
Ralph.Ward@hotmail.com,Omega-3 Fish Oil,1,999,2025-12-30
Ralph.Ward@hotmail.com,Shaker Bottle,2,399,2026-05-22
Ralph.Ward@hotmail.com,Yoga Mat Premium,3,1499,2025-09-17
Ralph.Ward@hotmail.com,Shaker Bottle,1,399,2026-05-06
Ralph.Ward@hotmail.com,Creatine Monohydrate,2,1499,2026-08-05
Ralph.Ward@hotmail.com,Pre-Workout Formula,1,2499,2026-01-20
Ralph.Ward@hotmail.com,Yoga Mat Premium,3,1499,2025-12-02
Ralph.Ward@hotmail.com,Shaker Bottle,3,399,2026-01-17
Ralph.Ward@hotmail.com,Creatine Monohydrate,2,1499,2025-08-01
Ralph.Ward@hotmail.com,Creatine Monohydrate,1,1499,2026-07-02
Ralph.Ward@hotmail.com,Resistance Bands Set,2,799,2026-06-27
Ralph.Ward@hotmail.com,Omega-3 Fish Oil,3,999,2026-01-12
Ralph.Ward@hotmail.com,Whey Protein Powder,3,2999,2026-05-20
Ralph.Ward@hotmail.com,Omega-3 Fish Oil,1,999,2024-12-10
Ralph.Ward@hotmail.com,Omega-3 Fish Oil,2,999,2026-07-12
Ralph.Ward@hotmail.com,Shaker Bottle,1,399,2026-03-14
Ralph.Ward@hotmail.com,Whey Protein Powder,1,2999,2025-03-10
Ralph.Ward@hotmail.com,Shaker Bottle,1,399,2025-02-05
Ralph.Ward@hotmail.com,Omega-3 Fish Oil,2,999,2025-10-15
Ralph.Ward@hotmail.com,Creatine Monohydrate,2,1499,2025-10-13
Ralph.Ward@hotmail.com,Creatine Monohydrate,1,1499,2025-11-05
Ralph.Ward@hotmail.com,Omega-3 Fish Oil,3,999,2025-01-09
Ralph.Ward@hotmail.com,Resistance Bands Set,3,799,2026-05-18
Ralph.Ward@hotmail.com,Creatine Monohydrate,3,1499,2026-01-10
Ralph.Ward@hotmail.com,Omega-3 Fish Oil,2,999,2025-01-09
Ralph.Ward@hotmail.com,Yoga Mat Premium,2,1499,2025-07-04
Ralph.Ward@hotmail.com,Whey Protein Powder,1,2999,2025-12-31
Ralph.Ward@hotmail.com,Shaker Bottle,1,399,2026-06-17
Ralph.Ward@hotmail.com,Creatine Monohydrate,3,1499,2025-09-06
Ralph.Ward@hotmail.com,Shaker Bottle,3,399,2026-07-19
Ralph.Ward@hotmail.com,Pre-Workout Formula,2,2499,2026-04-12
Ralph.Ward@hotmail.com,Resistance Bands Set,3,799,2026-05-15
Ralph.Ward@hotmail.com,Yoga Mat Premium,3,1499,2026-02-15
Ralph.Ward@hotmail.com,Resistance Bands Set,3,799,2025-07-28
Ralph.Ward@hotmail.com,Omega-3 Fish Oil,2,999,2026-02-16
Ralph.Ward@hotmail.com,Omega-3 Fish Oil,1,999,2026-03-07
Ralph.Ward@hotmail.com,Resistance Bands Set,2,799,2026-01-26
Ralph.Ward@hotmail.com,Yoga Mat Premium,2,1499,2026-03-04
Ralph.Ward@hotmail.com,Pre-Workout Formula,2,2499,2025-09-28
Ralph.Ward@hotmail.com,Whey Protein Powder,1,2999,2025-10-24
Ralph.Ward@hotmail.com,Yoga Mat Premium,3,1499,2026-06-24
Ralph.Ward@hotmail.com,Resistance Bands Set,3,799,2025-05-03
Ralph.Ward@hotmail.com,Shaker Bottle,2,399,2026-01-13
Ralph.Ward@hotmail.com,Shaker Bottle,3,399,2025-09-04
Ralph.Ward@hotmail.com,Pre-Workout Formula,1,2499,2025-03-02
Ralph.Ward@hotmail.com,Pre-Workout Formula,1,2499,2025-01-15
Ralph.Ward@hotmail.com,Creatine Monohydrate,3,1499,2025-08-15
Ralph.Ward@hotmail.com,Whey Protein Powder,3,2999,2026-04-26
Ralph.Ward@hotmail.com,Pre-Workout Formula,3,2499,2025-02-21
Ralph.Ward@hotmail.com,Creatine Monohydrate,1,1499,2025-05-06
Ralph.Ward@hotmail.com,Yoga Mat Premium,3,1499,2026-03-14
Ralph.Ward@hotmail.com,Whey Protein Powder,3,2999,2025-10-02
Ralph.Ward@hotmail.com,Yoga Mat Premium,2,1499,2025-11-06
Ralph.Ward@hotmail.com,Whey Protein Powder,3,2999,2026-07-12
Ralph.Ward@hotmail.com,Resistance Bands Set,3,799,2025-06-01
Ralph.Ward@hotmail.com,Shaker Bottle,3,399,2025-11-27
Ralph.Ward@hotmail.com,Shaker Bottle,2,399,2026-04-27
Ralph.Ward@hotmail.com,Pre-Workout Formula,3,2499,2025-06-23
Ralph.Ward@hotmail.com,Omega-3 Fish Oil,3,999,2025-12-01
Ralph.Ward@hotmail.com,Resistance Bands Set,3,799,2026-04-14
Ralph.Ward@hotmail.com,Omega-3 Fish Oil,3,999,2024-12-27
Ralph.Ward@hotmail.com,Omega-3 Fish Oil,3,999,2026-05-13
Ralph.Ward@hotmail.com,Whey Protein Powder,2,2999,2025-01-20
Madelyn.Boyer15@hotmail.com,Creatine Monohydrate,1,1499,2026-08-02
Madelyn.Boyer15@hotmail.com,Creatine Monohydrate,2,1499,2026-06-16
Madelyn.Boyer15@hotmail.com,Creatine Monohydrate,1,1499,2026-05-02
Madelyn.Boyer15@hotmail.com,Creatine Monohydrate,2,1499,2026-03-18
Madelyn.Boyer15@hotmail.com,Creatine Monohydrate,1,1499,2026-02-02
Madelyn.Boyer15@hotmail.com,Creatine Monohydrate,2,1499,2025-12-19
Madelyn.Boyer15@hotmail.com,Creatine Monohydrate,1,1499,2025-11-01
Madelyn.Boyer15@hotmail.com,Creatine Monohydrate,1,1499,2025-09-20
Madelyn.Boyer15@hotmail.com,Resistance Bands Set,2,799,2025-07-25
Madelyn.Boyer15@hotmail.com,Pre-Workout Formula,2,2499,2026-06-14
Madelyn.Boyer15@hotmail.com,Omega-3 Fish Oil,2,999,2026-06-28
Madelyn.Boyer15@hotmail.com,Whey Protein Powder,2,2999,2024-09-19
Madelyn.Boyer15@hotmail.com,Resistance Bands Set,1,799,2026-02-24
Madelyn.Boyer15@hotmail.com,Resistance Bands Set,3,799,2026-05-31
Madelyn.Boyer15@hotmail.com,Pre-Workout Formula,1,2499,2025-08-03
Madelyn.Boyer15@hotmail.com,Shaker Bottle,2,399,2025-08-28
Madelyn.Boyer15@hotmail.com,Pre-Workout Formula,1,2499,2026-06-07
Dagmar92@yahoo.com,Creatine Monohydrate,2,1499,2026-07-28
Dagmar92@yahoo.com,Creatine Monohydrate,1,1499,2026-06-11
Dagmar92@yahoo.com,Creatine Monohydrate,2,1499,2026-04-27
Dagmar92@yahoo.com,Creatine Monohydrate,2,1499,2026-03-12
Agnes20@hotmail.com,Resistance Bands Set,2,799,2026-02-11
Agnes20@hotmail.com,Creatine Monohydrate,2,1499,2025-08-29
Agnes20@hotmail.com,Shaker Bottle,3,399,2025-02-19
Agnes20@hotmail.com,Creatine Monohydrate,1,1499,2025-05-07
Agnes20@hotmail.com,Yoga Mat Premium,3,1499,2025-05-17
Agnes20@hotmail.com,Whey Protein Powder,2,2999,2025-07-10
Agnes20@hotmail.com,Omega-3 Fish Oil,2,999,2025-07-24
Agnes20@hotmail.com,Creatine Monohydrate,3,1499,2025-07-01
Agnes20@hotmail.com,Resistance Bands Set,1,799,2025-02-24
Agnes20@hotmail.com,Pre-Workout Formula,2,2499,2025-07-11
Agnes20@hotmail.com,Omega-3 Fish Oil,3,999,2026-07-18
Agnes20@hotmail.com,Creatine Monohydrate,2,1499,2025-04-14
Agnes20@hotmail.com,Creatine Monohydrate,1,1499,2025-03-01
Agnes20@hotmail.com,Whey Protein Powder,2,2999,2026-01-28
Agnes20@hotmail.com,Yoga Mat Premium,3,1499,2025-09-02
Agnes20@hotmail.com,Resistance Bands Set,1,799,2026-07-01
Agnes20@hotmail.com,Whey Protein Powder,3,2999,2025-10-16
Agnes20@hotmail.com,Resistance Bands Set,1,799,2026-07-26
Agnes20@hotmail.com,Omega-3 Fish Oil,3,999,2025-03-02
Agnes20@hotmail.com,Resistance Bands Set,3,799,2025-01-31
Agnes20@hotmail.com,Whey Protein Powder,2,2999,2026-05-04
Agnes20@hotmail.com,Omega-3 Fish Oil,1,999,2026-01-22
Agnes20@hotmail.com,Whey Protein Powder,3,2999,2025-03-31
Stefan.Mayer@hotmail.com,Omega-3 Fish Oil,1,999,2026-03-19
Stefan.Mayer@hotmail.com,Pre-Workout Formula,2,2499,2026-07-07
Stefan.Mayer@hotmail.com,Resistance Bands Set,2,799,2026-01-11
Stefan.Mayer@hotmail.com,Shaker Bottle,1,399,2026-05-08
Stefan.Mayer@hotmail.com,Pre-Workout Formula,2,2499,2026-07-04
Stefan.Mayer@hotmail.com,Shaker Bottle,1,399,2026-02-19
Stefan.Mayer@hotmail.com,Omega-3 Fish Oil,3,999,2025-12-27
Stefan.Mayer@hotmail.com,Omega-3 Fish Oil,3,999,2026-05-27
Stefan.Mayer@hotmail.com,Pre-Workout Formula,3,2499,2026-02-24
Stefan.Mayer@hotmail.com,Resistance Bands Set,3,799,2026-04-23
Stefan.Mayer@hotmail.com,Shaker Bottle,2,399,2026-03-21
Stefan.Mayer@hotmail.com,Yoga Mat Premium,3,1499,2026-03-23
Stefan.Mayer@hotmail.com,Pre-Workout Formula,1,2499,2026-02-25
Stefan.Mayer@hotmail.com,Creatine Monohydrate,2,1499,2026-05-18
Stefan.Mayer@hotmail.com,Yoga Mat Premium,3,1499,2026-07-21
Stefan.Mayer@hotmail.com,Creatine Monohydrate,3,1499,2026-01-17
Stefan.Mayer@hotmail.com,Pre-Workout Formula,3,2499,2026-03-27
Stefan.Mayer@hotmail.com,Yoga Mat Premium,3,1499,2026-01-23
Stefan.Mayer@hotmail.com,Omega-3 Fish Oil,1,999,2026-01-22
Stefan.Mayer@hotmail.com,Yoga Mat Premium,3,1499,2026-05-21
Stefan.Mayer@hotmail.com,Pre-Workout Formula,2,2499,2026-03-20
Stefan.Mayer@hotmail.com,Omega-3 Fish Oil,2,999,2026-07-09
Stefan.Mayer@hotmail.com,Yoga Mat Premium,2,1499,2026-01-08
Stefan.Mayer@hotmail.com,Omega-3 Fish Oil,3,999,2026-05-31
Stefan.Mayer@hotmail.com,Whey Protein Powder,2,2999,2026-06-12
Stefan.Mayer@hotmail.com,Pre-Workout Formula,3,2499,2026-02-24
Stefan.Mayer@hotmail.com,Omega-3 Fish Oil,1,999,2026-06-09
Stefan.Mayer@hotmail.com,Resistance Bands Set,1,799,2026-08-04
Stefan.Mayer@hotmail.com,Pre-Workout Formula,3,2499,2026-06-04
Stefan.Mayer@hotmail.com,Yoga Mat Premium,3,1499,2026-05-24
Stefan.Mayer@hotmail.com,Omega-3 Fish Oil,2,999,2026-01-22
Stefan.Mayer@hotmail.com,Resistance Bands Set,1,799,2026-03-31
Stefan.Mayer@hotmail.com,Resistance Bands Set,1,799,2026-06-09
Stefan.Mayer@hotmail.com,Yoga Mat Premium,3,1499,2026-07-27
Stefan.Mayer@hotmail.com,Yoga Mat Premium,2,1499,2026-04-24
Stefan.Mayer@hotmail.com,Omega-3 Fish Oil,3,999,2026-01-24
Stefan.Mayer@hotmail.com,Yoga Mat Premium,1,1499,2026-04-27
Stefan.Mayer@hotmail.com,Resistance Bands Set,1,799,2026-08-04
Stefan.Mayer@hotmail.com,Creatine Monohydrate,2,1499,2026-07-15
Stefan.Mayer@hotmail.com,Omega-3 Fish Oil,1,999,2026-02-17
Stefan.Mayer@hotmail.com,Whey Protein Powder,1,2999,2026-03-08
Stefan.Mayer@hotmail.com,Pre-Workout Formula,2,2499,2026-05-07
Stefan.Mayer@hotmail.com,Pre-Workout Formula,2,2499,2026-03-08
Stefan.Mayer@hotmail.com,Omega-3 Fish Oil,3,999,2026-05-16
Stefan.Mayer@hotmail.com,Pre-Workout Formula,2,2499,2026-01-11
Stefan.Mayer@hotmail.com,Yoga Mat Premium,3,1499,2026-01-15
Stefan.Mayer@hotmail.com,Omega-3 Fish Oil,1,999,2026-01-31
Stefan.Mayer@hotmail.com,Omega-3 Fish Oil,2,999,2026-04-03
Stefan.Mayer@hotmail.com,Resistance Bands Set,1,799,2026-03-29
Stefan.Mayer@hotmail.com,Yoga Mat Premium,1,1499,2026-01-15
Stefan.Mayer@hotmail.com,Creatine Monohydrate,2,1499,2026-02-20
Stefan.Mayer@hotmail.com,Omega-3 Fish Oil,2,999,2026-06-27
Stefan.Mayer@hotmail.com,Yoga Mat Premium,2,1499,2026-06-11
Stefan.Mayer@hotmail.com,Shaker Bottle,1,399,2026-07-26
Stefan.Mayer@hotmail.com,Omega-3 Fish Oil,2,999,2026-08-04
Stefan.Mayer@hotmail.com,Shaker Bottle,1,399,2026-03-14
Stefan.Mayer@hotmail.com,Pre-Workout Formula,2,2499,2026-01-26
Stefan.Mayer@hotmail.com,Resistance Bands Set,1,799,2026-03-02
Stefan.Mayer@hotmail.com,Yoga Mat Premium,1,1499,2026-05-02
Stefan.Mayer@hotmail.com,Omega-3 Fish Oil,2,999,2026-07-06
Stefan.Mayer@hotmail.com,Shaker Bottle,1,399,2026-02-02
Stefan.Mayer@hotmail.com,Omega-3 Fish Oil,1,999,2026-04-03
Stefan.Mayer@hotmail.com,Pre-Workout Formula,3,2499,2026-07-30
Stefan.Mayer@hotmail.com,Resistance Bands Set,2,799,2026-03-19
Stefan.Mayer@hotmail.com,Yoga Mat Premium,3,1499,2026-01-31
Stefan.Mayer@hotmail.com,Resistance Bands Set,2,799,2026-03-15
Stefan.Mayer@hotmail.com,Creatine Monohydrate,3,1499,2026-07-14
Stefan.Mayer@hotmail.com,Creatine Monohydrate,2,1499,2026-04-06
Stefan.Mayer@hotmail.com,Shaker Bottle,1,399,2026-03-29
Stefan.Mayer@hotmail.com,Yoga Mat Premium,1,1499,2025-12-28
Stefan.Mayer@hotmail.com,Creatine Monohydrate,3,1499,2026-02-20
Stefan.Mayer@hotmail.com,Whey Protein Powder,3,2999,2026-04-23
Stefan.Mayer@hotmail.com,Yoga Mat Premium,2,1499,2026-06-16
Stefan.Mayer@hotmail.com,Creatine Monohydrate,2,1499,2026-05-14
Stefan.Mayer@hotmail.com,Creatine Monohydrate,2,1499,2026-05-22
Stefan.Mayer@hotmail.com,Shaker Bottle,2,399,2026-02-24
Stefan.Mayer@hotmail.com,Whey Protein Powder,3,2999,2026-05-04
Stefan.Mayer@hotmail.com,Resistance Bands Set,3,799,2026-07-17
Stefan.Mayer@hotmail.com,Resistance Bands Set,1,799,2026-04-07
Stefan.Mayer@hotmail.com,Omega-3 Fish Oil,2,999,2026-01-02
Stefan.Mayer@hotmail.com,Pre-Workout Formula,2,2499,2026-07-09
Stefan.Mayer@hotmail.com,Whey Protein Powder,2,2999,2026-04-04
Stefan.Mayer@hotmail.com,Shaker Bottle,1,399,2026-04-18
Stefan.Mayer@hotmail.com,Resistance Bands Set,2,799,2026-02-16
Stefan.Mayer@hotmail.com,Whey Protein Powder,1,2999,2026-05-10
Stefan.Mayer@hotmail.com,Creatine Monohydrate,2,1499,2026-04-21
Blair90@hotmail.com,Omega-3 Fish Oil,1,999,2026-07-24
Blair90@hotmail.com,Omega-3 Fish Oil,2,999,2026-05-23
Blair90@hotmail.com,Omega-3 Fish Oil,1,999,2026-03-30
Blair90@hotmail.com,Omega-3 Fish Oil,2,999,2026-01-25
Blair90@hotmail.com,Omega-3 Fish Oil,1,999,2025-11-29
Blair90@hotmail.com,Omega-3 Fish Oil,1,999,2025-09-30
Blair90@hotmail.com,Shaker Bottle,2,399,2026-03-05
Blair90@hotmail.com,Pre-Workout Formula,1,2499,2026-04-06
Blair90@hotmail.com,Creatine Monohydrate,3,1499,2025-09-09
Blair90@hotmail.com,Creatine Monohydrate,3,1499,2025-01-02
Blair90@hotmail.com,Pre-Workout Formula,2,2499,2025-01-10
Blair90@hotmail.com,Pre-Workout Formula,3,2499,2025-09-05
Blair90@hotmail.com,Creatine Monohydrate,3,1499,2026-03-21
Blair90@hotmail.com,Resistance Bands Set,3,799,2025-04-07
Blair90@hotmail.com,Resistance Bands Set,1,799,2025-03-25
Blair90@hotmail.com,Yoga Mat Premium,3,1499,2026-04-28
Blair90@hotmail.com,Yoga Mat Premium,1,1499,2026-03-07
Blair90@hotmail.com,Pre-Workout Formula,2,2499,2025-12-18
Blair90@hotmail.com,Pre-Workout Formula,1,2499,2025-09-18
Blair90@hotmail.com,Yoga Mat Premium,3,1499,2025-10-05
Blair90@hotmail.com,Shaker Bottle,1,399,2026-05-04
Blair90@hotmail.com,Pre-Workout Formula,3,2499,2025-08-16
Blair90@hotmail.com,Shaker Bottle,3,399,2025-03-25
Blair90@hotmail.com,Resistance Bands Set,1,799,2026-03-20
Blair90@hotmail.com,Resistance Bands Set,2,799,2026-03-31
Blair90@hotmail.com,Pre-Workout Formula,1,2499,2025-08-30
Blair90@hotmail.com,Creatine Monohydrate,1,1499,2024-12-03
Blair90@hotmail.com,Whey Protein Powder,2,2999,2025-11-10
Blair90@hotmail.com,Whey Protein Powder,1,2999,2025-05-21
Blair90@hotmail.com,Resistance Bands Set,1,799,2025-05-01
Blair90@hotmail.com,Pre-Workout Formula,1,2499,2025-10-11
Blair90@hotmail.com,Resistance Bands Set,3,799,2026-01-21
Blair90@hotmail.com,Resistance Bands Set,3,799,2026-05-31
Blair90@hotmail.com,Shaker Bottle,3,399,2025-10-10
Blair90@hotmail.com,Whey Protein Powder,1,2999,2025-08-08
Blair90@hotmail.com,Yoga Mat Premium,2,1499,2025-06-24
Blair90@hotmail.com,Creatine Monohydrate,2,1499,2026-02-10
Blair90@hotmail.com,Pre-Workout Formula,2,2499,2025-04-22
Blair90@hotmail.com,Shaker Bottle,2,399,2026-04-04
Blair90@hotmail.com,Yoga Mat Premium,2,1499,2026-04-21
Blair90@hotmail.com,Resistance Bands Set,1,799,2025-08-01
Blair90@hotmail.com,Whey Protein Powder,3,2999,2026-06-15
Monserrate_Bergstrom86@yahoo.com,Creatine Monohydrate,2,1499,2026-07-26
Monserrate_Bergstrom86@yahoo.com,Creatine Monohydrate,1,1499,2026-06-12
Monserrate_Bergstrom86@yahoo.com,Creatine Monohydrate,2,1499,2026-04-30
Monserrate_Bergstrom86@yahoo.com,Creatine Monohydrate,1,1499,2026-03-12
Monserrate_Bergstrom86@yahoo.com,Yoga Mat Premium,2,1499,2026-01-14
Monserrate_Bergstrom86@yahoo.com,Yoga Mat Premium,3,1499,2026-02-15
Monserrate_Bergstrom86@yahoo.com,Whey Protein Powder,2,2999,2026-01-06
Monserrate_Bergstrom86@yahoo.com,Omega-3 Fish Oil,3,999,2026-07-14
Alyssa.Schneider@gmail.com,Omega-3 Fish Oil,3,999,2026-07-09
Alyssa.Schneider@gmail.com,Resistance Bands Set,2,799,2026-01-07
Alyssa.Schneider@gmail.com,Creatine Monohydrate,1,1499,2026-04-28
Alyssa.Schneider@gmail.com,Shaker Bottle,3,399,2025-09-22
Alyssa.Schneider@gmail.com,Pre-Workout Formula,2,2499,2025-11-06
Alyssa.Schneider@gmail.com,Resistance Bands Set,3,799,2025-10-24
Alyssa.Schneider@gmail.com,Shaker Bottle,2,399,2025-10-24
Alyssa.Schneider@gmail.com,Resistance Bands Set,2,799,2025-07-02
Alyssa.Schneider@gmail.com,Yoga Mat Premium,2,1499,2025-03-03
Jerome_Russel63@gmail.com,Creatine Monohydrate,3,1499,2025-12-31
Jerome_Russel63@gmail.com,Omega-3 Fish Oil,3,999,2025-12-03
Jerome_Russel63@gmail.com,Pre-Workout Formula,2,2499,2025-09-29
Jerome_Russel63@gmail.com,Yoga Mat Premium,3,1499,2025-06-05
Jerome_Russel63@gmail.com,Pre-Workout Formula,2,2499,2025-01-08
Jerome_Russel63@gmail.com,Yoga Mat Premium,2,1499,2026-01-20
Jerome_Russel63@gmail.com,Yoga Mat Premium,1,1499,2025-06-30
Jerome_Russel63@gmail.com,Creatine Monohydrate,2,1499,2025-07-09
Jerome_Russel63@gmail.com,Omega-3 Fish Oil,3,999,2026-01-21
Jerome_Russel63@gmail.com,Omega-3 Fish Oil,1,999,2025-04-08
Jerome_Russel63@gmail.com,Resistance Bands Set,3,799,2025-10-10
Jerome_Russel63@gmail.com,Omega-3 Fish Oil,3,999,2025-12-24
Jerome_Russel63@gmail.com,Yoga Mat Premium,2,1499,2025-11-07
Jerome_Russel63@gmail.com,Omega-3 Fish Oil,3,999,2026-06-01
Jerome_Russel63@gmail.com,Resistance Bands Set,1,799,2026-01-04
Jerome_Russel63@gmail.com,Whey Protein Powder,2,2999,2026-02-09
Jerome_Russel63@gmail.com,Pre-Workout Formula,1,2499,2026-08-15
Jerome_Russel63@gmail.com,Whey Protein Powder,1,2999,2025-12-15
Jerome_Russel63@gmail.com,Creatine Monohydrate,2,1499,2026-07-21
Jerome_Russel63@gmail.com,Shaker Bottle,3,399,2025-07-17
Jerome_Russel63@gmail.com,Shaker Bottle,1,399,2025-11-12
Jerome_Russel63@gmail.com,Omega-3 Fish Oil,2,999,2025-02-24
Jerome_Russel63@gmail.com,Creatine Monohydrate,1,1499,2026-07-23
Jerome_Russel63@gmail.com,Shaker Bottle,1,399,2026-06-08
Jerome_Russel63@gmail.com,Pre-Workout Formula,2,2499,2026-05-30
Jerome_Russel63@gmail.com,Shaker Bottle,3,399,2026-02-02
Malika19@gmail.com,Creatine Monohydrate,1,1499,2026-07-28
Malika19@gmail.com,Creatine Monohydrate,1,1499,2026-06-14
Malika19@gmail.com,Creatine Monohydrate,2,1499,2026-04-28
Malika19@gmail.com,Creatine Monohydrate,2,1499,2026-03-14
Malika19@gmail.com,Whey Protein Powder,1,2999,2026-07-28
Malika19@gmail.com,Whey Protein Powder,1,2999,2026-05-07
Malika19@gmail.com,Shaker Bottle,3,399,2026-07-02
Malika19@gmail.com,Pre-Workout Formula,2,2499,2026-03-11
Malika19@gmail.com,Shaker Bottle,1,399,2025-12-16
Malika19@gmail.com,Resistance Bands Set,3,799,2026-04-05
Malika19@gmail.com,Yoga Mat Premium,3,1499,2026-05-18
Malika19@gmail.com,Yoga Mat Premium,2,1499,2026-01-03
Malika19@gmail.com,Shaker Bottle,1,399,2026-03-23
Malika19@gmail.com,Whey Protein Powder,2,2999,2026-02-02
Hillard.Huels10@hotmail.com,Creatine Monohydrate,2,1499,2025-07-30
Hillard.Huels10@hotmail.com,Whey Protein Powder,2,2999,2025-05-30
Hillard.Huels10@hotmail.com,Creatine Monohydrate,3,1499,2025-11-04
Hillard.Huels10@hotmail.com,Whey Protein Powder,1,2999,2025-05-02
Hillard.Huels10@hotmail.com,Whey Protein Powder,1,2999,2025-11-27
Hillard.Huels10@hotmail.com,Pre-Workout Formula,3,2499,2025-02-24
Hillard.Huels10@hotmail.com,Shaker Bottle,3,399,2025-04-03
Hillard.Huels10@hotmail.com,Omega-3 Fish Oil,1,999,2025-06-11
Hillard.Huels10@hotmail.com,Yoga Mat Premium,1,1499,2025-05-11
Hillard.Huels10@hotmail.com,Shaker Bottle,1,399,2025-12-21
Hillard.Huels10@hotmail.com,Whey Protein Powder,1,2999,2025-05-19
Hillard.Huels10@hotmail.com,Creatine Monohydrate,3,1499,2025-05-15
Hillard.Huels10@hotmail.com,Resistance Bands Set,1,799,2026-01-24
Hillard.Huels10@hotmail.com,Yoga Mat Premium,3,1499,2025-12-15
Hillard.Huels10@hotmail.com,Omega-3 Fish Oil,2,999,2025-07-20
Hillard.Huels10@hotmail.com,Resistance Bands Set,3,799,2025-12-08
Hillard.Huels10@hotmail.com,Pre-Workout Formula,2,2499,2025-12-17
Hillard.Huels10@hotmail.com,Shaker Bottle,1,399,2025-06-17
Hillard.Huels10@hotmail.com,Yoga Mat Premium,2,1499,2025-03-30
Hillard.Huels10@hotmail.com,Pre-Workout Formula,2,2499,2025-04-25
Hillard.Huels10@hotmail.com,Shaker Bottle,2,399,2025-12-07
Hillard.Huels10@hotmail.com,Pre-Workout Formula,2,2499,2025-09-17
Pearl_Wiza@hotmail.com,Omega-3 Fish Oil,2,999,2026-07-21
Pearl_Wiza@hotmail.com,Omega-3 Fish Oil,2,999,2026-05-23
Pearl_Wiza@hotmail.com,Omega-3 Fish Oil,1,999,2026-03-23
Pearl_Wiza@hotmail.com,Omega-3 Fish Oil,2,999,2026-01-24
Antonetta6@yahoo.com,Shaker Bottle,3,399,2025-04-14
Antonetta6@yahoo.com,Yoga Mat Premium,1,1499,2025-02-26
Antonetta6@yahoo.com,Creatine Monohydrate,2,1499,2025-12-27
Antonetta6@yahoo.com,Pre-Workout Formula,1,2499,2025-08-18
Antonetta6@yahoo.com,Yoga Mat Premium,3,1499,2026-07-28
Antonetta6@yahoo.com,Shaker Bottle,3,399,2026-04-14
Antonetta6@yahoo.com,Omega-3 Fish Oil,3,999,2025-03-04
Antonetta6@yahoo.com,Pre-Workout Formula,1,2499,2025-05-29
Antonetta6@yahoo.com,Resistance Bands Set,3,799,2025-09-14
Antonetta6@yahoo.com,Resistance Bands Set,3,799,2025-08-09
Antonetta6@yahoo.com,Yoga Mat Premium,1,1499,2025-12-15
Antonetta6@yahoo.com,Omega-3 Fish Oil,2,999,2025-07-18
Antonetta6@yahoo.com,Whey Protein Powder,1,2999,2026-01-18
Antonetta6@yahoo.com,Omega-3 Fish Oil,3,999,2025-07-11
Antonetta6@yahoo.com,Pre-Workout Formula,3,2499,2025-04-26
Antonetta6@yahoo.com,Shaker Bottle,3,399,2026-05-16
Antonetta6@yahoo.com,Yoga Mat Premium,3,1499,2026-03-10
Antonetta6@yahoo.com,Resistance Bands Set,3,799,2026-05-25
Antonetta6@yahoo.com,Omega-3 Fish Oil,2,999,2026-02-08
Antonetta6@yahoo.com,Omega-3 Fish Oil,1,999,2026-06-25
Antonetta6@yahoo.com,Shaker Bottle,1,399,2026-04-10
Antonetta6@yahoo.com,Pre-Workout Formula,2,2499,2025-12-31
Antonetta6@yahoo.com,Creatine Monohydrate,3,1499,2025-10-05
Wilbert_Kuhlman@hotmail.com,Creatine Monohydrate,2,1499,2025-11-09
Wilbert_Kuhlman@hotmail.com,Yoga Mat Premium,3,1499,2026-08-06
Wilbert_Kuhlman@hotmail.com,Creatine Monohydrate,1,1499,2026-01-18
Wilbert_Kuhlman@hotmail.com,Omega-3 Fish Oil,3,999,2025-12-13
Wilbert_Kuhlman@hotmail.com,Yoga Mat Premium,3,1499,2025-11-23
Wilbert_Kuhlman@hotmail.com,Omega-3 Fish Oil,1,999,2025-12-17
Wilbert_Kuhlman@hotmail.com,Omega-3 Fish Oil,1,999,2026-02-09
Wilbert_Kuhlman@hotmail.com,Pre-Workout Formula,3,2499,2026-05-16
Wilbert_Kuhlman@hotmail.com,Shaker Bottle,2,399,2026-07-27
Wilbert_Kuhlman@hotmail.com,Pre-Workout Formula,2,2499,2026-07-14
Wilbert_Kuhlman@hotmail.com,Shaker Bottle,1,399,2026-05-21
Wilbert_Kuhlman@hotmail.com,Omega-3 Fish Oil,2,999,2026-03-17
Wilbert_Kuhlman@hotmail.com,Yoga Mat Premium,2,1499,2026-04-25
Wilbert_Kuhlman@hotmail.com,Omega-3 Fish Oil,2,999,2026-07-16
Wilbert_Kuhlman@hotmail.com,Resistance Bands Set,2,799,2026-02-01
Wilbert_Kuhlman@hotmail.com,Omega-3 Fish Oil,2,999,2026-03-26
Wilbert_Kuhlman@hotmail.com,Whey Protein Powder,1,2999,2026-07-19
Wilbert_Kuhlman@hotmail.com,Omega-3 Fish Oil,1,999,2025-11-15
Wilbert_Kuhlman@hotmail.com,Yoga Mat Premium,3,1499,2026-01-15
Wilbert_Kuhlman@hotmail.com,Omega-3 Fish Oil,2,999,2026-03-12
Wilbert_Kuhlman@hotmail.com,Creatine Monohydrate,3,1499,2025-11-21
Wilbert_Kuhlman@hotmail.com,Yoga Mat Premium,3,1499,2025-12-24
Wilbert_Kuhlman@hotmail.com,Omega-3 Fish Oil,3,999,2026-06-22
Wilbert_Kuhlman@hotmail.com,Creatine Monohydrate,2,1499,2025-12-17
Wilbert_Kuhlman@hotmail.com,Resistance Bands Set,1,799,2026-08-12
Wilbert_Kuhlman@hotmail.com,Creatine Monohydrate,2,1499,2025-12-16
Wilbert_Kuhlman@hotmail.com,Whey Protein Powder,2,2999,2025-11-13
Wilbert_Kuhlman@hotmail.com,Yoga Mat Premium,2,1499,2026-05-02
Wilbert_Kuhlman@hotmail.com,Creatine Monohydrate,1,1499,2026-07-21
Wilbert_Kuhlman@hotmail.com,Pre-Workout Formula,2,2499,2026-05-25
Wilbert_Kuhlman@hotmail.com,Whey Protein Powder,1,2999,2026-01-05
Wilbert_Kuhlman@hotmail.com,Whey Protein Powder,2,2999,2026-01-29
Wilbert_Kuhlman@hotmail.com,Resistance Bands Set,1,799,2025-12-15
Wilbert_Kuhlman@hotmail.com,Omega-3 Fish Oil,1,999,2026-06-10
Cloyd.Considine15@gmail.com,Omega-3 Fish Oil,3,999,2026-06-18
Cloyd.Considine15@gmail.com,Pre-Workout Formula,2,2499,2026-06-19
Cloyd.Considine15@gmail.com,Shaker Bottle,2,399,2026-06-23
Cloyd.Considine15@gmail.com,Pre-Workout Formula,3,2499,2026-06-10
Cloyd.Considine15@gmail.com,Whey Protein Powder,2,2999,2026-06-12
Cloyd.Considine15@gmail.com,Yoga Mat Premium,2,1499,2026-07-20
Cloyd.Considine15@gmail.com,Shaker Bottle,2,399,2026-07-04
Cloyd.Considine15@gmail.com,Resistance Bands Set,1,799,2026-06-21
Cloyd.Considine15@gmail.com,Whey Protein Powder,2,2999,2026-07-08
Cloyd.Considine15@gmail.com,Shaker Bottle,2,399,2026-07-13
Cloyd.Considine15@gmail.com,Whey Protein Powder,3,2999,2026-06-13
Cloyd.Considine15@gmail.com,Yoga Mat Premium,2,1499,2026-07-09
Cloyd.Considine15@gmail.com,Omega-3 Fish Oil,1,999,2026-07-09
Cloyd.Considine15@gmail.com,Yoga Mat Premium,2,1499,2026-06-26
Cloyd.Considine15@gmail.com,Shaker Bottle,3,399,2026-06-15
Cloyd.Considine15@gmail.com,Omega-3 Fish Oil,3,999,2026-06-16
Cloyd.Considine15@gmail.com,Yoga Mat Premium,1,1499,2026-07-18
Cloyd.Considine15@gmail.com,Whey Protein Powder,3,2999,2026-06-11
Cloyd.Considine15@gmail.com,Shaker Bottle,3,399,2026-06-24
Cloyd.Considine15@gmail.com,Omega-3 Fish Oil,1,999,2026-06-20
Cloyd.Considine15@gmail.com,Omega-3 Fish Oil,1,999,2026-06-24
Cloyd.Considine15@gmail.com,Pre-Workout Formula,2,2499,2026-06-12
Cloyd.Considine15@gmail.com,Creatine Monohydrate,1,1499,2026-07-09
Cloyd.Considine15@gmail.com,Resistance Bands Set,1,799,2026-07-04
Cloyd.Considine15@gmail.com,Creatine Monohydrate,1,1499,2026-06-16
Cloyd.Considine15@gmail.com,Omega-3 Fish Oil,2,999,2026-06-13
Cloyd.Considine15@gmail.com,Resistance Bands Set,1,799,2026-07-01
Cloyd.Considine15@gmail.com,Shaker Bottle,3,399,2026-07-03
Cloyd.Considine15@gmail.com,Yoga Mat Premium,3,1499,2026-07-02
Cloyd.Considine15@gmail.com,Whey Protein Powder,1,2999,2026-07-13
Cloyd.Considine15@gmail.com,Resistance Bands Set,1,799,2026-06-11
Cloyd.Considine15@gmail.com,Whey Protein Powder,1,2999,2026-06-16
Cloyd.Considine15@gmail.com,Omega-3 Fish Oil,2,999,2026-07-20
Cloyd.Considine15@gmail.com,Pre-Workout Formula,3,2499,2026-06-29
Assunta_Buckridge@hotmail.com,Whey Protein Powder,1,2999,2026-01-12
Assunta_Buckridge@hotmail.com,Omega-3 Fish Oil,3,999,2026-06-04
Assunta_Buckridge@hotmail.com,Omega-3 Fish Oil,2,999,2026-05-07
Assunta_Buckridge@hotmail.com,Yoga Mat Premium,1,1499,2025-10-04
Assunta_Buckridge@hotmail.com,Creatine Monohydrate,3,1499,2026-02-13
Assunta_Buckridge@hotmail.com,Pre-Workout Formula,1,2499,2026-02-11
Assunta_Buckridge@hotmail.com,Yoga Mat Premium,3,1499,2025-07-26
Assunta_Buckridge@hotmail.com,Pre-Workout Formula,2,2499,2026-03-17
Assunta_Buckridge@hotmail.com,Yoga Mat Premium,1,1499,2025-12-16
Assunta_Buckridge@hotmail.com,Shaker Bottle,3,399,2026-02-03
Assunta_Buckridge@hotmail.com,Whey Protein Powder,2,2999,2026-01-10
Assunta_Buckridge@hotmail.com,Whey Protein Powder,2,2999,2025-11-24
Evelyn.Quitzon@gmail.com,Pre-Workout Formula,1,2499,2026-07-25
Evelyn.Quitzon@gmail.com,Pre-Workout Formula,2,2499,2026-06-24
Evelyn.Quitzon@gmail.com,Pre-Workout Formula,1,2499,2026-05-29
Evelyn.Quitzon@gmail.com,Pre-Workout Formula,1,2499,2026-05-01
Evelyn.Quitzon@gmail.com,Pre-Workout Formula,2,2499,2026-03-27
Evelyn.Quitzon@gmail.com,Pre-Workout Formula,1,2499,2026-03-01
Evelyn.Quitzon@gmail.com,Pre-Workout Formula,1,2499,2026-01-27
Evelyn.Quitzon@gmail.com,Pre-Workout Formula,1,2499,2025-12-26
Evelyn.Quitzon@gmail.com,Yoga Mat Premium,3,1499,2025-12-24
Evelyn.Quitzon@gmail.com,Yoga Mat Premium,1,1499,2026-05-19
Hollie72@yahoo.com,Pre-Workout Formula,1,2499,2025-05-07
Hollie72@yahoo.com,Resistance Bands Set,2,799,2025-11-12
Hollie72@yahoo.com,Creatine Monohydrate,3,1499,2025-03-19
Hollie72@yahoo.com,Omega-3 Fish Oil,3,999,2026-01-20
Hollie72@yahoo.com,Shaker Bottle,2,399,2025-06-05
Hollie72@yahoo.com,Creatine Monohydrate,2,1499,2025-05-24
Hollie72@yahoo.com,Shaker Bottle,1,399,2026-02-11
Hollie72@yahoo.com,Resistance Bands Set,3,799,2025-06-26
Hollie72@yahoo.com,Omega-3 Fish Oil,3,999,2025-09-01
Hollie72@yahoo.com,Whey Protein Powder,2,2999,2026-02-08
Hollie72@yahoo.com,Shaker Bottle,3,399,2026-02-21
Erik24@yahoo.com,Creatine Monohydrate,1,1499,2026-07-27
Erik24@yahoo.com,Creatine Monohydrate,1,1499,2026-06-14
Erik24@yahoo.com,Creatine Monohydrate,1,1499,2026-04-27
Erik24@yahoo.com,Creatine Monohydrate,1,1499,2026-03-19
Erik24@yahoo.com,Creatine Monohydrate,1,1499,2026-01-29
Erik24@yahoo.com,Creatine Monohydrate,2,1499,2025-12-19
Erik24@yahoo.com,Creatine Monohydrate,2,1499,2025-11-01
Dwight_Robel41@gmail.com,Omega-3 Fish Oil,2,999,2026-06-05
Dwight_Robel41@gmail.com,Pre-Workout Formula,2,2499,2026-08-20
Dwight_Robel41@gmail.com,Creatine Monohydrate,3,1499,2026-01-02
Dwight_Robel41@gmail.com,Shaker Bottle,3,399,2025-05-06
Dwight_Robel41@gmail.com,Shaker Bottle,2,399,2026-02-07
Dwight_Robel41@gmail.com,Whey Protein Powder,1,2999,2025-11-28
Dwight_Robel41@gmail.com,Shaker Bottle,3,399,2025-02-27
Dwight_Robel41@gmail.com,Resistance Bands Set,1,799,2025-04-21
Dwight_Robel41@gmail.com,Resistance Bands Set,2,799,2026-07-20
Dwight_Robel41@gmail.com,Pre-Workout Formula,2,2499,2026-05-11
Dwight_Robel41@gmail.com,Yoga Mat Premium,3,1499,2025-10-07
Dwight_Robel41@gmail.com,Shaker Bottle,2,399,2025-12-26
Dwight_Robel41@gmail.com,Pre-Workout Formula,3,2499,2026-02-04
Dwight_Robel41@gmail.com,Omega-3 Fish Oil,2,999,2024-11-10
Dwight_Robel41@gmail.com,Creatine Monohydrate,2,1499,2025-06-19
Dwight_Robel41@gmail.com,Yoga Mat Premium,2,1499,2026-03-26
Dwight_Robel41@gmail.com,Pre-Workout Formula,1,2499,2024-10-14
Dwight_Robel41@gmail.com,Shaker Bottle,2,399,2026-05-16
Dwight_Robel41@gmail.com,Whey Protein Powder,2,2999,2025-11-05
Dwight_Robel41@gmail.com,Pre-Workout Formula,2,2499,2025-09-25
Dwight_Robel41@gmail.com,Creatine Monohydrate,1,1499,2024-12-07
Dwight_Robel41@gmail.com,Shaker Bottle,3,399,2025-03-10
Dwight_Robel41@gmail.com,Pre-Workout Formula,2,2499,2026-02-16
Dwight_Robel41@gmail.com,Whey Protein Powder,1,2999,2025-04-24
Dwight_Robel41@gmail.com,Pre-Workout Formula,1,2499,2024-11-11
Dwight_Robel41@gmail.com,Omega-3 Fish Oil,2,999,2024-12-09
Dwight_Robel41@gmail.com,Yoga Mat Premium,1,1499,2025-01-23
Dwight_Robel41@gmail.com,Pre-Workout Formula,2,2499,2025-11-15
Dwight_Robel41@gmail.com,Omega-3 Fish Oil,3,999,2025-08-06
Dwight_Robel41@gmail.com,Creatine Monohydrate,2,1499,2025-05-02
Dwight_Robel41@gmail.com,Yoga Mat Premium,2,1499,2025-09-14
Dwight_Robel41@gmail.com,Omega-3 Fish Oil,2,999,2026-04-19
Dwight_Robel41@gmail.com,Resistance Bands Set,2,799,2025-11-28
Dwight_Robel41@gmail.com,Pre-Workout Formula,3,2499,2025-04-07
Dwight_Robel41@gmail.com,Shaker Bottle,3,399,2025-04-02
Dwight_Robel41@gmail.com,Whey Protein Powder,2,2999,2026-04-21
Dwight_Robel41@gmail.com,Resistance Bands Set,2,799,2025-08-04
Stacey94@yahoo.com,Shaker Bottle,1,399,2026-02-13
Stacey94@yahoo.com,Resistance Bands Set,1,799,2026-04-18
Stacey94@yahoo.com,Pre-Workout Formula,1,2499,2025-06-12
Stacey94@yahoo.com,Whey Protein Powder,1,2999,2026-02-15
Shea.Bogan12@gmail.com,Pre-Workout Formula,1,2499,2026-05-24
Shea.Bogan12@gmail.com,Creatine Monohydrate,3,1499,2026-06-23
Shea.Bogan12@gmail.com,Resistance Bands Set,3,799,2026-07-29
Shea.Bogan12@gmail.com,Shaker Bottle,1,399,2026-07-28
Shea.Bogan12@gmail.com,Yoga Mat Premium,1,1499,2026-06-14
Shea.Bogan12@gmail.com,Pre-Workout Formula,2,2499,2026-03-14
Shea.Bogan12@gmail.com,Resistance Bands Set,2,799,2026-04-28
Shea.Bogan12@gmail.com,Creatine Monohydrate,2,1499,2026-05-09
Shea.Bogan12@gmail.com,Yoga Mat Premium,3,1499,2026-08-15
Shea.Bogan12@gmail.com,Yoga Mat Premium,2,1499,2026-08-15
Shea.Bogan12@gmail.com,Shaker Bottle,3,399,2026-02-12
Shea.Bogan12@gmail.com,Pre-Workout Formula,2,2499,2026-01-10
Shea.Bogan12@gmail.com,Whey Protein Powder,3,2999,2026-05-07
Shea.Bogan12@gmail.com,Shaker Bottle,2,399,2026-05-28
Shea.Bogan12@gmail.com,Pre-Workout Formula,3,2499,2026-06-04
Shea.Bogan12@gmail.com,Shaker Bottle,3,399,2026-01-29
Shea.Bogan12@gmail.com,Omega-3 Fish Oil,1,999,2026-05-28
Shea.Bogan12@gmail.com,Whey Protein Powder,2,2999,2026-04-13
Shea.Bogan12@gmail.com,Whey Protein Powder,2,2999,2026-03-17
Shea.Bogan12@gmail.com,Resistance Bands Set,1,799,2026-03-16
Shea.Bogan12@gmail.com,Omega-3 Fish Oil,2,999,2026-03-17
Shea.Bogan12@gmail.com,Yoga Mat Premium,2,1499,2025-12-27
Shea.Bogan12@gmail.com,Shaker Bottle,2,399,2026-03-06
Shea.Bogan12@gmail.com,Whey Protein Powder,1,2999,2026-01-10
Shea.Bogan12@gmail.com,Omega-3 Fish Oil,3,999,2026-01-09
Shea.Bogan12@gmail.com,Pre-Workout Formula,3,2499,2026-06-24
Shea.Bogan12@gmail.com,Creatine Monohydrate,3,1499,2026-02-18
Shea.Bogan12@gmail.com,Yoga Mat Premium,3,1499,2026-04-29
Shea.Bogan12@gmail.com,Creatine Monohydrate,1,1499,2026-06-05
Shea.Bogan12@gmail.com,Shaker Bottle,1,399,2026-07-19
Shea.Bogan12@gmail.com,Pre-Workout Formula,3,2499,2026-07-20
Shea.Bogan12@gmail.com,Pre-Workout Formula,2,2499,2026-06-20
Shea.Bogan12@gmail.com,Shaker Bottle,3,399,2026-04-05
Shea.Bogan12@gmail.com,Pre-Workout Formula,1,2499,2026-06-20
Shea.Bogan12@gmail.com,Resistance Bands Set,3,799,2025-12-26
Shea.Bogan12@gmail.com,Shaker Bottle,2,399,2026-08-18
Shea.Bogan12@gmail.com,Omega-3 Fish Oil,1,999,2026-06-16
Shea.Bogan12@gmail.com,Yoga Mat Premium,2,1499,2026-04-17
Shea.Bogan12@gmail.com,Shaker Bottle,2,399,2026-02-10
Shea.Bogan12@gmail.com,Yoga Mat Premium,3,1499,2026-01-19
Shea.Bogan12@gmail.com,Resistance Bands Set,1,799,2026-04-14
Shea.Bogan12@gmail.com,Creatine Monohydrate,2,1499,2026-01-23
Shea.Bogan12@gmail.com,Shaker Bottle,2,399,2026-04-01
Shea.Bogan12@gmail.com,Shaker Bottle,2,399,2026-04-10
Shea.Bogan12@gmail.com,Pre-Workout Formula,1,2499,2025-12-25
Shea.Bogan12@gmail.com,Whey Protein Powder,2,2999,2026-02-10
Shea.Bogan12@gmail.com,Omega-3 Fish Oil,1,999,2026-04-08
Shea.Bogan12@gmail.com,Pre-Workout Formula,2,2499,2026-04-23
Arnaldo_Von@gmail.com,Resistance Bands Set,1,799,2026-06-27
Arnaldo_Von@gmail.com,Shaker Bottle,2,399,2026-04-20
Arnaldo_Von@gmail.com,Whey Protein Powder,3,2999,2025-11-10
Arnaldo_Von@gmail.com,Pre-Workout Formula,1,2499,2026-06-19
Arnaldo_Von@gmail.com,Yoga Mat Premium,2,1499,2026-06-22
Arnaldo_Von@gmail.com,Shaker Bottle,1,399,2026-07-03
Arnaldo_Von@gmail.com,Resistance Bands Set,3,799,2026-05-09
Arnaldo_Von@gmail.com,Resistance Bands Set,2,799,2025-10-05
Arnaldo_Von@gmail.com,Creatine Monohydrate,3,1499,2026-02-26
Arnaldo_Von@gmail.com,Omega-3 Fish Oil,3,999,2026-07-10
Arnaldo_Von@gmail.com,Omega-3 Fish Oil,3,999,2026-07-28
Arnaldo_Von@gmail.com,Yoga Mat Premium,3,1499,2025-12-20
Arnaldo_Von@gmail.com,Yoga Mat Premium,3,1499,2026-05-04
Arnaldo_Von@gmail.com,Pre-Workout Formula,2,2499,2026-02-10
Arnaldo_Von@gmail.com,Omega-3 Fish Oil,2,999,2025-12-06
Arnaldo_Von@gmail.com,Yoga Mat Premium,1,1499,2026-01-11
Arnaldo_Von@gmail.com,Yoga Mat Premium,1,1499,2026-03-17
Arnaldo_Von@gmail.com,Whey Protein Powder,1,2999,2025-12-23
Arnaldo_Von@gmail.com,Resistance Bands Set,1,799,2026-01-31
Arnaldo_Von@gmail.com,Whey Protein Powder,3,2999,2025-10-24
Arnaldo_Von@gmail.com,Shaker Bottle,3,399,2026-06-26
Arnaldo_Von@gmail.com,Omega-3 Fish Oil,1,999,2026-03-06
Arnaldo_Von@gmail.com,Pre-Workout Formula,2,2499,2026-03-28
Arnaldo_Von@gmail.com,Pre-Workout Formula,3,2499,2026-04-22
Arnaldo_Von@gmail.com,Yoga Mat Premium,1,1499,2026-01-11
Arnaldo_Von@gmail.com,Omega-3 Fish Oil,3,999,2026-04-15
Esta74@yahoo.com,Creatine Monohydrate,3,1499,2026-04-02
Esta74@yahoo.com,Resistance Bands Set,1,799,2025-10-24
Esta74@yahoo.com,Whey Protein Powder,1,2999,2026-07-22
Esta74@yahoo.com,Pre-Workout Formula,2,2499,2026-02-04
Esta74@yahoo.com,Creatine Monohydrate,1,1499,2025-12-31
Esta74@yahoo.com,Pre-Workout Formula,2,2499,2025-10-30
Esta74@yahoo.com,Resistance Bands Set,2,799,2026-06-06
Esta74@yahoo.com,Creatine Monohydrate,2,1499,2026-05-30
Alan_Hermann25@yahoo.com,Creatine Monohydrate,1,1499,2026-08-05
Alan_Hermann25@yahoo.com,Creatine Monohydrate,2,1499,2026-06-20
Alan_Hermann25@yahoo.com,Creatine Monohydrate,2,1499,2026-05-01
Alan_Hermann25@yahoo.com,Creatine Monohydrate,2,1499,2026-03-20
Alan_Hermann25@yahoo.com,Creatine Monohydrate,1,1499,2026-02-04
Alan_Hermann25@yahoo.com,Creatine Monohydrate,1,1499,2025-12-22
Alan_Hermann25@yahoo.com,Omega-3 Fish Oil,2,999,2026-05-06
Alan_Hermann25@yahoo.com,Whey Protein Powder,2,2999,2026-05-11
Alan_Hermann25@yahoo.com,Omega-3 Fish Oil,2,999,2025-08-10
Alan_Hermann25@yahoo.com,Yoga Mat Premium,1,1499,2025-12-25
Alan_Hermann25@yahoo.com,Yoga Mat Premium,2,1499,2026-06-01
Alan_Hermann25@yahoo.com,Omega-3 Fish Oil,3,999,2026-05-30
Alan_Hermann25@yahoo.com,Pre-Workout Formula,3,2499,2026-07-09
Ariane_Ledner90@yahoo.com,Creatine Monohydrate,1,1499,2026-01-11
Ariane_Ledner90@yahoo.com,Omega-3 Fish Oil,2,999,2026-01-22
Ariane_Ledner90@yahoo.com,Pre-Workout Formula,2,2499,2025-04-24
Ariane_Ledner90@yahoo.com,Creatine Monohydrate,3,1499,2025-12-04
Ariane_Ledner90@yahoo.com,Resistance Bands Set,1,799,2025-06-20
Ariane_Ledner90@yahoo.com,Shaker Bottle,3,399,2025-05-23
Ariane_Ledner90@yahoo.com,Creatine Monohydrate,3,1499,2025-10-07
Ariane_Ledner90@yahoo.com,Yoga Mat Premium,1,1499,2025-10-15
Ariane_Ledner90@yahoo.com,Yoga Mat Premium,1,1499,2025-03-29
Ariane_Ledner90@yahoo.com,Creatine Monohydrate,2,1499,2025-02-09
Ariane_Ledner90@yahoo.com,Shaker Bottle,3,399,2025-09-02
Ariane_Ledner90@yahoo.com,Resistance Bands Set,1,799,2025-10-26
Ariane_Ledner90@yahoo.com,Whey Protein Powder,3,2999,2025-08-10
Ariane_Ledner90@yahoo.com,Omega-3 Fish Oil,2,999,2026-01-03
Ariane_Ledner90@yahoo.com,Shaker Bottle,2,399,2025-05-01
Leola.Ondricka@hotmail.com,Pre-Workout Formula,2,2499,2026-07-27
Leola.Ondricka@hotmail.com,Pre-Workout Formula,1,2499,2026-06-24
Leola.Ondricka@hotmail.com,Pre-Workout Formula,2,2499,2026-05-22
Leola.Ondricka@hotmail.com,Pre-Workout Formula,2,2499,2026-04-28
Leola.Ondricka@hotmail.com,Pre-Workout Formula,1,2499,2026-03-26
Leola.Ondricka@hotmail.com,Omega-3 Fish Oil,1,999,2026-02-03
Sidney_Monahan@hotmail.com,Pre-Workout Formula,3,2499,2026-08-22
Sidney_Monahan@hotmail.com,Shaker Bottle,3,399,2026-08-07
Sidney_Monahan@hotmail.com,Omega-3 Fish Oil,2,999,2026-08-26
Sidney_Monahan@hotmail.com,Omega-3 Fish Oil,1,999,2026-08-20
Sidney_Monahan@hotmail.com,Pre-Workout Formula,2,2499,2026-08-02
Sidney_Monahan@hotmail.com,Yoga Mat Premium,2,1499,2026-08-02
Sidney_Monahan@hotmail.com,Shaker Bottle,2,399,2026-08-21
Sidney_Monahan@hotmail.com,Resistance Bands Set,2,799,2026-08-11
Sidney_Monahan@hotmail.com,Yoga Mat Premium,1,1499,2026-08-19
Sidney_Monahan@hotmail.com,Creatine Monohydrate,1,1499,2026-08-18
Sidney_Monahan@hotmail.com,Creatine Monohydrate,3,1499,2026-08-13
Sidney_Monahan@hotmail.com,Yoga Mat Premium,2,1499,2026-08-13
Sidney_Monahan@hotmail.com,Resistance Bands Set,3,799,2026-08-03
Sidney_Monahan@hotmail.com,Whey Protein Powder,1,2999,2026-08-11
Sidney_Monahan@hotmail.com,Yoga Mat Premium,1,1499,2026-08-04
Sidney_Monahan@hotmail.com,Pre-Workout Formula,2,2499,2026-08-08
Sidney_Monahan@hotmail.com,Yoga Mat Premium,3,1499,2026-08-24
Sidney_Monahan@hotmail.com,Creatine Monohydrate,2,1499,2026-08-05
Sidney_Monahan@hotmail.com,Whey Protein Powder,1,2999,2026-08-25
Sidney_Monahan@hotmail.com,Omega-3 Fish Oil,3,999,2026-08-11
Sidney_Monahan@hotmail.com,Yoga Mat Premium,3,1499,2026-08-18
Sidney_Monahan@hotmail.com,Creatine Monohydrate,3,1499,2026-08-23
Sidney_Monahan@hotmail.com,Omega-3 Fish Oil,3,999,2026-08-09
Sidney_Monahan@hotmail.com,Whey Protein Powder,2,2999,2026-08-12
Sidney_Monahan@hotmail.com,Yoga Mat Premium,2,1499,2026-08-06
Sidney_Monahan@hotmail.com,Omega-3 Fish Oil,3,999,2026-08-08
Sidney_Monahan@hotmail.com,Whey Protein Powder,2,2999,2026-07-31
Sidney_Monahan@hotmail.com,Pre-Workout Formula,3,2499,2026-08-04
Sidney_Monahan@hotmail.com,Shaker Bottle,2,399,2026-08-22
Sidney_Monahan@hotmail.com,Omega-3 Fish Oil,3,999,2026-08-11
Sidney_Monahan@hotmail.com,Shaker Bottle,3,399,2026-08-13
Sidney_Monahan@hotmail.com,Creatine Monohydrate,2,1499,2026-08-16
Sidney_Monahan@hotmail.com,Whey Protein Powder,3,2999,2026-08-13
Sidney_Monahan@hotmail.com,Resistance Bands Set,3,799,2026-08-12
Sidney_Monahan@hotmail.com,Omega-3 Fish Oil,2,999,2026-08-13
Sidney_Monahan@hotmail.com,Pre-Workout Formula,3,2499,2026-08-18
Sidney_Monahan@hotmail.com,Yoga Mat Premium,1,1499,2026-08-19
Sidney_Monahan@hotmail.com,Pre-Workout Formula,1,2499,2026-08-07
Sidney_Monahan@hotmail.com,Shaker Bottle,1,399,2026-08-24
Sidney_Monahan@hotmail.com,Resistance Bands Set,2,799,2026-08-14
Sidney_Monahan@hotmail.com,Omega-3 Fish Oil,1,999,2026-08-05
Sidney_Monahan@hotmail.com,Resistance Bands Set,2,799,2026-08-07
Sidney_Monahan@hotmail.com,Omega-3 Fish Oil,3,999,2026-08-12
Sidney_Monahan@hotmail.com,Shaker Bottle,2,399,2026-08-18
Sidney_Monahan@hotmail.com,Creatine Monohydrate,1,1499,2026-08-24
Sidney_Monahan@hotmail.com,Creatine Monohydrate,2,1499,2026-08-05
Sidney_Monahan@hotmail.com,Pre-Workout Formula,2,2499,2026-08-25
Sidney_Monahan@hotmail.com,Creatine Monohydrate,1,1499,2026-08-21
Sidney_Monahan@hotmail.com,Omega-3 Fish Oil,1,999,2026-08-06
Sidney_Monahan@hotmail.com,Whey Protein Powder,1,2999,2026-08-10
Sidney_Monahan@hotmail.com,Creatine Monohydrate,3,1499,2026-08-09
Sidney_Monahan@hotmail.com,Yoga Mat Premium,3,1499,2026-08-02
Sidney_Monahan@hotmail.com,Yoga Mat Premium,3,1499,2026-08-04
Sidney_Monahan@hotmail.com,Creatine Monohydrate,3,1499,2026-08-01
Sidney_Monahan@hotmail.com,Yoga Mat Premium,3,1499,2026-08-03
Sidney_Monahan@hotmail.com,Shaker Bottle,2,399,2026-08-16
Sidney_Monahan@hotmail.com,Omega-3 Fish Oil,3,999,2026-08-21
Sidney_Monahan@hotmail.com,Shaker Bottle,1,399,2026-08-02
Sidney_Monahan@hotmail.com,Resistance Bands Set,1,799,2026-08-06
Sidney_Monahan@hotmail.com,Whey Protein Powder,3,2999,2026-08-01
Julianne77@hotmail.com,Omega-3 Fish Oil,3,999,2026-07-18
Julianne77@hotmail.com,Pre-Workout Formula,3,2499,2026-01-23
Julianne77@hotmail.com,Yoga Mat Premium,1,1499,2025-12-27
Julianne77@hotmail.com,Yoga Mat Premium,2,1499,2026-01-19
Julianne77@hotmail.com,Omega-3 Fish Oil,2,999,2026-02-02
Julianne77@hotmail.com,Pre-Workout Formula,3,2499,2026-08-23
Julianne77@hotmail.com,Shaker Bottle,3,399,2026-06-01
Julianne77@hotmail.com,Yoga Mat Premium,3,1499,2026-01-21
Julianne77@hotmail.com,Shaker Bottle,2,399,2026-08-11
Julianne77@hotmail.com,Whey Protein Powder,2,2999,2026-07-07
Julianne77@hotmail.com,Shaker Bottle,3,399,2026-05-04
Julianne77@hotmail.com,Creatine Monohydrate,1,1499,2026-02-18
Julianne77@hotmail.com,Pre-Workout Formula,3,2499,2026-04-06
Julianne77@hotmail.com,Resistance Bands Set,1,799,2026-06-11
Julianne77@hotmail.com,Shaker Bottle,1,399,2026-01-24
Julianne77@hotmail.com,Omega-3 Fish Oil,2,999,2026-08-16
Julianne77@hotmail.com,Yoga Mat Premium,1,1499,2026-01-21
Julianne77@hotmail.com,Omega-3 Fish Oil,3,999,2025-12-30
Julianne77@hotmail.com,Shaker Bottle,3,399,2026-02-19
Julianne77@hotmail.com,Yoga Mat Premium,3,1499,2026-01-28
Julianne77@hotmail.com,Omega-3 Fish Oil,3,999,2026-02-19
Julianne77@hotmail.com,Yoga Mat Premium,3,1499,2026-01-25
Julianne77@hotmail.com,Yoga Mat Premium,2,1499,2026-02-26
Julianne77@hotmail.com,Whey Protein Powder,1,2999,2025-12-26
Julianne77@hotmail.com,Resistance Bands Set,2,799,2026-06-30
Julianne77@hotmail.com,Omega-3 Fish Oil,1,999,2026-02-15
Julianne77@hotmail.com,Shaker Bottle,2,399,2026-03-05
Julianne77@hotmail.com,Pre-Workout Formula,3,2499,2026-04-26
Julianne77@hotmail.com,Omega-3 Fish Oil,1,999,2026-07-19
Karolann_Beer46@yahoo.com,Pre-Workout Formula,2,2499,2026-07-26
Karolann_Beer46@yahoo.com,Pre-Workout Formula,2,2499,2026-06-27
Karolann_Beer46@yahoo.com,Pre-Workout Formula,2,2499,2026-05-24
Karolann_Beer46@yahoo.com,Pre-Workout Formula,1,2499,2026-04-30
Karolann_Beer46@yahoo.com,Pre-Workout Formula,1,2499,2026-03-31
Karolann_Beer46@yahoo.com,Whey Protein Powder,1,2999,2026-04-19
Karolann_Beer46@yahoo.com,Creatine Monohydrate,2,1499,2025-08-09
Karolann_Beer46@yahoo.com,Shaker Bottle,1,399,2024-10-20
Karolann_Beer46@yahoo.com,Omega-3 Fish Oil,3,999,2025-10-21
Karolann_Beer46@yahoo.com,Omega-3 Fish Oil,1,999,2025-01-03
Karolann_Beer46@yahoo.com,Whey Protein Powder,2,2999,2026-02-02
Karolann_Beer46@yahoo.com,Omega-3 Fish Oil,3,999,2026-07-17
Karolann_Beer46@yahoo.com,Yoga Mat Premium,2,1499,2025-01-08
Karolann_Beer46@yahoo.com,Omega-3 Fish Oil,3,999,2026-03-28
Karolann_Beer46@yahoo.com,Whey Protein Powder,1,2999,2025-01-05
Karolann_Beer46@yahoo.com,Whey Protein Powder,3,2999,2025-11-16
Bert_Weimann@gmail.com,Pre-Workout Formula,2,2499,2025-10-17
Bert_Weimann@gmail.com,Omega-3 Fish Oil,2,999,2025-07-09
Bert_Weimann@gmail.com,Yoga Mat Premium,1,1499,2026-01-30
Bert_Weimann@gmail.com,Whey Protein Powder,3,2999,2025-06-12
Bert_Weimann@gmail.com,Shaker Bottle,3,399,2025-11-01
Bert_Weimann@gmail.com,Whey Protein Powder,3,2999,2026-02-11
Bert_Weimann@gmail.com,Omega-3 Fish Oil,1,999,2026-03-30
Bert_Weimann@gmail.com,Creatine Monohydrate,3,1499,2026-04-03
Bert_Weimann@gmail.com,Shaker Bottle,3,399,2025-10-01
Bert_Weimann@gmail.com,Creatine Monohydrate,2,1499,2025-12-12
Bert_Weimann@gmail.com,Pre-Workout Formula,1,2499,2026-06-26
Bert_Weimann@gmail.com,Omega-3 Fish Oil,1,999,2025-08-06
Bert_Weimann@gmail.com,Shaker Bottle,1,399,2025-03-31
Efren83@gmail.com,Shaker Bottle,1,399,2026-03-06
Efren83@gmail.com,Pre-Workout Formula,3,2499,2025-07-05
Efren83@gmail.com,Resistance Bands Set,2,799,2024-10-24
Efren83@gmail.com,Creatine Monohydrate,1,1499,2026-07-18
Efren83@gmail.com,Shaker Bottle,3,399,2025-10-12
Efren83@gmail.com,Omega-3 Fish Oil,3,999,2025-10-27
Efren83@gmail.com,Creatine Monohydrate,1,1499,2026-03-21
Efren83@gmail.com,Pre-Workout Formula,1,2499,2026-07-20
Efren83@gmail.com,Creatine Monohydrate,1,1499,2026-05-21
Efren83@gmail.com,Yoga Mat Premium,2,1499,2025-06-24
Efren83@gmail.com,Omega-3 Fish Oil,3,999,2025-06-03
Efren83@gmail.com,Shaker Bottle,3,399,2024-12-09
Efren83@gmail.com,Creatine Monohydrate,2,1499,2024-12-05
Efren83@gmail.com,Shaker Bottle,3,399,2026-04-29
Efren83@gmail.com,Whey Protein Powder,2,2999,2025-10-25
Efren83@gmail.com,Shaker Bottle,2,399,2026-01-26
Efren83@gmail.com,Resistance Bands Set,1,799,2025-12-22
Gregorio_Willms@yahoo.com,Omega-3 Fish Oil,3,999,2026-03-25
Gregorio_Willms@yahoo.com,Resistance Bands Set,2,799,2025-12-14
Gregorio_Willms@yahoo.com,Creatine Monohydrate,3,1499,2025-12-04
Gregorio_Willms@yahoo.com,Yoga Mat Premium,3,1499,2026-06-07
Gregorio_Willms@yahoo.com,Shaker Bottle,1,399,2026-02-03
Gregorio_Willms@yahoo.com,Shaker Bottle,1,399,2026-03-01
Maureen_Spencer@yahoo.com,Pre-Workout Formula,2,2499,2026-05-06
Maureen_Spencer@yahoo.com,Creatine Monohydrate,2,1499,2026-03-24
Maureen_Spencer@yahoo.com,Omega-3 Fish Oil,1,999,2026-01-20
Maureen_Spencer@yahoo.com,Whey Protein Powder,1,2999,2025-10-16
Maureen_Spencer@yahoo.com,Yoga Mat Premium,2,1499,2025-12-25
Maureen_Spencer@yahoo.com,Shaker Bottle,2,399,2025-05-25
Maureen_Spencer@yahoo.com,Resistance Bands Set,3,799,2026-01-08
Maureen_Spencer@yahoo.com,Shaker Bottle,2,399,2025-11-28
Maureen_Spencer@yahoo.com,Resistance Bands Set,3,799,2025-12-06
Maureen_Spencer@yahoo.com,Shaker Bottle,3,399,2025-12-18
Maureen_Spencer@yahoo.com,Pre-Workout Formula,3,2499,2025-10-24
Maureen_Spencer@yahoo.com,Whey Protein Powder,1,2999,2026-02-22
Maureen_Spencer@yahoo.com,Creatine Monohydrate,2,1499,2025-06-13
Maureen_Spencer@yahoo.com,Creatine Monohydrate,2,1499,2026-06-11
Maureen_Spencer@yahoo.com,Whey Protein Powder,2,2999,2026-01-04
Maureen_Spencer@yahoo.com,Yoga Mat Premium,1,1499,2025-10-15
Maureen_Spencer@yahoo.com,Pre-Workout Formula,2,2499,2026-04-07
Maureen_Spencer@yahoo.com,Whey Protein Powder,1,2999,2025-09-22
Mustafa_Murphy@gmail.com,Yoga Mat Premium,3,1499,2025-06-12
Mustafa_Murphy@gmail.com,Resistance Bands Set,3,799,2025-11-29
Mustafa_Murphy@gmail.com,Shaker Bottle,3,399,2025-07-29
Mustafa_Murphy@gmail.com,Resistance Bands Set,3,799,2025-12-27
Mustafa_Murphy@gmail.com,Whey Protein Powder,3,2999,2025-07-09
Mustafa_Murphy@gmail.com,Pre-Workout Formula,2,2499,2026-04-21
Mustafa_Murphy@gmail.com,Resistance Bands Set,2,799,2025-05-04
Mustafa_Murphy@gmail.com,Resistance Bands Set,2,799,2025-05-28
Mustafa_Murphy@gmail.com,Whey Protein Powder,3,2999,2025-04-20
Mustafa_Murphy@gmail.com,Creatine Monohydrate,1,1499,2025-07-20
Mustafa_Murphy@gmail.com,Whey Protein Powder,3,2999,2026-03-19
Mustafa_Murphy@gmail.com,Yoga Mat Premium,3,1499,2025-02-18
Mustafa_Murphy@gmail.com,Pre-Workout Formula,3,2499,2025-12-07
Mustafa_Murphy@gmail.com,Whey Protein Powder,1,2999,2025-12-01
Mustafa_Murphy@gmail.com,Resistance Bands Set,2,799,2025-10-16
Mustafa_Murphy@gmail.com,Omega-3 Fish Oil,2,999,2025-07-10
Mustafa_Murphy@gmail.com,Shaker Bottle,2,399,2025-11-07
Mustafa_Murphy@gmail.com,Resistance Bands Set,2,799,2025-03-29
Mustafa_Murphy@gmail.com,Omega-3 Fish Oil,3,999,2026-01-20
Mustafa_Murphy@gmail.com,Creatine Monohydrate,2,1499,2026-01-05
Mustafa_Murphy@gmail.com,Yoga Mat Premium,1,1499,2025-06-20
Mustafa_Murphy@gmail.com,Omega-3 Fish Oil,1,999,2026-05-23
Mustafa_Murphy@gmail.com,Pre-Workout Formula,3,2499,2026-03-28
Mustafa_Murphy@gmail.com,Creatine Monohydrate,3,1499,2026-03-23
Mustafa_Murphy@gmail.com,Creatine Monohydrate,2,1499,2026-05-24
Mustafa_Murphy@gmail.com,Yoga Mat Premium,1,1499,2025-06-16
Mustafa_Murphy@gmail.com,Pre-Workout Formula,2,2499,2025-02-16
Mustafa_Murphy@gmail.com,Resistance Bands Set,1,799,2026-06-07
Mustafa_Murphy@gmail.com,Creatine Monohydrate,2,1499,2026-08-01
Mustafa_Murphy@gmail.com,Pre-Workout Formula,3,2499,2025-08-10
Mustafa_Murphy@gmail.com,Omega-3 Fish Oil,3,999,2025-04-22
Mustafa_Murphy@gmail.com,Yoga Mat Premium,1,1499,2025-10-31
Mustafa_Murphy@gmail.com,Whey Protein Powder,3,2999,2025-05-20
Gus83@gmail.com,Whey Protein Powder,1,2999,2026-07-24
Gus83@gmail.com,Whey Protein Powder,2,2999,2026-06-24
Gus83@gmail.com,Whey Protein Powder,2,2999,2026-05-25
Gus83@gmail.com,Whey Protein Powder,2,2999,2026-04-30
Gus83@gmail.com,Whey Protein Powder,2,2999,2026-03-31
Gus83@gmail.com,Whey Protein Powder,2,2999,2026-02-28
Gus83@gmail.com,Whey Protein Powder,2,2999,2026-01-26
Gus83@gmail.com,Whey Protein Powder,2,2999,2025-12-26
Nat_McLaughlin@hotmail.com,Shaker Bottle,2,399,2026-01-26
Nat_McLaughlin@hotmail.com,Whey Protein Powder,1,2999,2025-03-17
Nat_McLaughlin@hotmail.com,Resistance Bands Set,2,799,2025-06-23
Nat_McLaughlin@hotmail.com,Creatine Monohydrate,1,1499,2025-07-13
Nat_McLaughlin@hotmail.com,Whey Protein Powder,2,2999,2025-08-12
Nat_McLaughlin@hotmail.com,Pre-Workout Formula,1,2499,2025-07-03
Nat_McLaughlin@hotmail.com,Pre-Workout Formula,3,2499,2026-01-21
Nat_McLaughlin@hotmail.com,Yoga Mat Premium,2,1499,2025-04-17
Callie_Cole@gmail.com,Creatine Monohydrate,3,1499,2025-12-11
Callie_Cole@gmail.com,Shaker Bottle,2,399,2025-12-05
Callie_Cole@gmail.com,Whey Protein Powder,3,2999,2026-01-03
Callie_Cole@gmail.com,Resistance Bands Set,2,799,2026-01-24
Callie_Cole@gmail.com,Yoga Mat Premium,2,1499,2026-06-09
Callie_Cole@gmail.com,Whey Protein Powder,1,2999,2025-11-19
Callie_Cole@gmail.com,Omega-3 Fish Oil,3,999,2026-07-03
Callie_Cole@gmail.com,Resistance Bands Set,1,799,2026-06-05
Callie_Cole@gmail.com,Yoga Mat Premium,1,1499,2025-12-18
Callie_Cole@gmail.com,Pre-Workout Formula,1,2499,2026-01-13
Callie_Cole@gmail.com,Resistance Bands Set,2,799,2025-08-23
Callie_Cole@gmail.com,Yoga Mat Premium,3,1499,2026-05-19
Callie_Cole@gmail.com,Creatine Monohydrate,1,1499,2025-12-15
Callie_Cole@gmail.com,Pre-Workout Formula,2,2499,2026-07-09
Callie_Cole@gmail.com,Creatine Monohydrate,2,1499,2026-07-05
Callie_Cole@gmail.com,Resistance Bands Set,2,799,2026-01-19
Callie_Cole@gmail.com,Yoga Mat Premium,3,1499,2025-10-01
Callie_Cole@gmail.com,Omega-3 Fish Oil,1,999,2026-06-18
Callie_Cole@gmail.com,Omega-3 Fish Oil,3,999,2026-01-05
Callie_Cole@gmail.com,Shaker Bottle,1,399,2026-04-19
Callie_Cole@gmail.com,Omega-3 Fish Oil,2,999,2025-10-09
Callie_Cole@gmail.com,Pre-Workout Formula,2,2499,2025-12-22
Callie_Cole@gmail.com,Creatine Monohydrate,3,1499,2026-04-25
Callie_Cole@gmail.com,Resistance Bands Set,3,799,2025-10-10
Callie_Cole@gmail.com,Whey Protein Powder,3,2999,2026-01-13
Callie_Cole@gmail.com,Creatine Monohydrate,1,1499,2025-10-25
Callie_Cole@gmail.com,Omega-3 Fish Oil,2,999,2025-10-18
Callie_Cole@gmail.com,Whey Protein Powder,2,2999,2026-06-08
Callie_Cole@gmail.com,Resistance Bands Set,2,799,2026-05-25
Callie_Cole@gmail.com,Shaker Bottle,3,399,2025-08-23
Callie_Cole@gmail.com,Shaker Bottle,3,399,2026-04-11
Callie_Cole@gmail.com,Shaker Bottle,3,399,2025-09-29
Callie_Cole@gmail.com,Pre-Workout Formula,2,2499,2025-11-06
Callie_Cole@gmail.com,Omega-3 Fish Oil,3,999,2025-09-03
Callie_Cole@gmail.com,Resistance Bands Set,3,799,2026-06-16
Callie_Cole@gmail.com,Yoga Mat Premium,1,1499,2026-05-24
Callie_Cole@gmail.com,Omega-3 Fish Oil,2,999,2026-02-14
Callie_Cole@gmail.com,Whey Protein Powder,1,2999,2026-03-06
Callie_Cole@gmail.com,Yoga Mat Premium,2,1499,2025-08-11
Callie_Cole@gmail.com,Omega-3 Fish Oil,1,999,2026-07-11
Callie_Cole@gmail.com,Whey Protein Powder,1,2999,2026-06-30
Callie_Cole@gmail.com,Creatine Monohydrate,3,1499,2026-04-26
Callie_Cole@gmail.com,Pre-Workout Formula,1,2499,2026-06-22
Callie_Cole@gmail.com,Omega-3 Fish Oil,2,999,2025-12-19
Callie_Cole@gmail.com,Pre-Workout Formula,2,2499,2026-03-21
Callie_Cole@gmail.com,Shaker Bottle,1,399,2026-04-16
Callie_Cole@gmail.com,Creatine Monohydrate,2,1499,2026-03-05
Callie_Cole@gmail.com,Pre-Workout Formula,3,2499,2025-11-18
Callie_Cole@gmail.com,Yoga Mat Premium,3,1499,2026-04-23
Callie_Cole@gmail.com,Pre-Workout Formula,3,2499,2026-07-08
Callie_Cole@gmail.com,Yoga Mat Premium,2,1499,2025-09-28
Callie_Cole@gmail.com,Shaker Bottle,2,399,2026-03-03
Callie_Cole@gmail.com,Pre-Workout Formula,1,2499,2025-12-11
Callie_Cole@gmail.com,Shaker Bottle,1,399,2026-01-09
Callie_Cole@gmail.com,Resistance Bands Set,1,799,2026-06-02
Callie_Cole@gmail.com,Pre-Workout Formula,3,2499,2026-05-07
Callie_Cole@gmail.com,Resistance Bands Set,1,799,2026-05-05
Alexandro_Nitzsche22@hotmail.com,Creatine Monohydrate,3,1499,2026-08-02
Alexandro_Nitzsche22@hotmail.com,Creatine Monohydrate,1,1499,2026-01-20
Alexandro_Nitzsche22@hotmail.com,Shaker Bottle,3,399,2026-03-30
Alexandro_Nitzsche22@hotmail.com,Whey Protein Powder,3,2999,2025-12-05
Alexandro_Nitzsche22@hotmail.com,Creatine Monohydrate,3,1499,2025-03-11
Alexandro_Nitzsche22@hotmail.com,Shaker Bottle,3,399,2025-08-02
Alexandro_Nitzsche22@hotmail.com,Shaker Bottle,1,399,2025-03-13
Alexandro_Nitzsche22@hotmail.com,Yoga Mat Premium,1,1499,2026-04-29
Alexandro_Nitzsche22@hotmail.com,Shaker Bottle,3,399,2026-04-24
Alexandro_Nitzsche22@hotmail.com,Resistance Bands Set,3,799,2025-09-16
Alexandro_Nitzsche22@hotmail.com,Yoga Mat Premium,3,1499,2026-07-23
Alexandro_Nitzsche22@hotmail.com,Creatine Monohydrate,2,1499,2026-01-21
Alexandro_Nitzsche22@hotmail.com,Resistance Bands Set,3,799,2025-07-20
Alexandro_Nitzsche22@hotmail.com,Creatine Monohydrate,3,1499,2026-01-23
Alexandro_Nitzsche22@hotmail.com,Omega-3 Fish Oil,3,999,2025-05-30
Alexandro_Nitzsche22@hotmail.com,Yoga Mat Premium,2,1499,2026-01-28
Alexandro_Nitzsche22@hotmail.com,Resistance Bands Set,3,799,2026-05-21
Alexandro_Nitzsche22@hotmail.com,Omega-3 Fish Oil,2,999,2025-08-13
Alexandro_Nitzsche22@hotmail.com,Yoga Mat Premium,3,1499,2026-02-04
Alexandro_Nitzsche22@hotmail.com,Yoga Mat Premium,2,1499,2025-07-28
Alexandro_Nitzsche22@hotmail.com,Shaker Bottle,1,399,2025-05-28
Alexandro_Nitzsche22@hotmail.com,Resistance Bands Set,1,799,2025-07-22
Alexandro_Nitzsche22@hotmail.com,Omega-3 Fish Oil,3,999,2026-06-19
Alexandro_Nitzsche22@hotmail.com,Resistance Bands Set,3,799,2025-03-22
Alexandro_Nitzsche22@hotmail.com,Yoga Mat Premium,1,1499,2025-04-28
Alexandro_Nitzsche22@hotmail.com,Omega-3 Fish Oil,2,999,2025-03-21
Alexandro_Nitzsche22@hotmail.com,Whey Protein Powder,2,2999,2026-06-24
Alexandro_Nitzsche22@hotmail.com,Resistance Bands Set,3,799,2025-08-29
Alexandro_Nitzsche22@hotmail.com,Shaker Bottle,3,399,2025-03-11
Alexandro_Nitzsche22@hotmail.com,Omega-3 Fish Oil,3,999,2026-02-11
Alexandro_Nitzsche22@hotmail.com,Resistance Bands Set,1,799,2026-03-21
Alexandro_Nitzsche22@hotmail.com,Omega-3 Fish Oil,3,999,2025-04-01
Alexandro_Nitzsche22@hotmail.com,Whey Protein Powder,2,2999,2025-10-26
Alexandro_Nitzsche22@hotmail.com,Resistance Bands Set,1,799,2025-02-28
Alexandro_Nitzsche22@hotmail.com,Resistance Bands Set,2,799,2026-05-05
Alexandro_Nitzsche22@hotmail.com,Yoga Mat Premium,2,1499,2025-10-28
Alexandro_Nitzsche22@hotmail.com,Whey Protein Powder,2,2999,2026-03-17
Alexandro_Nitzsche22@hotmail.com,Yoga Mat Premium,2,1499,2025-04-09
Alexandro_Nitzsche22@hotmail.com,Whey Protein Powder,1,2999,2026-06-24
Alexandro_Nitzsche22@hotmail.com,Resistance Bands Set,1,799,2026-02-25
Alexandro_Nitzsche22@hotmail.com,Omega-3 Fish Oil,3,999,2026-01-24
Alexandro_Nitzsche22@hotmail.com,Resistance Bands Set,1,799,2025-04-21
Alexandro_Nitzsche22@hotmail.com,Yoga Mat Premium,3,1499,2025-04-06
Alexandro_Nitzsche22@hotmail.com,Creatine Monohydrate,3,1499,2025-07-28
Alexandro_Nitzsche22@hotmail.com,Shaker Bottle,1,399,2025-07-10
Alexandro_Nitzsche22@hotmail.com,Whey Protein Powder,1,2999,2026-05-24
Alexandro_Nitzsche22@hotmail.com,Creatine Monohydrate,3,1499,2026-07-01
Alexandro_Nitzsche22@hotmail.com,Omega-3 Fish Oil,3,999,2025-06-04
Alexandro_Nitzsche22@hotmail.com,Shaker Bottle,2,399,2025-06-05
Alexandro_Nitzsche22@hotmail.com,Yoga Mat Premium,1,1499,2026-06-04
Alexandro_Nitzsche22@hotmail.com,Omega-3 Fish Oil,3,999,2025-04-12
Alexandro_Nitzsche22@hotmail.com,Resistance Bands Set,2,799,2025-06-12
Alexandro_Nitzsche22@hotmail.com,Shaker Bottle,2,399,2025-06-30
Alexandro_Nitzsche22@hotmail.com,Whey Protein Powder,3,2999,2025-11-02
Alexandro_Nitzsche22@hotmail.com,Omega-3 Fish Oil,2,999,2025-03-20
Alexandro_Nitzsche22@hotmail.com,Resistance Bands Set,1,799,2026-06-19
Alexandro_Nitzsche22@hotmail.com,Shaker Bottle,1,399,2025-07-30
Alexandro_Nitzsche22@hotmail.com,Pre-Workout Formula,2,2499,2025-05-31
Alexandro_Nitzsche22@hotmail.com,Whey Protein Powder,1,2999,2026-03-10
Alexandro_Nitzsche22@hotmail.com,Pre-Workout Formula,2,2499,2026-06-27
Alexandro_Nitzsche22@hotmail.com,Resistance Bands Set,1,799,2025-08-17
Alexandro_Nitzsche22@hotmail.com,Resistance Bands Set,2,799,2025-08-29
Alexandro_Nitzsche22@hotmail.com,Creatine Monohydrate,2,1499,2025-12-20
Alexandro_Nitzsche22@hotmail.com,Whey Protein Powder,1,2999,2026-01-18
Bobby_Nicolas@gmail.com,Resistance Bands Set,1,799,2025-08-14
Bobby_Nicolas@gmail.com,Whey Protein Powder,2,2999,2025-09-24
Bobby_Nicolas@gmail.com,Creatine Monohydrate,1,1499,2025-11-13
Bobby_Nicolas@gmail.com,Pre-Workout Formula,3,2499,2025-07-12
Bobby_Nicolas@gmail.com,Creatine Monohydrate,2,1499,2025-06-13
Bobby_Nicolas@gmail.com,Omega-3 Fish Oil,3,999,2025-04-19
Bobby_Nicolas@gmail.com,Yoga Mat Premium,3,1499,2025-12-23
Bobby_Nicolas@gmail.com,Pre-Workout Formula,3,2499,2025-06-28
Raymond.Zulauf10@hotmail.com,Shaker Bottle,1,399,2026-07-27
Raymond.Zulauf10@hotmail.com,Creatine Monohydrate,2,1499,2026-04-11
Raymond.Zulauf10@hotmail.com,Pre-Workout Formula,3,2499,2025-09-15
Raymond.Zulauf10@hotmail.com,Creatine Monohydrate,1,1499,2025-10-13
Raymond.Zulauf10@hotmail.com,Shaker Bottle,2,399,2025-09-24
Raymond.Zulauf10@hotmail.com,Resistance Bands Set,1,799,2025-09-23
Raymond.Zulauf10@hotmail.com,Whey Protein Powder,1,2999,2026-03-28
Raymond.Zulauf10@hotmail.com,Omega-3 Fish Oil,1,999,2026-06-03
Raymond.Zulauf10@hotmail.com,Yoga Mat Premium,1,1499,2025-12-18
Raymond.Zulauf10@hotmail.com,Creatine Monohydrate,2,1499,2026-05-13
Raymond.Zulauf10@hotmail.com,Yoga Mat Premium,1,1499,2025-12-09
Raymond.Zulauf10@hotmail.com,Pre-Workout Formula,2,2499,2025-09-09
Raymond.Zulauf10@hotmail.com,Omega-3 Fish Oil,3,999,2025-12-05
Raymond.Zulauf10@hotmail.com,Resistance Bands Set,2,799,2026-01-15
Raymond.Zulauf10@hotmail.com,Shaker Bottle,2,399,2025-12-29
Raymond.Zulauf10@hotmail.com,Pre-Workout Formula,1,2499,2025-09-18
Raymond.Zulauf10@hotmail.com,Whey Protein Powder,3,2999,2026-01-26
Raymond.Zulauf10@hotmail.com,Shaker Bottle,2,399,2025-12-30
Raymond.Zulauf10@hotmail.com,Omega-3 Fish Oil,3,999,2026-06-21
Raymond.Zulauf10@hotmail.com,Shaker Bottle,2,399,2026-01-12
Raymond.Zulauf10@hotmail.com,Pre-Workout Formula,1,2499,2026-03-09
Raymond.Zulauf10@hotmail.com,Creatine Monohydrate,3,1499,2026-07-20
Raymond.Zulauf10@hotmail.com,Pre-Workout Formula,3,2499,2025-10-12
Raymond.Zulauf10@hotmail.com,Yoga Mat Premium,1,1499,2025-07-10
Raymond.Zulauf10@hotmail.com,Creatine Monohydrate,3,1499,2026-02-14
Raymond.Zulauf10@hotmail.com,Shaker Bottle,1,399,2026-05-26
Raymond.Zulauf10@hotmail.com,Omega-3 Fish Oil,1,999,2025-10-05
Raymond.Zulauf10@hotmail.com,Creatine Monohydrate,3,1499,2025-07-08
Raymond.Zulauf10@hotmail.com,Resistance Bands Set,3,799,2026-08-03
Raymond.Zulauf10@hotmail.com,Whey Protein Powder,3,2999,2025-11-25
Raymond.Zulauf10@hotmail.com,Shaker Bottle,3,399,2025-10-27
Raymond.Zulauf10@hotmail.com,Omega-3 Fish Oil,2,999,2026-06-11
Raymond.Zulauf10@hotmail.com,Pre-Workout Formula,1,2499,2025-07-31
Raymond.Zulauf10@hotmail.com,Resistance Bands Set,2,799,2026-03-21
Raymond.Zulauf10@hotmail.com,Yoga Mat Premium,1,1499,2025-08-13
Raymond.Zulauf10@hotmail.com,Shaker Bottle,3,399,2026-07-09
Raymond.Zulauf10@hotmail.com,Pre-Workout Formula,1,2499,2025-12-19
Raymond.Zulauf10@hotmail.com,Pre-Workout Formula,1,2499,2025-12-07
Raymond.Zulauf10@hotmail.com,Shaker Bottle,2,399,2026-07-09
Raymond.Zulauf10@hotmail.com,Yoga Mat Premium,1,1499,2025-11-26
Carolyne_Sanford@hotmail.com,Omega-3 Fish Oil,2,999,2026-07-28
Carolyne_Sanford@hotmail.com,Omega-3 Fish Oil,2,999,2026-06-01
Carolyne_Sanford@hotmail.com,Omega-3 Fish Oil,2,999,2026-04-04
Carolyne_Sanford@hotmail.com,Omega-3 Fish Oil,2,999,2026-02-02
Carolyne_Sanford@hotmail.com,Omega-3 Fish Oil,2,999,2025-11-30
Carolyne_Sanford@hotmail.com,Omega-3 Fish Oil,2,999,2025-10-05
Carolyne_Sanford@hotmail.com,Creatine Monohydrate,2,1499,2026-03-25
Carolyne_Sanford@hotmail.com,Pre-Workout Formula,1,2499,2026-06-02
Carolyne_Sanford@hotmail.com,Whey Protein Powder,1,2999,2026-05-23
Carolyne_Sanford@hotmail.com,Whey Protein Powder,2,2999,2026-03-29
Carolyne_Sanford@hotmail.com,Shaker Bottle,2,399,2025-11-30
Carolyne_Sanford@hotmail.com,Creatine Monohydrate,1,1499,2026-08-07
Carolyne_Sanford@hotmail.com,Pre-Workout Formula,1,2499,2026-06-25
Carolyne_Sanford@hotmail.com,Creatine Monohydrate,3,1499,2025-12-11
Carolyne_Sanford@hotmail.com,Pre-Workout Formula,2,2499,2026-01-28
Carolyne_Sanford@hotmail.com,Yoga Mat Premium,2,1499,2026-04-18
Teri_Oberbrunner38@yahoo.com,Whey Protein Powder,2,2999,2026-06-15
Teri_Oberbrunner38@yahoo.com,Omega-3 Fish Oil,1,999,2026-04-22
Teri_Oberbrunner38@yahoo.com,Shaker Bottle,1,399,2026-01-29
Teri_Oberbrunner38@yahoo.com,Shaker Bottle,1,399,2026-04-10
Teri_Oberbrunner38@yahoo.com,Shaker Bottle,1,399,2026-04-15
Teri_Oberbrunner38@yahoo.com,Yoga Mat Premium,2,1499,2026-05-26
Teri_Oberbrunner38@yahoo.com,Whey Protein Powder,3,2999,2026-06-09
Teri_Oberbrunner38@yahoo.com,Pre-Workout Formula,1,2499,2026-06-13
Petra88@gmail.com,Omega-3 Fish Oil,2,999,2026-07-25
Petra88@gmail.com,Whey Protein Powder,1,2999,2026-05-29
Petra88@gmail.com,Resistance Bands Set,2,799,2026-06-23
Petra88@gmail.com,Yoga Mat Premium,2,1499,2026-07-28
Petra88@gmail.com,Shaker Bottle,1,399,2026-04-24
Petra88@gmail.com,Creatine Monohydrate,3,1499,2026-06-04
Petra88@gmail.com,Resistance Bands Set,2,799,2026-08-04
Petra88@gmail.com,Omega-3 Fish Oil,2,999,2026-06-27
Petra88@gmail.com,Yoga Mat Premium,1,1499,2026-06-21
Petra88@gmail.com,Resistance Bands Set,3,799,2026-06-10
Petra88@gmail.com,Omega-3 Fish Oil,2,999,2026-05-26
Petra88@gmail.com,Shaker Bottle,3,399,2026-06-22
Petra88@gmail.com,Resistance Bands Set,2,799,2026-05-05
Petra88@gmail.com,Yoga Mat Premium,1,1499,2026-06-28
Petra88@gmail.com,Omega-3 Fish Oil,2,999,2026-07-20
Petra88@gmail.com,Creatine Monohydrate,2,1499,2026-04-12
Petra88@gmail.com,Pre-Workout Formula,2,2499,2026-07-16
Petra88@gmail.com,Pre-Workout Formula,1,2499,2026-04-17
Petra88@gmail.com,Pre-Workout Formula,2,2499,2026-04-09
Petra88@gmail.com,Whey Protein Powder,2,2999,2026-07-28
Petra88@gmail.com,Pre-Workout Formula,2,2499,2026-07-14
Petra88@gmail.com,Resistance Bands Set,1,799,2026-05-22
Petra88@gmail.com,Shaker Bottle,2,399,2026-06-18
Petra88@gmail.com,Pre-Workout Formula,2,2499,2026-07-06
Petra88@gmail.com,Yoga Mat Premium,1,1499,2026-08-03
Petra88@gmail.com,Pre-Workout Formula,2,2499,2026-03-31
Petra88@gmail.com,Shaker Bottle,3,399,2026-07-13
Petra88@gmail.com,Yoga Mat Premium,3,1499,2026-04-03
Petra88@gmail.com,Pre-Workout Formula,2,2499,2026-06-02
Jena_White@yahoo.com,Creatine Monohydrate,2,1499,2025-06-18
Jena_White@yahoo.com,Resistance Bands Set,1,799,2025-05-12
Jena_White@yahoo.com,Pre-Workout Formula,3,2499,2026-01-08
Jena_White@yahoo.com,Pre-Workout Formula,3,2499,2025-09-08
Jena_White@yahoo.com,Yoga Mat Premium,3,1499,2026-08-09
Jena_White@yahoo.com,Whey Protein Powder,3,2999,2026-05-16
Jena_White@yahoo.com,Omega-3 Fish Oil,2,999,2026-05-12
Jena_White@yahoo.com,Yoga Mat Premium,2,1499,2026-05-14
Jena_White@yahoo.com,Whey Protein Powder,2,2999,2025-08-17
Hannah52@gmail.com,Omega-3 Fish Oil,1,999,2025-12-08
Hannah52@gmail.com,Whey Protein Powder,2,2999,2025-09-19
Hannah52@gmail.com,Omega-3 Fish Oil,2,999,2026-05-18
Hannah52@gmail.com,Yoga Mat Premium,1,1499,2025-06-10
Hannah52@gmail.com,Creatine Monohydrate,3,1499,2026-07-05
Hannah52@gmail.com,Resistance Bands Set,2,799,2025-08-19
Hannah52@gmail.com,Yoga Mat Premium,1,1499,2025-08-31
Hannah52@gmail.com,Creatine Monohydrate,2,1499,2025-12-29
Hannah52@gmail.com,Creatine Monohydrate,2,1499,2025-12-27
Hannah52@gmail.com,Yoga Mat Premium,1,1499,2026-03-19
Hannah52@gmail.com,Resistance Bands Set,1,799,2026-02-19
Hannah52@gmail.com,Creatine Monohydrate,2,1499,2026-06-18
Hannah52@gmail.com,Shaker Bottle,1,399,2025-11-25
Hannah52@gmail.com,Omega-3 Fish Oil,2,999,2026-04-22
Hannah52@gmail.com,Resistance Bands Set,1,799,2025-09-06
Electa.Armstrong51@yahoo.com,Creatine Monohydrate,2,1499,2025-02-11
Electa.Armstrong51@yahoo.com,Pre-Workout Formula,2,2499,2025-07-14
Electa.Armstrong51@yahoo.com,Shaker Bottle,1,399,2025-05-05
Electa.Armstrong51@yahoo.com,Creatine Monohydrate,2,1499,2025-05-23
Electa.Armstrong51@yahoo.com,Shaker Bottle,3,399,2025-07-06
Electa.Armstrong51@yahoo.com,Omega-3 Fish Oil,2,999,2024-10-31
Electa.Armstrong51@yahoo.com,Pre-Workout Formula,2,2499,2024-12-20
Electa.Armstrong51@yahoo.com,Omega-3 Fish Oil,1,999,2024-11-08
Electa.Armstrong51@yahoo.com,Pre-Workout Formula,3,2499,2025-08-20
Electa.Armstrong51@yahoo.com,Yoga Mat Premium,3,1499,2024-12-31
Electa.Armstrong51@yahoo.com,Yoga Mat Premium,1,1499,2025-02-25
Triston_Schuster@gmail.com,Resistance Bands Set,3,799,2025-12-15
Triston_Schuster@gmail.com,Whey Protein Powder,3,2999,2026-05-12
Triston_Schuster@gmail.com,Creatine Monohydrate,1,1499,2026-07-01
Triston_Schuster@gmail.com,Resistance Bands Set,3,799,2026-08-01
Triston_Schuster@gmail.com,Yoga Mat Premium,2,1499,2025-07-27
Triston_Schuster@gmail.com,Resistance Bands Set,2,799,2025-10-20
Triston_Schuster@gmail.com,Yoga Mat Premium,1,1499,2026-01-11
Triston_Schuster@gmail.com,Omega-3 Fish Oil,2,999,2026-04-18
Triston_Schuster@gmail.com,Yoga Mat Premium,1,1499,2026-07-08
Triston_Schuster@gmail.com,Whey Protein Powder,2,2999,2025-10-10
Triston_Schuster@gmail.com,Shaker Bottle,3,399,2025-12-11
Triston_Schuster@gmail.com,Omega-3 Fish Oil,1,999,2026-05-19
Triston_Schuster@gmail.com,Pre-Workout Formula,1,2499,2025-10-28
Quincy.Corkery36@hotmail.com,Creatine Monohydrate,2,1499,2024-12-07
Quincy.Corkery36@hotmail.com,Yoga Mat Premium,3,1499,2025-06-26
Quincy.Corkery36@hotmail.com,Creatine Monohydrate,1,1499,2025-05-26
Quincy.Corkery36@hotmail.com,Whey Protein Powder,3,2999,2024-11-02
Quincy.Corkery36@hotmail.com,Resistance Bands Set,1,799,2025-01-17
Quincy.Corkery36@hotmail.com,Pre-Workout Formula,2,2499,2025-08-25
Karla.Casper@yahoo.com,Pre-Workout Formula,2,2499,2026-02-14
Karla.Casper@yahoo.com,Yoga Mat Premium,3,1499,2026-05-22
Karla.Casper@yahoo.com,Omega-3 Fish Oil,1,999,2026-07-20
Karla.Casper@yahoo.com,Creatine Monohydrate,2,1499,2025-11-01
Karla.Casper@yahoo.com,Whey Protein Powder,1,2999,2025-10-23
Karla.Casper@yahoo.com,Yoga Mat Premium,3,1499,2026-04-10
Karla.Casper@yahoo.com,Yoga Mat Premium,3,1499,2026-03-11
Karla.Casper@yahoo.com,Omega-3 Fish Oil,2,999,2025-12-01
Karla.Casper@yahoo.com,Yoga Mat Premium,3,1499,2026-05-06
Karla.Casper@yahoo.com,Resistance Bands Set,2,799,2026-05-13
Karla.Casper@yahoo.com,Whey Protein Powder,2,2999,2025-12-25
Gustave50@gmail.com,Pre-Workout Formula,1,2499,2026-08-01
Gustave50@gmail.com,Pre-Workout Formula,1,2499,2026-07-02
Gustave50@gmail.com,Pre-Workout Formula,1,2499,2026-06-06
Gustave50@gmail.com,Pre-Workout Formula,2,2499,2026-05-03
Gustave50@gmail.com,Resistance Bands Set,2,799,2026-08-03
Gustave50@gmail.com,Creatine Monohydrate,3,1499,2026-08-02
Gustave50@gmail.com,Creatine Monohydrate,2,1499,2026-08-03
Carroll32@hotmail.com,Omega-3 Fish Oil,1,999,2026-01-08
Carroll32@hotmail.com,Shaker Bottle,2,399,2026-06-25
Carroll32@hotmail.com,Whey Protein Powder,1,2999,2026-07-23
Eli.Botsford70@gmail.com,Shaker Bottle,1,399,2026-04-07
Eli.Botsford70@gmail.com,Whey Protein Powder,2,2999,2026-03-16
Omar22@hotmail.com,Omega-3 Fish Oil,1,999,2026-08-08
Omar22@hotmail.com,Shaker Bottle,3,399,2026-08-05
Omar22@hotmail.com,Omega-3 Fish Oil,2,999,2026-08-08
Omar22@hotmail.com,Shaker Bottle,3,399,2026-08-09
Omar22@hotmail.com,Pre-Workout Formula,2,2499,2026-08-04
Omar22@hotmail.com,Omega-3 Fish Oil,1,999,2026-08-06
Omar22@hotmail.com,Shaker Bottle,2,399,2026-08-14
Omar22@hotmail.com,Whey Protein Powder,3,2999,2026-08-12
Morgan49@hotmail.com,Pre-Workout Formula,1,2499,2025-11-19
Morgan49@hotmail.com,Whey Protein Powder,3,2999,2026-02-13
Morgan49@hotmail.com,Resistance Bands Set,1,799,2026-03-13
Morgan49@hotmail.com,Creatine Monohydrate,2,1499,2026-07-04
Morgan49@hotmail.com,Yoga Mat Premium,1,1499,2025-11-09
Morgan49@hotmail.com,Resistance Bands Set,3,799,2026-06-02
Morgan49@hotmail.com,Shaker Bottle,2,399,2026-06-23
Morgan49@hotmail.com,Yoga Mat Premium,2,1499,2026-02-20
Morgan49@hotmail.com,Pre-Workout Formula,2,2499,2026-05-04
Morgan49@hotmail.com,Omega-3 Fish Oil,1,999,2026-06-02
Morgan49@hotmail.com,Whey Protein Powder,2,2999,2026-04-07
Morgan49@hotmail.com,Resistance Bands Set,1,799,2025-12-06
Morgan49@hotmail.com,Yoga Mat Premium,3,1499,2026-01-31
Morgan49@hotmail.com,Creatine Monohydrate,2,1499,2026-05-31
Morgan49@hotmail.com,Pre-Workout Formula,3,2499,2026-01-16
Morgan49@hotmail.com,Whey Protein Powder,1,2999,2025-11-05
Kali25@hotmail.com,Whey Protein Powder,1,2999,2026-07-25
Kali25@hotmail.com,Whey Protein Powder,2,2999,2026-06-24
Kali25@hotmail.com,Whey Protein Powder,2,2999,2026-05-25
Kali25@hotmail.com,Whey Protein Powder,2,2999,2026-04-25
Kali25@hotmail.com,Whey Protein Powder,1,2999,2026-03-31
Kali25@hotmail.com,Whey Protein Powder,1,2999,2026-03-01
Kali25@hotmail.com,Whey Protein Powder,1,2999,2026-01-25
Kiana_Armstrong@gmail.com,Creatine Monohydrate,3,1499,2026-04-07
Kiana_Armstrong@gmail.com,Shaker Bottle,2,399,2025-10-14
Kiana_Armstrong@gmail.com,Whey Protein Powder,1,2999,2025-09-10
Yasmeen20@gmail.com,Omega-3 Fish Oil,3,999,2024-10-23
Yasmeen20@gmail.com,Resistance Bands Set,3,799,2026-04-09
Yasmeen20@gmail.com,Whey Protein Powder,2,2999,2026-01-31
Yasmeen20@gmail.com,Omega-3 Fish Oil,3,999,2025-12-24
Yasmeen20@gmail.com,Shaker Bottle,1,399,2024-11-30
Yasmeen20@gmail.com,Whey Protein Powder,1,2999,2025-09-19
Yasmeen20@gmail.com,Pre-Workout Formula,1,2499,2025-08-01
Yasmeen20@gmail.com,Creatine Monohydrate,2,1499,2025-05-14
Yasmeen20@gmail.com,Yoga Mat Premium,1,1499,2026-04-02
Yasmeen20@gmail.com,Pre-Workout Formula,2,2499,2025-02-18
Yasmeen20@gmail.com,Shaker Bottle,1,399,2024-10-20
Yasmeen20@gmail.com,Shaker Bottle,1,399,2025-02-03
Yasmeen20@gmail.com,Yoga Mat Premium,2,1499,2025-11-22
Yasmeen20@gmail.com,Yoga Mat Premium,1,1499,2024-11-12
Yasmeen20@gmail.com,Pre-Workout Formula,3,2499,2024-12-11
Yasmeen20@gmail.com,Whey Protein Powder,2,2999,2025-12-13
Yasmeen20@gmail.com,Shaker Bottle,2,399,2025-09-26
Yasmeen20@gmail.com,Creatine Monohydrate,3,1499,2025-09-04
Yasmeen20@gmail.com,Pre-Workout Formula,3,2499,2026-02-06
Yasmeen20@gmail.com,Pre-Workout Formula,3,2499,2026-04-01
Yasmeen20@gmail.com,Omega-3 Fish Oil,2,999,2026-04-14
Yasmeen20@gmail.com,Resistance Bands Set,3,799,2026-04-27
Maymie85@hotmail.com,Yoga Mat Premium,3,1499,2026-03-06
Maymie85@hotmail.com,Creatine Monohydrate,3,1499,2026-01-20
Maymie85@hotmail.com,Creatine Monohydrate,2,1499,2026-06-23
Maymie85@hotmail.com,Creatine Monohydrate,3,1499,2026-04-29
Maymie85@hotmail.com,Yoga Mat Premium,1,1499,2026-06-12
Maymie85@hotmail.com,Whey Protein Powder,2,2999,2026-07-23
Cloyd_Adams@hotmail.com,Creatine Monohydrate,3,1499,2025-12-23
Cloyd_Adams@hotmail.com,Whey Protein Powder,2,2999,2026-02-10
Tess24@gmail.com,Creatine Monohydrate,1,1499,2026-07-25
Tess24@gmail.com,Creatine Monohydrate,2,1499,2026-06-07
Tess24@gmail.com,Creatine Monohydrate,1,1499,2026-04-24
Tess24@gmail.com,Creatine Monohydrate,2,1499,2026-03-08
Tess24@gmail.com,Creatine Monohydrate,2,1499,2026-01-28
Tess24@gmail.com,Shaker Bottle,1,399,2026-05-31
Tess24@gmail.com,Resistance Bands Set,1,799,2026-01-26
Tess24@gmail.com,Yoga Mat Premium,3,1499,2026-03-06
Tess24@gmail.com,Pre-Workout Formula,1,2499,2025-06-11
Tess24@gmail.com,Omega-3 Fish Oil,1,999,2026-03-31
Tess24@gmail.com,Omega-3 Fish Oil,3,999,2026-02-10
Tess24@gmail.com,Yoga Mat Premium,2,1499,2026-07-27
Tess24@gmail.com,Omega-3 Fish Oil,2,999,2026-05-05
Tess24@gmail.com,Shaker Bottle,3,399,2026-02-17
Tess24@gmail.com,Yoga Mat Premium,2,1499,2026-07-05
Tess24@gmail.com,Pre-Workout Formula,2,2499,2026-08-04
Tess24@gmail.com,Resistance Bands Set,1,799,2025-09-26
Tess24@gmail.com,Yoga Mat Premium,3,1499,2025-11-28
Tess24@gmail.com,Pre-Workout Formula,3,2499,2025-06-30
Tess24@gmail.com,Omega-3 Fish Oil,3,999,2026-02-11
Tess24@gmail.com,Shaker Bottle,1,399,2025-08-03
Tess24@gmail.com,Shaker Bottle,3,399,2025-12-23
Tess24@gmail.com,Pre-Workout Formula,1,2499,2026-07-30
Tess24@gmail.com,Pre-Workout Formula,2,2499,2025-11-29
Tess24@gmail.com,Omega-3 Fish Oil,1,999,2026-07-20
Tess24@gmail.com,Resistance Bands Set,1,799,2026-06-27
Tess24@gmail.com,Whey Protein Powder,2,2999,2025-08-15
Tess24@gmail.com,Omega-3 Fish Oil,3,999,2025-10-23
Tess24@gmail.com,Yoga Mat Premium,3,1499,2025-08-14
Tess24@gmail.com,Whey Protein Powder,3,2999,2026-08-06
Tess24@gmail.com,Whey Protein Powder,3,2999,2026-05-27
Niko.Durgan@yahoo.com,Omega-3 Fish Oil,1,999,2026-07-25
Niko.Durgan@yahoo.com,Omega-3 Fish Oil,2,999,2026-05-31
Niko.Durgan@yahoo.com,Omega-3 Fish Oil,2,999,2026-03-27
Niko.Durgan@yahoo.com,Omega-3 Fish Oil,1,999,2026-01-30
Niko.Durgan@yahoo.com,Omega-3 Fish Oil,1,999,2025-11-27
Niko.Durgan@yahoo.com,Omega-3 Fish Oil,1,999,2025-09-30
Joseph21@yahoo.com,Shaker Bottle,2,399,2026-02-07
Joseph21@yahoo.com,Creatine Monohydrate,3,1499,2026-03-04
Joseph21@yahoo.com,Resistance Bands Set,1,799,2026-02-09
Joseph21@yahoo.com,Omega-3 Fish Oil,1,999,2026-06-24
Joseph21@yahoo.com,Yoga Mat Premium,3,1499,2026-04-22
Joseph21@yahoo.com,Resistance Bands Set,2,799,2026-02-24
Joseph21@yahoo.com,Pre-Workout Formula,1,2499,2026-01-19
Joseph21@yahoo.com,Whey Protein Powder,2,2999,2026-03-22
Joseph21@yahoo.com,Resistance Bands Set,2,799,2026-03-29
Joseph21@yahoo.com,Pre-Workout Formula,2,2499,2026-07-04
Joseph21@yahoo.com,Shaker Bottle,3,399,2025-12-27
Joseph21@yahoo.com,Yoga Mat Premium,1,1499,2026-07-21
Joseph21@yahoo.com,Pre-Workout Formula,2,2499,2026-05-12
Joseph21@yahoo.com,Yoga Mat Premium,2,1499,2026-06-30
Joseph21@yahoo.com,Omega-3 Fish Oil,2,999,2026-05-03
Joseph21@yahoo.com,Resistance Bands Set,1,799,2026-07-21
Joseph21@yahoo.com,Shaker Bottle,1,399,2026-01-20
Joseph21@yahoo.com,Omega-3 Fish Oil,3,999,2026-03-22
Alessandro46@yahoo.com,Creatine Monohydrate,2,1499,2026-07-23
Alessandro46@yahoo.com,Creatine Monohydrate,1,1499,2026-06-06
Alessandro46@yahoo.com,Creatine Monohydrate,2,1499,2026-04-24
Alessandro46@yahoo.com,Creatine Monohydrate,1,1499,2026-03-08
Alessandro46@yahoo.com,Creatine Monohydrate,1,1499,2026-01-28
Alessandro46@yahoo.com,Omega-3 Fish Oil,1,999,2026-07-12
Alessandro46@yahoo.com,Omega-3 Fish Oil,1,999,2026-03-22
Alessandro46@yahoo.com,Shaker Bottle,1,399,2026-03-02
Alessandro46@yahoo.com,Whey Protein Powder,2,2999,2026-07-22
Alessandro46@yahoo.com,Pre-Workout Formula,2,2499,2025-11-23
Alessandro46@yahoo.com,Pre-Workout Formula,1,2499,2026-06-04
Alessandro46@yahoo.com,Whey Protein Powder,1,2999,2026-05-11
Alessandro46@yahoo.com,Resistance Bands Set,3,799,2026-04-20
Alessandro46@yahoo.com,Resistance Bands Set,2,799,2026-06-05
Alessandro46@yahoo.com,Pre-Workout Formula,1,2499,2026-06-06
Nasir.Bruen99@gmail.com,Pre-Workout Formula,1,2499,2026-07-31
Nasir.Bruen99@gmail.com,Pre-Workout Formula,2,2499,2026-07-01
Nasir.Bruen99@gmail.com,Pre-Workout Formula,2,2499,2026-06-01
Nasir.Bruen99@gmail.com,Pre-Workout Formula,2,2499,2026-05-05
Nasir.Bruen99@gmail.com,Pre-Workout Formula,2,2499,2026-03-31
Nasir.Bruen99@gmail.com,Pre-Workout Formula,1,2499,2026-03-04
Nasir.Bruen99@gmail.com,Pre-Workout Formula,1,2499,2026-02-02
Nasir.Bruen99@gmail.com,Pre-Workout Formula,2,2499,2026-01-03
Nasir.Bruen99@gmail.com,Resistance Bands Set,2,799,2025-03-14
Nasir.Bruen99@gmail.com,Resistance Bands Set,3,799,2025-06-09
Jolie63@yahoo.com,Whey Protein Powder,1,2999,2026-04-05
Jolie63@yahoo.com,Resistance Bands Set,2,799,2025-10-21
Jolie63@yahoo.com,Yoga Mat Premium,2,1499,2026-07-16
Jolie63@yahoo.com,Shaker Bottle,2,399,2025-12-27
Jolie63@yahoo.com,Whey Protein Powder,1,2999,2026-02-08
Jolie63@yahoo.com,Yoga Mat Premium,3,1499,2026-02-28
Jolie63@yahoo.com,Pre-Workout Formula,3,2499,2025-12-09
Jolie63@yahoo.com,Creatine Monohydrate,2,1499,2026-06-15
Jolie63@yahoo.com,Resistance Bands Set,1,799,2025-10-24
Jolie63@yahoo.com,Whey Protein Powder,1,2999,2026-01-11
Jolie63@yahoo.com,Creatine Monohydrate,1,1499,2026-07-07
Jolie63@yahoo.com,Yoga Mat Premium,2,1499,2026-04-01
Jolie63@yahoo.com,Whey Protein Powder,2,2999,2026-07-01
Jolie63@yahoo.com,Shaker Bottle,3,399,2026-03-21
Jolie63@yahoo.com,Pre-Workout Formula,2,2499,2026-03-04
Jolie63@yahoo.com,Creatine Monohydrate,3,1499,2026-05-26
Alexandrea.Kris71@gmail.com,Omega-3 Fish Oil,2,999,2026-05-21
Alexandrea.Kris71@gmail.com,Whey Protein Powder,3,2999,2026-06-07
Alexandrea.Kris71@gmail.com,Whey Protein Powder,2,2999,2026-04-15
Alexandrea.Kris71@gmail.com,Yoga Mat Premium,1,1499,2026-04-30
Alexandrea.Kris71@gmail.com,Whey Protein Powder,3,2999,2026-07-24
Alexandrea.Kris71@gmail.com,Pre-Workout Formula,1,2499,2026-06-28
Alexandrea.Kris71@gmail.com,Shaker Bottle,1,399,2026-04-17
Alexandrea.Kris71@gmail.com,Whey Protein Powder,1,2999,2026-05-11
Alexandrea.Kris71@gmail.com,Pre-Workout Formula,3,2499,2026-05-17
Alexandrea.Kris71@gmail.com,Whey Protein Powder,3,2999,2026-04-10
Alexandrea.Kris71@gmail.com,Pre-Workout Formula,3,2499,2026-05-11
Alexandrea.Kris71@gmail.com,Shaker Bottle,1,399,2026-06-23
Alexandrea.Kris71@gmail.com,Pre-Workout Formula,2,2499,2026-04-17
Alexandrea.Kris71@gmail.com,Creatine Monohydrate,2,1499,2026-03-18
Alexandrea.Kris71@gmail.com,Shaker Bottle,3,399,2026-03-22
Alexandrea.Kris71@gmail.com,Pre-Workout Formula,2,2499,2026-06-22
Alexandrea.Kris71@gmail.com,Omega-3 Fish Oil,3,999,2026-06-07
Alexandrea.Kris71@gmail.com,Creatine Monohydrate,1,1499,2026-06-29
Alexandrea.Kris71@gmail.com,Resistance Bands Set,1,799,2026-05-04
Alexandrea.Kris71@gmail.com,Whey Protein Powder,3,2999,2026-06-19
Alexandrea.Kris71@gmail.com,Pre-Workout Formula,3,2499,2026-05-02
Alexandrea.Kris71@gmail.com,Whey Protein Powder,1,2999,2026-05-01
Alexandrea.Kris71@gmail.com,Shaker Bottle,1,399,2026-07-05
Alexandrea.Kris71@gmail.com,Resistance Bands Set,1,799,2026-07-20
Alexandrea.Kris71@gmail.com,Creatine Monohydrate,2,1499,2026-06-14
Alexandrea.Kris71@gmail.com,Pre-Workout Formula,2,2499,2026-07-17
Alexandrea.Kris71@gmail.com,Pre-Workout Formula,3,2499,2026-04-26
Alexandrea.Kris71@gmail.com,Resistance Bands Set,1,799,2026-03-31
Alexandrea.Kris71@gmail.com,Creatine Monohydrate,2,1499,2026-04-28
Alexandrea.Kris71@gmail.com,Omega-3 Fish Oil,2,999,2026-04-25
Alexandrea.Kris71@gmail.com,Yoga Mat Premium,3,1499,2026-05-15
Alexandrea.Kris71@gmail.com,Whey Protein Powder,1,2999,2026-05-13
Alexandrea.Kris71@gmail.com,Resistance Bands Set,1,799,2026-07-08
Alexandrea.Kris71@gmail.com,Yoga Mat Premium,3,1499,2026-06-25
Alexandrea.Kris71@gmail.com,Omega-3 Fish Oil,1,999,2026-06-20
Alexandrea.Kris71@gmail.com,Creatine Monohydrate,1,1499,2026-06-30
Alexandrea.Kris71@gmail.com,Shaker Bottle,2,399,2026-05-27
Alexandrea.Kris71@gmail.com,Omega-3 Fish Oil,2,999,2026-04-05
Reta_Bode38@hotmail.com,Whey Protein Powder,2,2999,2025-12-29
Reta_Bode38@hotmail.com,Omega-3 Fish Oil,1,999,2026-03-15
Reta_Bode38@hotmail.com,Shaker Bottle,1,399,2026-02-05
Reta_Bode38@hotmail.com,Whey Protein Powder,1,2999,2026-06-01
Reta_Bode38@hotmail.com,Omega-3 Fish Oil,2,999,2026-02-13
Reta_Bode38@hotmail.com,Omega-3 Fish Oil,3,999,2026-01-19
Reta_Bode38@hotmail.com,Omega-3 Fish Oil,2,999,2026-01-22
Reta_Bode38@hotmail.com,Creatine Monohydrate,3,1499,2026-07-13
Reta_Bode38@hotmail.com,Shaker Bottle,1,399,2026-05-15
Reta_Bode38@hotmail.com,Creatine Monohydrate,3,1499,2026-06-01
Reta_Bode38@hotmail.com,Shaker Bottle,2,399,2026-02-22
Reta_Bode38@hotmail.com,Yoga Mat Premium,3,1499,2025-12-29
Reta_Bode38@hotmail.com,Resistance Bands Set,2,799,2025-12-26
Reta_Bode38@hotmail.com,Shaker Bottle,2,399,2026-03-20
Reta_Bode38@hotmail.com,Omega-3 Fish Oil,2,999,2026-07-21
Kellen.Gleason25@hotmail.com,Whey Protein Powder,2,2999,2026-08-01
Kellen.Gleason25@hotmail.com,Whey Protein Powder,2,2999,2026-07-01
Kellen.Gleason25@hotmail.com,Whey Protein Powder,2,2999,2026-06-03
Kellen.Gleason25@hotmail.com,Whey Protein Powder,1,2999,2026-04-29
Kellen.Gleason25@hotmail.com,Whey Protein Powder,2,2999,2026-03-31
Kellen.Gleason25@hotmail.com,Whey Protein Powder,2,2999,2026-03-01
Kellen.Gleason25@hotmail.com,Whey Protein Powder,1,2999,2026-02-02
Kellen.Gleason25@hotmail.com,Omega-3 Fish Oil,3,999,2026-07-30
Kellen.Gleason25@hotmail.com,Yoga Mat Premium,1,1499,2026-07-29
Kellen.Gleason25@hotmail.com,Resistance Bands Set,2,799,2026-05-15
Kellen.Gleason25@hotmail.com,Omega-3 Fish Oil,2,999,2026-05-22
Kellen.Gleason25@hotmail.com,Omega-3 Fish Oil,1,999,2026-07-26
Reyes77@yahoo.com,Pre-Workout Formula,2,2499,2026-07-31
Reyes77@yahoo.com,Pre-Workout Formula,2,2499,2026-07-02
Reyes77@yahoo.com,Pre-Workout Formula,1,2499,2026-06-01
Reyes77@yahoo.com,Pre-Workout Formula,1,2499,2026-05-02
Brett.Greenholt28@yahoo.com,Omega-3 Fish Oil,3,999,2026-06-17
Brett.Greenholt28@yahoo.com,Yoga Mat Premium,2,1499,2026-02-02
Brett.Greenholt28@yahoo.com,Creatine Monohydrate,1,1499,2026-04-28
Brett.Greenholt28@yahoo.com,Resistance Bands Set,3,799,2026-01-07
Brett.Greenholt28@yahoo.com,Omega-3 Fish Oil,3,999,2026-01-27
Brett.Greenholt28@yahoo.com,Yoga Mat Premium,1,1499,2026-02-22
Brett.Greenholt28@yahoo.com,Whey Protein Powder,2,2999,2026-04-20
Brett.Greenholt28@yahoo.com,Pre-Workout Formula,1,2499,2026-03-14
Brett.Greenholt28@yahoo.com,Omega-3 Fish Oil,3,999,2026-04-09
Brett.Greenholt28@yahoo.com,Resistance Bands Set,2,799,2026-06-08
Brett.Greenholt28@yahoo.com,Creatine Monohydrate,2,1499,2026-07-23
Brett.Greenholt28@yahoo.com,Yoga Mat Premium,2,1499,2026-03-13
Abdul_Dibbert34@hotmail.com,Whey Protein Powder,3,2999,2026-05-23
Abdul_Dibbert34@hotmail.com,Resistance Bands Set,1,799,2026-06-13
Abdul_Dibbert34@hotmail.com,Pre-Workout Formula,2,2499,2026-01-21
Abdul_Dibbert34@hotmail.com,Shaker Bottle,3,399,2026-07-18
Abdul_Dibbert34@hotmail.com,Whey Protein Powder,3,2999,2025-12-23
Abdul_Dibbert34@hotmail.com,Whey Protein Powder,1,2999,2025-12-11
Abdul_Dibbert34@hotmail.com,Pre-Workout Formula,3,2499,2026-06-16
Abdul_Dibbert34@hotmail.com,Resistance Bands Set,1,799,2025-12-21
Abdul_Dibbert34@hotmail.com,Yoga Mat Premium,2,1499,2026-07-17
Abdul_Dibbert34@hotmail.com,Shaker Bottle,1,399,2026-01-10
Abdul_Dibbert34@hotmail.com,Creatine Monohydrate,3,1499,2026-07-11
Abdul_Dibbert34@hotmail.com,Whey Protein Powder,3,2999,2026-04-30
Abdul_Dibbert34@hotmail.com,Pre-Workout Formula,1,2499,2026-03-14
Abdul_Dibbert34@hotmail.com,Resistance Bands Set,3,799,2026-03-14
Abdul_Dibbert34@hotmail.com,Yoga Mat Premium,3,1499,2026-04-21
Abdul_Dibbert34@hotmail.com,Omega-3 Fish Oil,2,999,2026-07-13
Abdul_Dibbert34@hotmail.com,Shaker Bottle,2,399,2026-05-24
Abdul_Dibbert34@hotmail.com,Whey Protein Powder,1,2999,2026-03-30
Abdul_Dibbert34@hotmail.com,Creatine Monohydrate,2,1499,2026-04-17
Abdul_Dibbert34@hotmail.com,Whey Protein Powder,1,2999,2026-01-15
Abdul_Dibbert34@hotmail.com,Pre-Workout Formula,2,2499,2026-01-11
Germaine85@yahoo.com,Resistance Bands Set,2,799,2025-04-16
Germaine85@yahoo.com,Omega-3 Fish Oil,2,999,2025-08-23
Germaine85@yahoo.com,Pre-Workout Formula,1,2499,2025-09-20
Germaine85@yahoo.com,Shaker Bottle,2,399,2025-09-24
Germaine85@yahoo.com,Resistance Bands Set,3,799,2026-05-11
Germaine85@yahoo.com,Whey Protein Powder,2,2999,2025-04-24
Germaine85@yahoo.com,Pre-Workout Formula,1,2499,2025-05-24
Germaine85@yahoo.com,Creatine Monohydrate,2,1499,2026-03-06
Germaine85@yahoo.com,Resistance Bands Set,2,799,2025-12-04
Germaine85@yahoo.com,Omega-3 Fish Oil,1,999,2025-08-18
Germaine85@yahoo.com,Creatine Monohydrate,2,1499,2026-05-14
Germaine85@yahoo.com,Shaker Bottle,2,399,2025-07-27
Germaine85@yahoo.com,Resistance Bands Set,3,799,2025-10-24
Germaine85@yahoo.com,Whey Protein Powder,3,2999,2026-04-15
Germaine85@yahoo.com,Shaker Bottle,1,399,2026-01-26
Abigale8@yahoo.com,Resistance Bands Set,3,799,2025-11-08
Abigale8@yahoo.com,Shaker Bottle,3,399,2025-12-01
Abigale8@yahoo.com,Omega-3 Fish Oil,2,999,2025-09-09
Abigale8@yahoo.com,Whey Protein Powder,2,2999,2026-03-29
Abigale8@yahoo.com,Creatine Monohydrate,3,1499,2026-03-03
Abigale8@yahoo.com,Yoga Mat Premium,1,1499,2025-11-30
Abigale8@yahoo.com,Shaker Bottle,1,399,2025-09-27
Abigale8@yahoo.com,Resistance Bands Set,3,799,2026-04-08
Abigale8@yahoo.com,Omega-3 Fish Oil,1,999,2025-09-21
Abigale8@yahoo.com,Pre-Workout Formula,2,2499,2025-06-03
Abigale8@yahoo.com,Creatine Monohydrate,3,1499,2025-12-03
Abigale8@yahoo.com,Whey Protein Powder,3,2999,2025-10-04
Abigale8@yahoo.com,Whey Protein Powder,2,2999,2026-01-28
Abigale8@yahoo.com,Omega-3 Fish Oil,3,999,2025-11-24
Abigale8@yahoo.com,Whey Protein Powder,1,2999,2025-06-20
Abigale8@yahoo.com,Whey Protein Powder,1,2999,2025-08-10
Abigale8@yahoo.com,Resistance Bands Set,2,799,2025-08-29
Abigale8@yahoo.com,Omega-3 Fish Oil,1,999,2026-01-25
Diamond61@yahoo.com,Omega-3 Fish Oil,1,999,2026-08-01
Diamond61@yahoo.com,Omega-3 Fish Oil,2,999,2026-06-02
Diamond61@yahoo.com,Omega-3 Fish Oil,1,999,2026-03-29
Diamond61@yahoo.com,Omega-3 Fish Oil,1,999,2026-02-01
Diamond61@yahoo.com,Omega-3 Fish Oil,2,999,2025-12-02
Diamond61@yahoo.com,Omega-3 Fish Oil,1,999,2025-10-02
Diamond61@yahoo.com,Omega-3 Fish Oil,1,999,2025-08-05
Camille_Bartell@yahoo.com,Shaker Bottle,3,399,2026-08-08
Camille_Bartell@yahoo.com,Whey Protein Powder,1,2999,2026-05-23
Camille_Bartell@yahoo.com,Pre-Workout Formula,2,2499,2026-03-22
Camille_Bartell@yahoo.com,Yoga Mat Premium,2,1499,2026-08-07
Camille_Bartell@yahoo.com,Creatine Monohydrate,2,1499,2026-04-27
Camille_Bartell@yahoo.com,Creatine Monohydrate,1,1499,2026-05-02
Camille_Bartell@yahoo.com,Pre-Workout Formula,1,2499,2026-05-04
Camille_Bartell@yahoo.com,Resistance Bands Set,2,799,2026-04-26
Camille_Bartell@yahoo.com,Whey Protein Powder,2,2999,2026-03-07
Camille_Bartell@yahoo.com,Yoga Mat Premium,1,1499,2026-04-28
Camille_Bartell@yahoo.com,Pre-Workout Formula,3,2499,2026-04-07
Camille_Bartell@yahoo.com,Whey Protein Powder,3,2999,2026-07-31
Camille_Bartell@yahoo.com,Resistance Bands Set,3,799,2026-02-24
Camille_Bartell@yahoo.com,Omega-3 Fish Oil,2,999,2026-04-24
Camille_Bartell@yahoo.com,Resistance Bands Set,3,799,2026-03-22
Camille_Bartell@yahoo.com,Shaker Bottle,2,399,2026-07-26
Camille_Bartell@yahoo.com,Yoga Mat Premium,3,1499,2026-02-03
Camille_Bartell@yahoo.com,Resistance Bands Set,2,799,2026-05-27
Camille_Bartell@yahoo.com,Creatine Monohydrate,3,1499,2026-07-25
Camille_Bartell@yahoo.com,Omega-3 Fish Oil,3,999,2026-04-19
Camille_Bartell@yahoo.com,Pre-Workout Formula,1,2499,2026-07-23
Camille_Bartell@yahoo.com,Creatine Monohydrate,1,1499,2026-04-15
Camille_Bartell@yahoo.com,Omega-3 Fish Oil,3,999,2026-06-30
Camille_Bartell@yahoo.com,Shaker Bottle,3,399,2026-02-16
Camille_Bartell@yahoo.com,Yoga Mat Premium,1,1499,2026-03-09
Camille_Bartell@yahoo.com,Omega-3 Fish Oil,3,999,2026-05-24
Camille_Bartell@yahoo.com,Whey Protein Powder,1,2999,2026-07-17
Guy_McLaughlin55@gmail.com,Pre-Workout Formula,2,2499,2026-07-26
Guy_McLaughlin55@gmail.com,Pre-Workout Formula,1,2499,2026-06-29
Guy_McLaughlin55@gmail.com,Pre-Workout Formula,1,2499,2026-05-24
Guy_McLaughlin55@gmail.com,Pre-Workout Formula,2,2499,2026-04-24
Guy_McLaughlin55@gmail.com,Omega-3 Fish Oil,2,999,2025-05-15
Guy_McLaughlin55@gmail.com,Whey Protein Powder,1,2999,2025-07-04
Guy_McLaughlin55@gmail.com,Shaker Bottle,1,399,2025-02-03
Guy_McLaughlin55@gmail.com,Creatine Monohydrate,2,1499,2025-03-25
Julie87@hotmail.com,Whey Protein Powder,2,2999,2026-02-27
Julie87@hotmail.com,Pre-Workout Formula,2,2499,2025-12-01
Julie87@hotmail.com,Resistance Bands Set,3,799,2026-01-01
Julie87@hotmail.com,Creatine Monohydrate,3,1499,2025-09-24
Julie87@hotmail.com,Omega-3 Fish Oil,1,999,2025-12-07
Julie87@hotmail.com,Omega-3 Fish Oil,1,999,2025-09-02
Julie87@hotmail.com,Pre-Workout Formula,1,2499,2025-11-22
Julie87@hotmail.com,Shaker Bottle,3,399,2026-02-24
Julie87@hotmail.com,Resistance Bands Set,2,799,2026-02-02
Julie87@hotmail.com,Creatine Monohydrate,3,1499,2026-06-22
Julie87@hotmail.com,Pre-Workout Formula,1,2499,2025-09-17
Julie87@hotmail.com,Creatine Monohydrate,2,1499,2025-12-10
Julie87@hotmail.com,Pre-Workout Formula,3,2499,2026-01-18
Julie87@hotmail.com,Whey Protein Powder,2,2999,2025-09-24
Julie87@hotmail.com,Resistance Bands Set,2,799,2025-11-09
Quinn_Boehm58@gmail.com,Pre-Workout Formula,1,2499,2026-07-31
Quinn_Boehm58@gmail.com,Pre-Workout Formula,2,2499,2026-06-26
Quinn_Boehm58@gmail.com,Pre-Workout Formula,2,2499,2026-06-02
Quinn_Boehm58@gmail.com,Pre-Workout Formula,1,2499,2026-05-02
Quinn_Boehm58@gmail.com,Pre-Workout Formula,1,2499,2026-03-29
Cooper_Franecki95@gmail.com,Pre-Workout Formula,1,2499,2025-07-20
Cooper_Franecki95@gmail.com,Pre-Workout Formula,2,2499,2025-04-09
Cooper_Franecki95@gmail.com,Creatine Monohydrate,1,1499,2025-04-15
Cooper_Franecki95@gmail.com,Omega-3 Fish Oil,3,999,2025-07-04
Cooper_Franecki95@gmail.com,Whey Protein Powder,3,2999,2025-06-14
Ellie.Lakin@yahoo.com,Resistance Bands Set,2,799,2026-06-14
Ellie.Lakin@yahoo.com,Pre-Workout Formula,3,2499,2026-05-10
Ellie.Lakin@yahoo.com,Shaker Bottle,2,399,2026-07-26
Ellie.Lakin@yahoo.com,Whey Protein Powder,1,2999,2026-05-23
Ellie.Lakin@yahoo.com,Shaker Bottle,1,399,2026-07-03
Ellie.Lakin@yahoo.com,Creatine Monohydrate,3,1499,2026-07-06
Ellie.Lakin@yahoo.com,Resistance Bands Set,2,799,2026-07-21
Ellie.Lakin@yahoo.com,Yoga Mat Premium,1,1499,2026-06-03
Ellie.Lakin@yahoo.com,Creatine Monohydrate,1,1499,2026-06-14
Ellie.Lakin@yahoo.com,Creatine Monohydrate,2,1499,2026-06-29
Ellie.Lakin@yahoo.com,Resistance Bands Set,1,799,2026-06-03
Ellie.Lakin@yahoo.com,Shaker Bottle,1,399,2026-06-24
Ellie.Lakin@yahoo.com,Whey Protein Powder,2,2999,2026-06-05
Ellie.Lakin@yahoo.com,Shaker Bottle,2,399,2026-06-10
Ellie.Lakin@yahoo.com,Yoga Mat Premium,3,1499,2026-05-05
Ellie.Lakin@yahoo.com,Creatine Monohydrate,1,1499,2026-04-28
Ellie.Lakin@yahoo.com,Pre-Workout Formula,3,2499,2026-07-22
Uriel95@hotmail.com,Whey Protein Powder,3,2999,2025-05-12
Uriel95@hotmail.com,Shaker Bottle,3,399,2025-04-17
Carolyne.Kilback99@hotmail.com,Shaker Bottle,2,399,2026-01-21
Carolyne.Kilback99@hotmail.com,Whey Protein Powder,2,2999,2026-01-18
Carolyne.Kilback99@hotmail.com,Pre-Workout Formula,3,2499,2026-05-04
Anais_Rodriguez@yahoo.com,Yoga Mat Premium,1,1499,2025-12-05
Anais_Rodriguez@yahoo.com,Creatine Monohydrate,2,1499,2026-03-07
Anais_Rodriguez@yahoo.com,Creatine Monohydrate,2,1499,2026-03-29
Anais_Rodriguez@yahoo.com,Creatine Monohydrate,1,1499,2025-07-21
Anais_Rodriguez@yahoo.com,Whey Protein Powder,3,2999,2025-11-22
Anais_Rodriguez@yahoo.com,Resistance Bands Set,1,799,2026-01-11
Anais_Rodriguez@yahoo.com,Resistance Bands Set,1,799,2025-12-21
Anais_Rodriguez@yahoo.com,Shaker Bottle,3,399,2025-07-10
Anais_Rodriguez@yahoo.com,Creatine Monohydrate,2,1499,2025-05-21
Anais_Rodriguez@yahoo.com,Creatine Monohydrate,3,1499,2025-10-20
Anais_Rodriguez@yahoo.com,Yoga Mat Premium,2,1499,2025-12-28
Anais_Rodriguez@yahoo.com,Pre-Workout Formula,2,2499,2025-12-23
Anais_Rodriguez@yahoo.com,Omega-3 Fish Oil,3,999,2025-07-07
Anais_Rodriguez@yahoo.com,Yoga Mat Premium,1,1499,2025-12-19
Anais_Rodriguez@yahoo.com,Whey Protein Powder,2,2999,2025-11-08
Anais_Rodriguez@yahoo.com,Creatine Monohydrate,2,1499,2025-06-12
Anais_Rodriguez@yahoo.com,Shaker Bottle,2,399,2026-03-26
Anais_Rodriguez@yahoo.com,Resistance Bands Set,1,799,2025-08-15
Anais_Rodriguez@yahoo.com,Pre-Workout Formula,1,2499,2026-04-07
Anais_Rodriguez@yahoo.com,Pre-Workout Formula,1,2499,2025-10-31
Anais_Rodriguez@yahoo.com,Pre-Workout Formula,2,2499,2025-08-09
Anais_Rodriguez@yahoo.com,Shaker Bottle,2,399,2026-04-10
Anais_Rodriguez@yahoo.com,Resistance Bands Set,3,799,2026-03-14
Anais_Rodriguez@yahoo.com,Yoga Mat Premium,1,1499,2025-08-02
Anais_Rodriguez@yahoo.com,Whey Protein Powder,2,2999,2025-11-14
Anais_Rodriguez@yahoo.com,Creatine Monohydrate,2,1499,2026-01-05
Anais_Rodriguez@yahoo.com,Whey Protein Powder,3,2999,2025-07-18
Anais_Rodriguez@yahoo.com,Omega-3 Fish Oil,3,999,2025-09-18
Anais_Rodriguez@yahoo.com,Resistance Bands Set,1,799,2025-05-29
Anais_Rodriguez@yahoo.com,Resistance Bands Set,3,799,2025-05-01
Anais_Rodriguez@yahoo.com,Yoga Mat Premium,3,1499,2025-11-24
Anais_Rodriguez@yahoo.com,Whey Protein Powder,2,2999,2026-03-14
Anais_Rodriguez@yahoo.com,Resistance Bands Set,2,799,2025-08-26
Anais_Rodriguez@yahoo.com,Omega-3 Fish Oil,2,999,2026-01-11
Anais_Rodriguez@yahoo.com,Pre-Workout Formula,2,2499,2026-01-10
Anais_Rodriguez@yahoo.com,Pre-Workout Formula,1,2499,2025-10-21
Anais_Rodriguez@yahoo.com,Creatine Monohydrate,1,1499,2025-08-23
Vern_Gusikowski@yahoo.com,Pre-Workout Formula,1,2499,2026-07-26
Vern_Gusikowski@yahoo.com,Pre-Workout Formula,1,2499,2026-06-29
Vern_Gusikowski@yahoo.com,Pre-Workout Formula,1,2499,2026-05-29
Vern_Gusikowski@yahoo.com,Pre-Workout Formula,2,2499,2026-05-02
Vern_Gusikowski@yahoo.com,Pre-Workout Formula,1,2499,2026-04-01
Vern_Gusikowski@yahoo.com,Resistance Bands Set,2,799,2025-12-31
Vern_Gusikowski@yahoo.com,Whey Protein Powder,3,2999,2026-04-20
Vern_Gusikowski@yahoo.com,Whey Protein Powder,3,2999,2025-08-05
Vern_Gusikowski@yahoo.com,Omega-3 Fish Oil,1,999,2026-03-17
Vern_Gusikowski@yahoo.com,Creatine Monohydrate,2,1499,2025-07-01
Vern_Gusikowski@yahoo.com,Whey Protein Powder,1,2999,2025-12-15
Vern_Gusikowski@yahoo.com,Creatine Monohydrate,1,1499,2026-07-27
Vern_Gusikowski@yahoo.com,Resistance Bands Set,3,799,2026-06-13
Vern_Gusikowski@yahoo.com,Resistance Bands Set,3,799,2026-06-08
Vern_Gusikowski@yahoo.com,Resistance Bands Set,2,799,2026-05-04
Elwin23@gmail.com,Pre-Workout Formula,2,2499,2026-07-09
Elwin23@gmail.com,Whey Protein Powder,1,2999,2026-07-16
Elwin23@gmail.com,Pre-Workout Formula,3,2499,2026-07-08
Elwin23@gmail.com,Yoga Mat Premium,3,1499,2026-07-09
Elwin23@gmail.com,Resistance Bands Set,2,799,2026-07-20
Elwin23@gmail.com,Shaker Bottle,2,399,2026-07-15
Elwin23@gmail.com,Shaker Bottle,3,399,2026-07-06
Elwin23@gmail.com,Omega-3 Fish Oil,1,999,2026-07-15
Elwin23@gmail.com,Pre-Workout Formula,3,2499,2026-07-10
Elwin23@gmail.com,Yoga Mat Premium,2,1499,2026-07-14
Elwin23@gmail.com,Shaker Bottle,1,399,2026-07-10
Elwin23@gmail.com,Creatine Monohydrate,3,1499,2026-07-20
Samuel_Hauck@hotmail.com,Omega-3 Fish Oil,1,999,2026-06-16
Samuel_Hauck@hotmail.com,Resistance Bands Set,3,799,2026-05-10
Samuel_Hauck@hotmail.com,Pre-Workout Formula,1,2499,2026-06-22
Samuel_Hauck@hotmail.com,Shaker Bottle,3,399,2026-06-26
Samuel_Hauck@hotmail.com,Creatine Monohydrate,3,1499,2026-06-02
Samuel_Hauck@hotmail.com,Pre-Workout Formula,3,2499,2026-07-19
Samuel_Hauck@hotmail.com,Yoga Mat Premium,1,1499,2026-05-25
Samuel_Hauck@hotmail.com,Whey Protein Powder,1,2999,2026-06-18
Samuel_Hauck@hotmail.com,Whey Protein Powder,3,2999,2026-06-08
Samuel_Hauck@hotmail.com,Omega-3 Fish Oil,1,999,2026-06-16
Samuel_Hauck@hotmail.com,Resistance Bands Set,2,799,2026-05-13
Samuel_Hauck@hotmail.com,Omega-3 Fish Oil,1,999,2026-05-27
Samuel_Hauck@hotmail.com,Whey Protein Powder,1,2999,2026-05-22
Samuel_Hauck@hotmail.com,Resistance Bands Set,2,799,2026-06-03
Samuel_Hauck@hotmail.com,Whey Protein Powder,3,2999,2026-05-09
Samuel_Hauck@hotmail.com,Yoga Mat Premium,3,1499,2026-07-18
Samuel_Hauck@hotmail.com,Pre-Workout Formula,3,2499,2026-07-11
Samuel_Hauck@hotmail.com,Pre-Workout Formula,1,2499,2026-05-20
Samuel_Hauck@hotmail.com,Creatine Monohydrate,2,1499,2026-06-19
Samuel_Hauck@hotmail.com,Pre-Workout Formula,3,2499,2026-05-12
Kip_Jones32@gmail.com,Pre-Workout Formula,1,2499,2026-07-22
Kip_Jones32@gmail.com,Creatine Monohydrate,2,1499,2026-05-25
Kip_Jones32@gmail.com,Whey Protein Powder,2,2999,2026-07-25
Kip_Jones32@gmail.com,Shaker Bottle,3,399,2026-07-24
Kip_Jones32@gmail.com,Yoga Mat Premium,1,1499,2026-07-04
Kip_Jones32@gmail.com,Omega-3 Fish Oil,3,999,2026-07-31
Kip_Jones32@gmail.com,Whey Protein Powder,1,2999,2026-07-07
Gia.Kiehn35@hotmail.com,Whey Protein Powder,1,2999,2026-07-24
Gia.Kiehn35@hotmail.com,Whey Protein Powder,1,2999,2026-06-27
Gia.Kiehn35@hotmail.com,Whey Protein Powder,1,2999,2026-05-28
Gia.Kiehn35@hotmail.com,Whey Protein Powder,1,2999,2026-04-30
Gia.Kiehn35@hotmail.com,Whey Protein Powder,1,2999,2026-03-27
Gia.Kiehn35@hotmail.com,Whey Protein Powder,2,2999,2026-03-02
Gia.Kiehn35@hotmail.com,Whey Protein Powder,1,2999,2026-01-25
Andy.Marvin-Aufderhar@yahoo.com,Shaker Bottle,3,399,2026-04-10
Andy.Marvin-Aufderhar@yahoo.com,Whey Protein Powder,3,2999,2026-03-22
Andy.Marvin-Aufderhar@yahoo.com,Yoga Mat Premium,3,1499,2026-04-04
Andy.Marvin-Aufderhar@yahoo.com,Resistance Bands Set,2,799,2026-07-09
Andy.Marvin-Aufderhar@yahoo.com,Omega-3 Fish Oil,3,999,2026-04-07
Andy.Marvin-Aufderhar@yahoo.com,Whey Protein Powder,2,2999,2026-05-03
Andy.Marvin-Aufderhar@yahoo.com,Shaker Bottle,1,399,2026-04-10
Andy.Marvin-Aufderhar@yahoo.com,Creatine Monohydrate,3,1499,2026-07-26
Andy.Marvin-Aufderhar@yahoo.com,Omega-3 Fish Oil,1,999,2026-06-19
Andy.Marvin-Aufderhar@yahoo.com,Whey Protein Powder,1,2999,2026-08-09
Andy.Marvin-Aufderhar@yahoo.com,Pre-Workout Formula,2,2499,2026-07-13
Andy.Marvin-Aufderhar@yahoo.com,Whey Protein Powder,2,2999,2026-04-26
Andy.Marvin-Aufderhar@yahoo.com,Resistance Bands Set,1,799,2026-03-28
Andy.Marvin-Aufderhar@yahoo.com,Whey Protein Powder,1,2999,2026-04-14
Andy.Marvin-Aufderhar@yahoo.com,Resistance Bands Set,1,799,2026-02-19
Andy.Marvin-Aufderhar@yahoo.com,Creatine Monohydrate,3,1499,2026-06-29
Andy.Marvin-Aufderhar@yahoo.com,Pre-Workout Formula,1,2499,2026-05-17
Andy.Marvin-Aufderhar@yahoo.com,Whey Protein Powder,2,2999,2026-03-23
Andy.Marvin-Aufderhar@yahoo.com,Omega-3 Fish Oil,1,999,2026-03-30
Andy.Marvin-Aufderhar@yahoo.com,Whey Protein Powder,2,2999,2026-05-25
Andy.Marvin-Aufderhar@yahoo.com,Shaker Bottle,1,399,2026-04-07
Andy.Marvin-Aufderhar@yahoo.com,Pre-Workout Formula,3,2499,2026-07-13
Andy.Marvin-Aufderhar@yahoo.com,Yoga Mat Premium,3,1499,2026-06-16
Andy.Marvin-Aufderhar@yahoo.com,Creatine Monohydrate,2,1499,2026-07-26
Mateo.Mohr71@hotmail.com,Whey Protein Powder,1,2999,2026-04-27
Mateo.Mohr71@hotmail.com,Shaker Bottle,1,399,2026-04-28
Mateo.Mohr71@hotmail.com,Whey Protein Powder,3,2999,2026-06-18
Mateo.Mohr71@hotmail.com,Shaker Bottle,1,399,2026-05-10
Mateo.Mohr71@hotmail.com,Whey Protein Powder,2,2999,2026-05-17
Mateo.Mohr71@hotmail.com,Pre-Workout Formula,3,2499,2026-02-18
Mateo.Mohr71@hotmail.com,Creatine Monohydrate,2,1499,2026-04-29
Mateo.Mohr71@hotmail.com,Resistance Bands Set,3,799,2026-03-18
Mateo.Mohr71@hotmail.com,Resistance Bands Set,3,799,2026-06-03
Mateo.Mohr71@hotmail.com,Whey Protein Powder,3,2999,2026-05-12
Mateo.Mohr71@hotmail.com,Shaker Bottle,2,399,2026-04-29
Mateo.Mohr71@hotmail.com,Whey Protein Powder,2,2999,2026-07-18
Mateo.Mohr71@hotmail.com,Whey Protein Powder,2,2999,2026-03-27
Brooks_Dare14@hotmail.com,Creatine Monohydrate,1,1499,2026-07-23
Brooks_Dare14@hotmail.com,Creatine Monohydrate,1,1499,2026-06-09
Brooks_Dare14@hotmail.com,Creatine Monohydrate,2,1499,2026-04-26
Brooks_Dare14@hotmail.com,Creatine Monohydrate,2,1499,2026-03-09
Brooks_Dare14@hotmail.com,Creatine Monohydrate,2,1499,2026-01-22
Brooks_Dare14@hotmail.com,Creatine Monohydrate,2,1499,2025-12-10
Brooks_Dare14@hotmail.com,Creatine Monohydrate,2,1499,2025-10-27
Brooks_Dare14@hotmail.com,Creatine Monohydrate,1,1499,2025-09-08
Gerhard_Conn@gmail.com,Creatine Monohydrate,2,1499,2026-08-01
Gerhard_Conn@gmail.com,Creatine Monohydrate,1,1499,2026-06-15
Gerhard_Conn@gmail.com,Creatine Monohydrate,2,1499,2026-05-06
Gerhard_Conn@gmail.com,Creatine Monohydrate,1,1499,2026-03-20
Gerhard_Conn@gmail.com,Creatine Monohydrate,1,1499,2026-02-04
Gerhard_Conn@gmail.com,Creatine Monohydrate,1,1499,2025-12-20
Gerhard_Conn@gmail.com,Creatine Monohydrate,1,1499,2025-11-02
Gerhard_Conn@gmail.com,Creatine Monohydrate,2,1499,2025-09-21
Gerhard_Conn@gmail.com,Yoga Mat Premium,3,1499,2025-01-29
Gerhard_Conn@gmail.com,Omega-3 Fish Oil,1,999,2026-02-01
Gerhard_Conn@gmail.com,Omega-3 Fish Oil,1,999,2026-06-28
Gerhard_Conn@gmail.com,Shaker Bottle,2,399,2025-01-01
Gerhard_Conn@gmail.com,Pre-Workout Formula,3,2499,2024-10-27
Gerhard_Conn@gmail.com,Pre-Workout Formula,2,2499,2026-05-22
Gerhard_Conn@gmail.com,Yoga Mat Premium,3,1499,2025-06-15
Gerhard_Conn@gmail.com,Whey Protein Powder,2,2999,2025-01-06
Gerhard_Conn@gmail.com,Resistance Bands Set,3,799,2026-01-23
Gerhard_Conn@gmail.com,Shaker Bottle,3,399,2024-10-25
Elsie_DuBuque21@yahoo.com,Whey Protein Powder,2,2999,2026-07-30
Elsie_DuBuque21@yahoo.com,Whey Protein Powder,2,2999,2026-07-01
Elsie_DuBuque21@yahoo.com,Whey Protein Powder,1,2999,2026-05-29
Elsie_DuBuque21@yahoo.com,Whey Protein Powder,1,2999,2026-05-03
Elsie_DuBuque21@yahoo.com,Whey Protein Powder,1,2999,2026-04-01
Elsie_DuBuque21@yahoo.com,Whey Protein Powder,2,2999,2026-03-04
Elsie_DuBuque21@yahoo.com,Whey Protein Powder,1,2999,2026-01-31
Elsie_DuBuque21@yahoo.com,Whey Protein Powder,1,2999,2026-01-03
Nova.Daugherty-Hand@gmail.com,Whey Protein Powder,2,2999,2026-02-22
Nova.Daugherty-Hand@gmail.com,Pre-Workout Formula,1,2499,2026-03-26
Chasity52@gmail.com,Whey Protein Powder,2,2999,2026-07-28
Chasity52@gmail.com,Whey Protein Powder,1,2999,2026-06-23
Chasity52@gmail.com,Whey Protein Powder,1,2999,2026-05-24
Chasity52@gmail.com,Whey Protein Powder,2,2999,2026-04-28
Chasity52@gmail.com,Whey Protein Powder,2,2999,2026-03-26
Chasity52@gmail.com,Whey Protein Powder,1,2999,2026-02-22
Chasity52@gmail.com,Pre-Workout Formula,1,2499,2025-03-04
Chasity52@gmail.com,Yoga Mat Premium,2,1499,2025-03-03
Chasity52@gmail.com,Resistance Bands Set,2,799,2026-04-01
Chasity52@gmail.com,Pre-Workout Formula,3,2499,2026-04-05
Chasity52@gmail.com,Omega-3 Fish Oil,1,999,2025-05-03
Kenna.Bernier@yahoo.com,Shaker Bottle,3,399,2026-01-03
Kenna.Bernier@yahoo.com,Pre-Workout Formula,3,2499,2026-07-07
Kenna.Bernier@yahoo.com,Yoga Mat Premium,2,1499,2025-09-09
Kenna.Bernier@yahoo.com,Pre-Workout Formula,3,2499,2025-02-17
Kenna.Bernier@yahoo.com,Shaker Bottle,1,399,2024-09-21
Kenna.Bernier@yahoo.com,Resistance Bands Set,1,799,2026-05-22
Kenna.Bernier@yahoo.com,Omega-3 Fish Oil,2,999,2025-06-12
Kenna.Bernier@yahoo.com,Omega-3 Fish Oil,2,999,2025-01-22
Kenna.Bernier@yahoo.com,Shaker Bottle,3,399,2025-12-27
Kenna.Bernier@yahoo.com,Omega-3 Fish Oil,2,999,2025-04-10
Kenna.Bernier@yahoo.com,Creatine Monohydrate,3,1499,2025-02-20
Foster_Bartell@gmail.com,Yoga Mat Premium,3,1499,2026-06-25
Foster_Bartell@gmail.com,Omega-3 Fish Oil,2,999,2026-07-11
Foster_Bartell@gmail.com,Resistance Bands Set,2,799,2026-05-15
Foster_Bartell@gmail.com,Pre-Workout Formula,3,2499,2026-05-17
Foster_Bartell@gmail.com,Resistance Bands Set,3,799,2026-07-23
Foster_Bartell@gmail.com,Pre-Workout Formula,2,2499,2026-07-28
Foster_Bartell@gmail.com,Pre-Workout Formula,3,2499,2026-06-20
Foster_Bartell@gmail.com,Omega-3 Fish Oil,2,999,2026-08-06
Foster_Bartell@gmail.com,Creatine Monohydrate,1,1499,2026-06-25
Foster_Bartell@gmail.com,Pre-Workout Formula,2,2499,2026-07-17
Foster_Bartell@gmail.com,Yoga Mat Premium,3,1499,2026-04-24
Foster_Bartell@gmail.com,Whey Protein Powder,1,2999,2026-07-28
Foster_Bartell@gmail.com,Resistance Bands Set,1,799,2026-08-01
Foster_Bartell@gmail.com,Yoga Mat Premium,2,1499,2026-07-14
Foster_Bartell@gmail.com,Whey Protein Powder,1,2999,2026-07-23
Foster_Bartell@gmail.com,Creatine Monohydrate,1,1499,2026-04-26
Foster_Bartell@gmail.com,Pre-Workout Formula,2,2499,2026-07-07
Foster_Bartell@gmail.com,Yoga Mat Premium,2,1499,2026-04-27
Foster_Bartell@gmail.com,Whey Protein Powder,3,2999,2026-07-15
Foster_Bartell@gmail.com,Resistance Bands Set,2,799,2026-06-28
Foster_Bartell@gmail.com,Yoga Mat Premium,1,1499,2026-06-19
Foster_Bartell@gmail.com,Whey Protein Powder,2,2999,2026-08-04
Americo_Doyle@gmail.com,Omega-3 Fish Oil,2,999,2026-02-28
Americo_Doyle@gmail.com,Omega-3 Fish Oil,3,999,2026-02-25
Americo_Doyle@gmail.com,Creatine Monohydrate,3,1499,2025-09-21
Americo_Doyle@gmail.com,Omega-3 Fish Oil,2,999,2025-10-21
Americo_Doyle@gmail.com,Whey Protein Powder,2,2999,2026-04-22
Americo_Doyle@gmail.com,Omega-3 Fish Oil,2,999,2025-12-07
Americo_Doyle@gmail.com,Pre-Workout Formula,1,2499,2025-09-23
Annabell.Johns@yahoo.com,Whey Protein Powder,3,2999,2024-11-23
Kennedy_Hane38@yahoo.com,Resistance Bands Set,2,799,2025-09-20
Kennedy_Hane38@yahoo.com,Yoga Mat Premium,1,1499,2026-06-20
Kennedy_Hane38@yahoo.com,Omega-3 Fish Oil,3,999,2025-10-04
Kennedy_Hane38@yahoo.com,Yoga Mat Premium,3,1499,2026-03-20
Kennedy_Hane38@yahoo.com,Yoga Mat Premium,3,1499,2025-11-26
Kennedy_Hane38@yahoo.com,Omega-3 Fish Oil,3,999,2026-04-09
Kennedy_Hane38@yahoo.com,Pre-Workout Formula,3,2499,2025-10-26
Kennedy_Hane38@yahoo.com,Creatine Monohydrate,3,1499,2026-03-14
Kennedy_Hane38@yahoo.com,Pre-Workout Formula,3,2499,2026-03-29
Kennedy_Hane38@yahoo.com,Resistance Bands Set,3,799,2026-07-03
Kennedy_Hane38@yahoo.com,Shaker Bottle,3,399,2025-11-10
Kennedy_Hane38@yahoo.com,Creatine Monohydrate,2,1499,2026-03-23
Kennedy_Hane38@yahoo.com,Omega-3 Fish Oil,1,999,2025-09-26
Kennedy_Hane38@yahoo.com,Creatine Monohydrate,2,1499,2026-06-22
Kennedy_Hane38@yahoo.com,Pre-Workout Formula,1,2499,2026-05-19
Kennedy_Hane38@yahoo.com,Omega-3 Fish Oil,3,999,2026-01-24
Kennedy_Hane38@yahoo.com,Resistance Bands Set,1,799,2026-04-14
Kennedy_Hane38@yahoo.com,Yoga Mat Premium,1,1499,2026-02-08
Kennedy_Hane38@yahoo.com,Omega-3 Fish Oil,3,999,2025-11-15
Kennedy_Hane38@yahoo.com,Resistance Bands Set,1,799,2025-11-20
Kennedy_Hane38@yahoo.com,Shaker Bottle,2,399,2025-09-15
Kennedy_Hane38@yahoo.com,Yoga Mat Premium,2,1499,2025-12-29
Kennedy_Hane38@yahoo.com,Whey Protein Powder,3,2999,2026-05-22
Kennedy_Hane38@yahoo.com,Shaker Bottle,1,399,2025-11-23
Kennedy_Hane38@yahoo.com,Yoga Mat Premium,3,1499,2026-07-24
Kennedy_Hane38@yahoo.com,Yoga Mat Premium,2,1499,2025-10-30
Kennedy_Hane38@yahoo.com,Omega-3 Fish Oil,1,999,2026-06-14
Kennedy_Hane38@yahoo.com,Resistance Bands Set,1,799,2026-01-22
Kennedy_Hane38@yahoo.com,Pre-Workout Formula,3,2499,2026-01-30
Kennedy_Hane38@yahoo.com,Omega-3 Fish Oil,1,999,2026-03-14
Tabitha54@gmail.com,Yoga Mat Premium,3,1499,2025-07-26
Tabitha54@gmail.com,Resistance Bands Set,1,799,2025-06-04
Tabitha54@gmail.com,Yoga Mat Premium,1,1499,2024-12-14
Tabitha54@gmail.com,Creatine Monohydrate,2,1499,2025-09-14
Tabitha54@gmail.com,Resistance Bands Set,2,799,2026-07-28
Tabitha54@gmail.com,Pre-Workout Formula,1,2499,2025-07-17
Tabitha54@gmail.com,Omega-3 Fish Oil,2,999,2024-10-02
Tabitha54@gmail.com,Shaker Bottle,2,399,2025-05-21
Tabitha54@gmail.com,Whey Protein Powder,2,2999,2025-09-05
Tabitha54@gmail.com,Pre-Workout Formula,2,2499,2025-07-08
Tabitha54@gmail.com,Omega-3 Fish Oil,1,999,2024-12-16
Tabitha54@gmail.com,Pre-Workout Formula,1,2499,2026-02-07
Tabitha54@gmail.com,Shaker Bottle,3,399,2026-06-30
Tabitha54@gmail.com,Resistance Bands Set,2,799,2024-10-30
Tabitha54@gmail.com,Shaker Bottle,2,399,2025-02-27
Tabitha54@gmail.com,Whey Protein Powder,1,2999,2024-11-17
Tabitha54@gmail.com,Yoga Mat Premium,3,1499,2025-08-10
Tabitha54@gmail.com,Creatine Monohydrate,2,1499,2024-10-16
Tabitha54@gmail.com,Shaker Bottle,3,399,2026-03-08
Tabitha54@gmail.com,Omega-3 Fish Oil,2,999,2026-02-27
Tabitha54@gmail.com,Pre-Workout Formula,2,2499,2025-12-02
Tabitha54@gmail.com,Shaker Bottle,3,399,2025-12-30
Tabitha54@gmail.com,Resistance Bands Set,2,799,2026-02-20
Tabitha54@gmail.com,Pre-Workout Formula,2,2499,2025-08-15
Tabitha54@gmail.com,Shaker Bottle,1,399,2025-02-21
Tabitha54@gmail.com,Resistance Bands Set,2,799,2025-12-29
Jaiden83@hotmail.com,Yoga Mat Premium,1,1499,2026-04-30
Jaiden83@hotmail.com,Whey Protein Powder,3,2999,2026-04-29
Jaiden83@hotmail.com,Creatine Monohydrate,1,1499,2026-07-11
Jaiden83@hotmail.com,Pre-Workout Formula,3,2499,2026-04-20
Jaiden83@hotmail.com,Yoga Mat Premium,1,1499,2026-07-13
Jaiden83@hotmail.com,Shaker Bottle,1,399,2026-03-31
Jaiden83@hotmail.com,Whey Protein Powder,2,2999,2026-04-20
Jaiden83@hotmail.com,Yoga Mat Premium,3,1499,2026-05-27
Jaiden83@hotmail.com,Resistance Bands Set,2,799,2026-06-07
Jaiden83@hotmail.com,Omega-3 Fish Oil,1,999,2026-04-30
Jaiden83@hotmail.com,Pre-Workout Formula,3,2499,2026-05-15
Jaiden83@hotmail.com,Yoga Mat Premium,2,1499,2026-04-02
Jaiden83@hotmail.com,Resistance Bands Set,2,799,2026-07-02
Jaiden83@hotmail.com,Creatine Monohydrate,1,1499,2026-07-04
Jaiden83@hotmail.com,Omega-3 Fish Oil,1,999,2026-05-23
Jaiden83@hotmail.com,Pre-Workout Formula,3,2499,2026-04-05
Jaiden83@hotmail.com,Creatine Monohydrate,2,1499,2026-04-22
Jaiden83@hotmail.com,Omega-3 Fish Oil,2,999,2026-07-02
Jaiden83@hotmail.com,Yoga Mat Premium,1,1499,2026-07-14
Jaiden83@hotmail.com,Creatine Monohydrate,3,1499,2026-05-24
Jaiden83@hotmail.com,Omega-3 Fish Oil,1,999,2026-04-09
Jaiden83@hotmail.com,Yoga Mat Premium,3,1499,2026-06-02
Jaiden83@hotmail.com,Creatine Monohydrate,1,1499,2026-04-23
Jaiden83@hotmail.com,Yoga Mat Premium,2,1499,2026-07-11
Jaiden83@hotmail.com,Whey Protein Powder,1,2999,2026-06-07
Jaiden83@hotmail.com,Pre-Workout Formula,1,2499,2026-04-22
Jaiden83@hotmail.com,Resistance Bands Set,1,799,2026-05-10
Jaiden83@hotmail.com,Omega-3 Fish Oil,3,999,2026-06-27
Jaiden83@hotmail.com,Creatine Monohydrate,2,1499,2026-06-29
Jaiden83@hotmail.com,Resistance Bands Set,2,799,2026-06-26
Jaiden83@hotmail.com,Pre-Workout Formula,2,2499,2026-04-10
Jaiden83@hotmail.com,Resistance Bands Set,2,799,2026-05-12
Katrine.Satterfield@gmail.com,Resistance Bands Set,2,799,2026-01-06
Katrine.Satterfield@gmail.com,Resistance Bands Set,1,799,2026-04-14
Katrine.Satterfield@gmail.com,Shaker Bottle,2,399,2026-04-01
Katrine.Satterfield@gmail.com,Omega-3 Fish Oil,3,999,2025-12-10
Katrine.Satterfield@gmail.com,Whey Protein Powder,1,2999,2026-06-19
Katrine.Satterfield@gmail.com,Omega-3 Fish Oil,3,999,2026-02-07
Katrine.Satterfield@gmail.com,Omega-3 Fish Oil,2,999,2026-04-14
Katrine.Satterfield@gmail.com,Resistance Bands Set,2,799,2026-04-27
Katrine.Satterfield@gmail.com,Omega-3 Fish Oil,3,999,2026-02-18
Katrine.Satterfield@gmail.com,Creatine Monohydrate,2,1499,2026-04-06
Katrine.Satterfield@gmail.com,Pre-Workout Formula,2,2499,2026-02-06
Katrine.Satterfield@gmail.com,Resistance Bands Set,3,799,2026-05-04
Katrine.Satterfield@gmail.com,Whey Protein Powder,1,2999,2026-01-05
Katrine.Satterfield@gmail.com,Shaker Bottle,1,399,2026-05-14
Katrine.Satterfield@gmail.com,Yoga Mat Premium,1,1499,2026-05-08
Katrine.Satterfield@gmail.com,Whey Protein Powder,2,2999,2026-04-27
Katrine.Satterfield@gmail.com,Omega-3 Fish Oil,2,999,2026-02-10
Katrine.Satterfield@gmail.com,Whey Protein Powder,2,2999,2025-11-28
Katrine.Satterfield@gmail.com,Omega-3 Fish Oil,2,999,2026-04-11
Katrine.Satterfield@gmail.com,Pre-Workout Formula,3,2499,2026-05-21
Katrine.Satterfield@gmail.com,Resistance Bands Set,2,799,2026-02-05
Katrine.Satterfield@gmail.com,Yoga Mat Premium,2,1499,2026-02-27
Katrine.Satterfield@gmail.com,Whey Protein Powder,3,2999,2026-03-22
Kristine26@gmail.com,Yoga Mat Premium,2,1499,2025-11-29
Kristine26@gmail.com,Pre-Workout Formula,1,2499,2025-10-15
Kristine26@gmail.com,Pre-Workout Formula,1,2499,2025-09-28
Kristine26@gmail.com,Creatine Monohydrate,1,1499,2025-12-19
Kristine26@gmail.com,Yoga Mat Premium,3,1499,2026-02-10
Kristine26@gmail.com,Yoga Mat Premium,1,1499,2026-01-31
Samuel_Rippin49@yahoo.com,Whey Protein Powder,2,2999,2026-07-23
Samuel_Rippin49@yahoo.com,Whey Protein Powder,2,2999,2026-06-24
Samuel_Rippin49@yahoo.com,Whey Protein Powder,1,2999,2026-05-26
Samuel_Rippin49@yahoo.com,Whey Protein Powder,1,2999,2026-04-24
Samuel_Rippin49@yahoo.com,Whey Protein Powder,2,2999,2026-03-27
Samuel_Rippin49@yahoo.com,Whey Protein Powder,2,2999,2026-02-26
Samuel_Rippin49@yahoo.com,Resistance Bands Set,3,799,2026-03-04
Samuel_Rippin49@yahoo.com,Shaker Bottle,2,399,2026-06-16
Samuel_Rippin49@yahoo.com,Creatine Monohydrate,3,1499,2026-06-28
Samuel_Rippin49@yahoo.com,Yoga Mat Premium,2,1499,2026-08-22
Samuel_Rippin49@yahoo.com,Shaker Bottle,2,399,2026-02-27
Samuel_Rippin49@yahoo.com,Resistance Bands Set,2,799,2026-07-08
Samuel_Rippin49@yahoo.com,Creatine Monohydrate,2,1499,2026-05-19
Samuel_Rippin49@yahoo.com,Yoga Mat Premium,1,1499,2026-06-28
Samuel_Rippin49@yahoo.com,Omega-3 Fish Oil,1,999,2026-08-14
Samuel_Rippin49@yahoo.com,Resistance Bands Set,3,799,2026-06-13
Samuel_Rippin49@yahoo.com,Yoga Mat Premium,1,1499,2026-04-18
Samuel_Rippin49@yahoo.com,Pre-Workout Formula,3,2499,2026-07-11
Catalina.Gislason@yahoo.com,Creatine Monohydrate,3,1499,2025-10-02
Martin1@gmail.com,Yoga Mat Premium,2,1499,2025-11-19
Martin1@gmail.com,Omega-3 Fish Oil,2,999,2025-01-02
Martin1@gmail.com,Resistance Bands Set,3,799,2024-12-18
Martin1@gmail.com,Whey Protein Powder,1,2999,2025-11-22
Martin1@gmail.com,Pre-Workout Formula,3,2499,2025-03-11
Martin1@gmail.com,Resistance Bands Set,3,799,2025-07-23
Martin1@gmail.com,Creatine Monohydrate,1,1499,2026-03-01
Martin1@gmail.com,Omega-3 Fish Oil,3,999,2025-11-30
Martin1@gmail.com,Creatine Monohydrate,3,1499,2025-07-26
Martin1@gmail.com,Pre-Workout Formula,1,2499,2026-06-12
Martin1@gmail.com,Whey Protein Powder,1,2999,2025-08-04
Martin1@gmail.com,Yoga Mat Premium,1,1499,2025-06-28
Martin1@gmail.com,Pre-Workout Formula,2,2499,2025-11-11
Martin1@gmail.com,Yoga Mat Premium,2,1499,2025-08-06
Martin1@gmail.com,Creatine Monohydrate,1,1499,2025-02-11
Martin1@gmail.com,Whey Protein Powder,1,2999,2025-08-11
Martin1@gmail.com,Shaker Bottle,2,399,2025-12-21
Martin1@gmail.com,Yoga Mat Premium,1,1499,2025-12-31
Martin1@gmail.com,Whey Protein Powder,1,2999,2025-11-01
Aidan.Jerde@yahoo.com,Omega-3 Fish Oil,1,999,2026-07-26
Aidan.Jerde@yahoo.com,Omega-3 Fish Oil,1,999,2026-05-26
Aidan.Jerde@yahoo.com,Omega-3 Fish Oil,1,999,2026-03-28
Aidan.Jerde@yahoo.com,Omega-3 Fish Oil,1,999,2026-01-29
Aidan.Jerde@yahoo.com,Omega-3 Fish Oil,1,999,2025-11-29
Aidan.Jerde@yahoo.com,Omega-3 Fish Oil,1,999,2025-09-25
Aidan.Jerde@yahoo.com,Omega-3 Fish Oil,2,999,2025-08-02
Aidan.Jerde@yahoo.com,Resistance Bands Set,2,799,2026-07-14
Aidan.Jerde@yahoo.com,Shaker Bottle,3,399,2026-07-30
Aidan.Jerde@yahoo.com,Creatine Monohydrate,3,1499,2026-07-08
Aidan.Jerde@yahoo.com,Pre-Workout Formula,2,2499,2026-08-11
Aidan.Jerde@yahoo.com,Resistance Bands Set,3,799,2026-07-24
Aidan.Jerde@yahoo.com,Yoga Mat Premium,3,1499,2026-06-26
Aidan.Jerde@yahoo.com,Creatine Monohydrate,3,1499,2026-07-21
Aidan.Jerde@yahoo.com,Shaker Bottle,1,399,2026-08-11
Brennan_Purdy52@yahoo.com,Shaker Bottle,3,399,2024-12-29
Brennan_Purdy52@yahoo.com,Resistance Bands Set,3,799,2025-01-17
Rosamond44@gmail.com,Omega-3 Fish Oil,2,999,2026-02-01
Rosamond44@gmail.com,Pre-Workout Formula,1,2499,2026-01-25
Rosamond44@gmail.com,Whey Protein Powder,3,2999,2025-11-15
Rosamond44@gmail.com,Whey Protein Powder,2,2999,2026-06-11
Rosamond44@gmail.com,Resistance Bands Set,2,799,2026-06-13
Rosamond44@gmail.com,Shaker Bottle,2,399,2025-10-29
Rosamond44@gmail.com,Yoga Mat Premium,3,1499,2026-08-07
Rosamond44@gmail.com,Pre-Workout Formula,1,2499,2026-03-15
Rosamond44@gmail.com,Creatine Monohydrate,1,1499,2025-11-13
Rosie.Stracke44@hotmail.com,Whey Protein Powder,2,2999,2025-11-01
Rosie.Stracke44@hotmail.com,Omega-3 Fish Oil,1,999,2026-06-24
Rosie.Stracke44@hotmail.com,Omega-3 Fish Oil,2,999,2026-02-28
Rosie.Stracke44@hotmail.com,Creatine Monohydrate,2,1499,2026-07-19
Rosie.Stracke44@hotmail.com,Pre-Workout Formula,3,2499,2026-02-01
Rosie.Stracke44@hotmail.com,Resistance Bands Set,2,799,2026-01-23
Rosie.Stracke44@hotmail.com,Creatine Monohydrate,3,1499,2025-11-05
Rosie.Stracke44@hotmail.com,Omega-3 Fish Oil,2,999,2026-02-20
Rosie.Stracke44@hotmail.com,Shaker Bottle,2,399,2025-11-17
Rosie.Stracke44@hotmail.com,Creatine Monohydrate,3,1499,2026-04-03
Rosie.Stracke44@hotmail.com,Shaker Bottle,2,399,2026-01-10
Rosie.Stracke44@hotmail.com,Whey Protein Powder,3,2999,2026-07-07
Rosie.Stracke44@hotmail.com,Resistance Bands Set,3,799,2026-08-01
Rosie.Stracke44@hotmail.com,Pre-Workout Formula,2,2499,2026-05-11
Rosie.Stracke44@hotmail.com,Omega-3 Fish Oil,3,999,2026-07-27
Rosie.Stracke44@hotmail.com,Creatine Monohydrate,2,1499,2026-03-07
Rosie.Stracke44@hotmail.com,Shaker Bottle,3,399,2026-05-07
Rosie.Stracke44@hotmail.com,Pre-Workout Formula,3,2499,2026-02-26
Rosie.Stracke44@hotmail.com,Omega-3 Fish Oil,1,999,2026-07-23
Rosie.Stracke44@hotmail.com,Omega-3 Fish Oil,3,999,2025-11-11
Rosie.Stracke44@hotmail.com,Yoga Mat Premium,1,1499,2026-07-05
Rosie.Stracke44@hotmail.com,Shaker Bottle,2,399,2025-12-25
Rosie.Stracke44@hotmail.com,Pre-Workout Formula,1,2499,2025-11-14
Rosie.Stracke44@hotmail.com,Omega-3 Fish Oil,3,999,2026-07-02
Rosie.Stracke44@hotmail.com,Resistance Bands Set,2,799,2026-04-12
Rosie.Stracke44@hotmail.com,Shaker Bottle,3,399,2026-01-18
Rosie.Stracke44@hotmail.com,Yoga Mat Premium,1,1499,2026-07-19
Rosie.Stracke44@hotmail.com,Omega-3 Fish Oil,1,999,2026-01-11
Rosie.Stracke44@hotmail.com,Creatine Monohydrate,2,1499,2026-05-08
Rosie.Stracke44@hotmail.com,Whey Protein Powder,1,2999,2026-02-09
Rosie.Stracke44@hotmail.com,Yoga Mat Premium,3,1499,2026-01-23
Rosie.Stracke44@hotmail.com,Resistance Bands Set,3,799,2026-06-01
Rosie.Stracke44@hotmail.com,Creatine Monohydrate,1,1499,2026-07-26
Anderson.Mraz@hotmail.com,Omega-3 Fish Oil,2,999,2026-07-24
Anderson.Mraz@hotmail.com,Omega-3 Fish Oil,2,999,2026-05-28
Anderson.Mraz@hotmail.com,Omega-3 Fish Oil,2,999,2026-03-25
Anderson.Mraz@hotmail.com,Omega-3 Fish Oil,2,999,2026-01-28
Anderson.Mraz@hotmail.com,Pre-Workout Formula,1,2499,2026-01-27
Anderson.Mraz@hotmail.com,Resistance Bands Set,1,799,2026-04-07
Anderson.Mraz@hotmail.com,Pre-Workout Formula,3,2499,2025-08-05
Anderson.Mraz@hotmail.com,Creatine Monohydrate,3,1499,2026-07-01
Anderson.Mraz@hotmail.com,Creatine Monohydrate,3,1499,2025-12-15
Anderson.Mraz@hotmail.com,Yoga Mat Premium,1,1499,2026-06-15
Anderson.Mraz@hotmail.com,Resistance Bands Set,1,799,2026-03-20
Anderson.Mraz@hotmail.com,Shaker Bottle,1,399,2025-08-05
Darian85@gmail.com,Shaker Bottle,3,399,2025-11-13
Darian85@gmail.com,Resistance Bands Set,3,799,2026-01-20
Darian85@gmail.com,Yoga Mat Premium,1,1499,2026-02-24
Darian85@gmail.com,Shaker Bottle,3,399,2026-01-20
Nayeli82@gmail.com,Whey Protein Powder,3,2999,2025-10-23
Nayeli82@gmail.com,Shaker Bottle,1,399,2026-06-08
Nayeli82@gmail.com,Yoga Mat Premium,2,1499,2025-09-11
Nayeli82@gmail.com,Pre-Workout Formula,1,2499,2026-04-14
Nayeli82@gmail.com,Whey Protein Powder,2,2999,2025-03-26
Nayeli82@gmail.com,Yoga Mat Premium,2,1499,2025-03-26
Nayeli82@gmail.com,Shaker Bottle,1,399,2024-10-07
Nayeli82@gmail.com,Yoga Mat Premium,1,1499,2025-02-06
Nayeli82@gmail.com,Resistance Bands Set,1,799,2026-07-21
Nayeli82@gmail.com,Shaker Bottle,2,399,2025-03-22
Nayeli82@gmail.com,Creatine Monohydrate,2,1499,2024-11-09
Nayeli82@gmail.com,Resistance Bands Set,1,799,2025-11-09
Nayeli82@gmail.com,Pre-Workout Formula,1,2499,2025-11-07
Nayeli82@gmail.com,Yoga Mat Premium,1,1499,2025-10-23
Nayeli82@gmail.com,Resistance Bands Set,3,799,2025-04-29
Nayeli82@gmail.com,Creatine Monohydrate,3,1499,2025-01-13
Nayeli82@gmail.com,Whey Protein Powder,2,2999,2026-02-20
Nayeli82@gmail.com,Resistance Bands Set,3,799,2025-05-06
Nayeli82@gmail.com,Shaker Bottle,2,399,2025-08-21
Nayeli82@gmail.com,Whey Protein Powder,2,2999,2026-05-26
Nayeli82@gmail.com,Omega-3 Fish Oil,3,999,2025-11-02
Nayeli82@gmail.com,Shaker Bottle,3,399,2025-11-14
Nayeli82@gmail.com,Omega-3 Fish Oil,1,999,2024-10-13
Nayeli82@gmail.com,Creatine Monohydrate,1,1499,2024-11-18
Nayeli82@gmail.com,Resistance Bands Set,1,799,2024-10-20
Nayeli82@gmail.com,Omega-3 Fish Oil,1,999,2025-03-27
Nayeli82@gmail.com,Whey Protein Powder,3,2999,2025-09-27
Nayeli82@gmail.com,Resistance Bands Set,1,799,2025-01-03
Amina_Carter@yahoo.com,Omega-3 Fish Oil,3,999,2026-07-21
Amina_Carter@yahoo.com,Yoga Mat Premium,3,1499,2026-07-19
Amina_Carter@yahoo.com,Resistance Bands Set,3,799,2026-07-19
Amina_Carter@yahoo.com,Whey Protein Powder,2,2999,2026-07-20
Amina_Carter@yahoo.com,Shaker Bottle,1,399,2026-07-21
Amina_Carter@yahoo.com,Resistance Bands Set,1,799,2026-07-20
Amina_Carter@yahoo.com,Omega-3 Fish Oil,1,999,2026-07-19
Amina_Carter@yahoo.com,Pre-Workout Formula,1,2499,2026-07-19
Lilla.Lindgren@hotmail.com,Omega-3 Fish Oil,1,999,2026-05-27
Lilla.Lindgren@hotmail.com,Resistance Bands Set,3,799,2025-07-25
Lilla.Lindgren@hotmail.com,Creatine Monohydrate,2,1499,2025-10-31
Lilla.Lindgren@hotmail.com,Whey Protein Powder,1,2999,2025-12-25
Lilla.Lindgren@hotmail.com,Yoga Mat Premium,3,1499,2025-11-14
Lilla.Lindgren@hotmail.com,Resistance Bands Set,2,799,2025-07-09
Lilla.Lindgren@hotmail.com,Creatine Monohydrate,3,1499,2025-12-17
Lilla.Lindgren@hotmail.com,Whey Protein Powder,1,2999,2025-10-25
Lilla.Lindgren@hotmail.com,Creatine Monohydrate,2,1499,2026-07-14
Lilla.Lindgren@hotmail.com,Shaker Bottle,3,399,2026-05-22
Lilla.Lindgren@hotmail.com,Resistance Bands Set,1,799,2025-08-28
Lilla.Lindgren@hotmail.com,Shaker Bottle,3,399,2026-07-13
Lilla.Lindgren@hotmail.com,Shaker Bottle,3,399,2026-01-20
Lilla.Lindgren@hotmail.com,Pre-Workout Formula,1,2499,2025-12-13
Lilla.Lindgren@hotmail.com,Pre-Workout Formula,1,2499,2025-08-25
Lilla.Lindgren@hotmail.com,Yoga Mat Premium,3,1499,2026-06-16
Lilla.Lindgren@hotmail.com,Creatine Monohydrate,3,1499,2026-04-26
Lilla.Lindgren@hotmail.com,Pre-Workout Formula,3,2499,2025-07-27
Lilla.Lindgren@hotmail.com,Resistance Bands Set,2,799,2026-02-21
Lilla.Lindgren@hotmail.com,Yoga Mat Premium,2,1499,2026-06-08
Lilla.Lindgren@hotmail.com,Yoga Mat Premium,1,1499,2025-10-02
Lilla.Lindgren@hotmail.com,Resistance Bands Set,3,799,2026-06-01
Lilla.Lindgren@hotmail.com,Shaker Bottle,1,399,2026-05-22
Lilla.Lindgren@hotmail.com,Creatine Monohydrate,1,1499,2026-04-06
Lilla.Lindgren@hotmail.com,Yoga Mat Premium,1,1499,2025-09-07
Lilla.Lindgren@hotmail.com,Whey Protein Powder,2,2999,2025-06-06
Lilla.Lindgren@hotmail.com,Omega-3 Fish Oil,3,999,2025-07-03
Garland_Schulist@yahoo.com,Shaker Bottle,1,399,2026-03-25
Garland_Schulist@yahoo.com,Resistance Bands Set,3,799,2025-11-01
Garland_Schulist@yahoo.com,Whey Protein Powder,1,2999,2025-07-10
Garland_Schulist@yahoo.com,Omega-3 Fish Oil,3,999,2025-10-29
Garland_Schulist@yahoo.com,Omega-3 Fish Oil,3,999,2026-05-10
Garland_Schulist@yahoo.com,Omega-3 Fish Oil,2,999,2025-12-08
Garland_Schulist@yahoo.com,Whey Protein Powder,1,2999,2025-09-06
Garland_Schulist@yahoo.com,Pre-Workout Formula,1,2499,2025-12-30
Garland_Schulist@yahoo.com,Shaker Bottle,3,399,2025-06-06
Garland_Schulist@yahoo.com,Omega-3 Fish Oil,2,999,2026-03-15
Garland_Schulist@yahoo.com,Resistance Bands Set,2,799,2025-11-17
Garland_Schulist@yahoo.com,Pre-Workout Formula,1,2499,2026-01-19
Garland_Schulist@yahoo.com,Whey Protein Powder,1,2999,2026-02-26
Garland_Schulist@yahoo.com,Resistance Bands Set,1,799,2025-12-03
Garland_Schulist@yahoo.com,Yoga Mat Premium,2,1499,2025-12-13
Garland_Schulist@yahoo.com,Pre-Workout Formula,3,2499,2025-09-05
Garland_Schulist@yahoo.com,Yoga Mat Premium,2,1499,2026-05-11
Garland_Schulist@yahoo.com,Resistance Bands Set,1,799,2025-07-28
Garland_Schulist@yahoo.com,Shaker Bottle,3,399,2026-04-19
Garland_Schulist@yahoo.com,Yoga Mat Premium,1,1499,2025-07-16
Garland_Schulist@yahoo.com,Shaker Bottle,1,399,2026-01-28
Garland_Schulist@yahoo.com,Resistance Bands Set,2,799,2026-04-03